order,partner_id,operator,region,contact_method,contact_destination,personalized_opening,source_url
"1","BM-CHARTER-SPRINT-001-01","삼천포 여의도호","경남 사천","PHONE","010-9811-1006","2026 시즌 주꾸미·문어 병행 출조 안내와 대방동 선착장 정보를 보고 연락드렸습니다. 업체가 확인한 상품 정보만 Blue Marina 파일럿에 등록하는 방안을 여쭙고 싶습니다.","https://yud3004.cafe24.com/"
"2","BM-CHARTER-SPRINT-001-02","보이스피싱호","경북 포항","PHONE","010-5766-0007","강사1리 방파제 출항과 무늬오징어 팁런 상품을 공식 예약 페이지에서 확인했습니다. 업체 승인 후 상품 정보를 Blue Marina 파일럿에 소개해도 될지 여쭙고 싶습니다.","https://www.sunrise1.co.kr/bf/home"
"3","BM-CHARTER-SPRINT-001-03","인천 엔젤호","인천","PHONE","010-6653-7447","인천 남항 엔젤호의 9월 주꾸미 조황과 예약 문의 안내를 확인했습니다. 공개 상품 정보를 업체 승인 아래 Blue Marina 파일럿에 연결해도 될지 여쭙고 싶습니다.","https://angel.sunsang24.com/ship/board"
"4","BM-CHARTER-SPRINT-001-04","인천 365낚시","인천","PHONE","010-6686-1919","광명항 출조와 9월 주꾸미·갑오징어 안내를 확인했습니다. 실제 운영 중인 상품만 업체 검토를 거쳐 Blue Marina에 연결하는 파일럿을 제안드리고 싶습니다.","https://365.sunsang24.com/ship/board/back"
"5","BM-CHARTER-SPRINT-001-05","홍원항 한스타호","충남 서천","PHONE","010-5851-0216","홍원항 한스타호의 9월 주꾸미·갑오징어 출조 게시물을 확인했습니다. 업체가 승인한 상품과 문의 경로만 파일럿에 등록할 수 있을지 여쭙고 싶습니다.","https://hanstar.sunsang24.com/ship/board"
"6","BM-CHARTER-SPRINT-001-06","삼천포 뉴펄스호","경남 사천","PHONE","010-5811-6935","팔포항 뉴펄스호의 9월 주꾸미·문어 출조 소식을 확인했습니다. 업체가 확인한 정보로 Blue Marina 파일럿 등록을 검토해 주실 수 있을까요?","https://newpulse.sunsang24.com/ship/board"
"7","BM-CHARTER-SPRINT-001-07","제주갈치TV","제주 제주시","PHONE","010-6525-7074","제주갈치TV의 9월 갈치 출조 게시물을 확인했습니다. 기존 예약 경로를 유지하면서 업체 승인 정보만 소개하는 파일럿 참여를 여쭙고 싶습니다.","https://jejutv.sunsang24.com/ship/board"
"8","BM-CHARTER-SPRINT-001-08","놀빛바다호","제주 제주시","PHONE","010-3698-7770","","https://www.noulbit.com/"
"9","BM-CHARTER-SPRINT-001-09","인천 명낚시","인천","PHONE","010-5234-9476","","https://mfish.sunsang24.com/ship/board"
"10","BM-CHARTER-SPRINT-001-10","남당항 은가비호","충남 홍성","PHONE","010-2495-2060","","https://eungabi.sunsang24.com/"
"11","BM-CHARTER-SPRINT-001-11","안면도 황금백호","충남 태안","PHONE","010-5761-9080","","https://golden.sunsang24.com/ship/board"
"12","BM-CHARTER-SPRINT-001-12","군산 엄지척호","전북 군산","PHONE","010-4000-4493","","https://thumb.sunsang24.com/ship/board"
"13","BM-CHARTER-SPRINT-001-13","군산 팀루비나2호","전북 군산","PHONE","010-5644-0681","","https://lubina.sunsang24.com/ship/board"
"14","BM-CHARTER-SPRINT-001-14","통영 뉴아시아피싱","경남 통영","PHONE","010-3823-5566","","https://asia.sunsang24.com/ship/board"
"15","BM-CHARTER-SPRINT-001-15","송이호 배낚시","강원 양양","PHONE","010-5367-2477","","https://songyifishing.com/"
"16","BM-CHARTER-SPRINT-001-16","제주 에이스호","제주 제주시","PHONE","010-3548-3472","","https://aceho.co.kr/"
"17","BM-CHARTER-SPRINT-001-17","인천 팀에프호","인천","PHONE","010-5102-9938","","https://teamf.sunsang24.com/ship/board"
"18","BM-CHARTER-SPRINT-001-18","삼천포 박프로(흑진호)","경남 사천","PHONE","010-4948-2612","","https://3004parkpro.sunsang24.com/ship/schedule_fleet"
"19","BM-CHARTER-SPRINT-001-19","삼천포 한사리피싱","경남 사천","PHONE","010-9341-8119","","https://hansari.sunsang24.com/ship/board"
"20","BM-CHARTER-SPRINT-001-20","제주 갈치호","제주 제주시","PHONE","010-8417-8255","","https://galchiho.sunsang24.com/ship/board"
