partner_id,operator_name,region,source_url,phone,email,contacted_at,contact_method,response_status,submission_status,review_status,notes,priority,recommended_submission_method,public_info_reuse_approved
"BM-CHARTER-SPRINT-001-01","삼천포 여의도호","경남 사천","https://yud3004.cafe24.com/","010-9811-1006","","","PHONE","NOT_CONTACTED","NONE","NONE","자체 사이트의 게시일·일정 최신성 통화 확인","A_PRIORITY","DIRECT_ONBOARDING","PENDING"
"BM-CHARTER-SPRINT-001-02","보이스피싱호","경북 포항","https://www.sunrise1.co.kr/bf/home","010-5766-0007","","","PHONE","NOT_CONTACTED","NONE","NONE","예약 페이지의 실제 현재 일정 통화 확인","A_PRIORITY","PUBLIC_INFO_WITH_PERMISSION","PENDING"
"BM-CHARTER-SPRINT-001-03","인천 엔젤호","인천","https://angel.sunsang24.com/ship/board","010-6653-7447","","","PHONE","NOT_CONTACTED","NONE","NONE","공유 조황 피드에 타 선박 게시물 혼재; 게시물/번호 재확인","A_PRIORITY","PUBLIC_INFO_WITH_PERMISSION","PENDING"
"BM-CHARTER-SPRINT-001-04","인천 365낚시","인천","https://365.sunsang24.com/ship/board/back","010-6686-1919","","","PHONE","NOT_CONTACTED","NONE","NONE","업체명과 선박명 별도 확인; 플랫폼 이용 약관","A_PRIORITY","PUBLIC_INFO_WITH_PERMISSION","PENDING"
"BM-CHARTER-SPRINT-001-05","홍원항 한스타호","충남 서천","https://hanstar.sunsang24.com/ship/board","010-5851-0216","","","PHONE","NOT_CONTACTED","NONE","NONE","예약 플랫폼 종속; 재사용 승인 필요","A_PRIORITY","PUBLIC_INFO_WITH_PERMISSION","PENDING"
"BM-CHARTER-SPRINT-001-06","삼천포 뉴펄스호","경남 사천","https://newpulse.sunsang24.com/ship/board","010-5811-6935","","","PHONE","NOT_CONTACTED","NONE","NONE","게시물 최신 일정과 재사용 승인 확인","A_PRIORITY","PUBLIC_INFO_WITH_PERMISSION","PENDING"
"BM-CHARTER-SPRINT-001-07","제주갈치TV","제주 제주시","https://jejutv.sunsang24.com/ship/board","010-6525-7074","","","PHONE","NOT_CONTACTED","NONE","NONE","정확한 선박·출항항 통화 확인; 재사용 승인 필요","A_PRIORITY","PUBLIC_INFO_WITH_PERMISSION","PENDING"
"BM-CHARTER-SPRINT-001-08","놀빛바다호","제주 제주시","https://www.noulbit.com/","010-3698-7770","","","PHONE","NOT_CONTACTED","NONE","NONE","출항항과 현재 일정·가격 재확인","B_PRIORITY","DIRECT_ONBOARDING","PENDING"
"BM-CHARTER-SPRINT-001-09","인천 명낚시","인천","https://mfish.sunsang24.com/ship/board","010-5234-9476","","","PHONE","NOT_CONTACTED","NONE","NONE","명낚시/순영호 운영 주체 일치 확인","B_PRIORITY","PUBLIC_INFO_WITH_PERMISSION","PENDING"
"BM-CHARTER-SPRINT-001-10","남당항 은가비호","충남 홍성","https://eungabi.sunsang24.com/","010-2495-2060","","","PHONE","NOT_CONTACTED","NONE","NONE","사이트 재사용 제한 문구; 승인 필수","B_PRIORITY","PUBLIC_INFO_WITH_PERMISSION","PENDING"
"BM-CHARTER-SPRINT-001-11","안면도 황금백호","충남 태안","https://golden.sunsang24.com/ship/board","010-5761-9080","","","PHONE","NOT_CONTACTED","NONE","NONE","가족 연락처와 공식 예약번호 혼동 금지","B_PRIORITY","PUBLIC_INFO_WITH_PERMISSION","PENDING"
"BM-CHARTER-SPRINT-001-12","군산 엄지척호","전북 군산","https://thumb.sunsang24.com/ship/board","010-4000-4493","","","PHONE","NOT_CONTACTED","NONE","NONE","업체 재사용 동의 미확보","B_PRIORITY","PUBLIC_INFO_WITH_PERMISSION","PENDING"
"BM-CHARTER-SPRINT-001-13","군산 팀루비나2호","전북 군산","https://lubina.sunsang24.com/ship/board","010-5644-0681","","","PHONE","NOT_CONTACTED","NONE","NONE","선단 내 선박별 번호 확인","B_PRIORITY","PUBLIC_INFO_WITH_PERMISSION","PENDING"
"BM-CHARTER-SPRINT-001-14","통영 뉴아시아피싱","경남 통영","https://asia.sunsang24.com/ship/board","010-3823-5566","","","PHONE","NOT_CONTACTED","NONE","NONE","정확한 선박명과 현재 일정 확인","B_PRIORITY","PUBLIC_INFO_WITH_PERMISSION","PENDING"
"BM-CHARTER-SPRINT-001-15","송이호 배낚시","강원 양양","https://songyifishing.com/","010-5367-2477","","","PHONE","NOT_CONTACTED","NONE","NONE","2026-09-27 사이트 재접속 실패; 연락 전 번호·영업 상태 재확인","C_PRIORITY","DIRECT_ONBOARDING","PENDING"
"BM-CHARTER-SPRINT-001-16","제주 에이스호","제주 제주시","https://aceho.co.kr/","010-3548-3472","","","PHONE","NOT_CONTACTED","NONE","NONE","2026-09-27 사이트 재접속 실패; 연락 전 번호·영업 상태 재확인","C_PRIORITY","DIRECT_ONBOARDING","PENDING"
"BM-CHARTER-SPRINT-001-17","인천 팀에프호","인천","https://teamf.sunsang24.com/ship/board","010-5102-9938","","","PHONE","NOT_CONTACTED","NONE","NONE","공유 플랫폼 운영 주체 확인","C_PRIORITY","PUBLIC_INFO_WITH_PERMISSION","PENDING"
"BM-CHARTER-SPRINT-001-18","삼천포 박프로(흑진호)","경남 사천","https://3004parkpro.sunsang24.com/ship/schedule_fleet","010-4948-2612","","","PHONE","NOT_CONTACTED","NONE","NONE","박프로와 흑진호 동일 운영 주체 여부 확인","C_PRIORITY","PUBLIC_INFO_WITH_PERMISSION","PENDING"
"BM-CHARTER-SPRINT-001-19","삼천포 한사리피싱","경남 사천","https://hansari.sunsang24.com/ship/board","010-9341-8119","","","PHONE","NOT_CONTACTED","NONE","NONE","2026년 8월 이후 최신 활동 미확인; 재사용 승인 필요","C_PRIORITY","PUBLIC_INFO_WITH_PERMISSION","PENDING"
"BM-CHARTER-SPRINT-001-20","제주 갈치호","제주 제주시","https://galchiho.sunsang24.com/ship/board","010-8417-8255","","","PHONE","NOT_CONTACTED","NONE","NONE","현재 예약/재사용 승인 확인","C_PRIORITY","PUBLIC_INFO_WITH_PERMISSION","PENDING"
