normalizedAddress,originalAddress,centerIds,centerNames,centerTypes,region,city,officialUrls,sourceUrls,needsManualReview,reviewReason
강원도 동해시 임항로 29 동해해양경찰서,강원도 동해시 임항로 29 동해해양경찰서,gangwon-donghae-pc-written-test,강원(동해)PC,written-test,강원,동해시,http://dmaps.kr/3o8wx,https://boat.kcg.go.kr/home/custCnter/ntcInfo/infoView4.do,false,AUTO_GEOCODING_CANDIDATE
강원도 삼척시 근덕면 덕산해변길 104,강원도 삼척시 근덕면 덕산해변길 104,gangwon-yacht-samcheok-practical-test|gangwon-yacht-samcheok-safety-education|gangwon-samcheok-exemption-education,강원요트(삼척)|강원(삼척),practical-test|safety-education|exemption-education,강원,삼척시,http://dmaps.kr/3p5qm,https://boat.kcg.go.kr/home/custCnter/ntcInfo/infoView4.do|https://boat.kcg.go.kr/home/wtrcSafeEdu/safeEduGdnc/infoView4.do,false,AUTO_GEOCODING_CANDIDATE
강원도 속초시 동명항길 35 속초해양경찰서,강원도 속초시 동명항길 35 속초해양경찰서,gangwon-sokcho-pc-written-test,강원(속초)PC,written-test,강원,속초시,http://kko.to/y8UzwSz0M,https://boat.kcg.go.kr/home/custCnter/ntcInfo/infoView4.do,false,AUTO_GEOCODING_CANDIDATE
강원도 춘천시 고산배터길 27-6,강원도 춘천시 고산배터길 27-6,gangwon-chuncheon-practical-test|gangwon-chuncheon-safety-education,강원(춘천),practical-test|safety-education,강원,춘천시,http://dmaps.kr/3p5qs,https://boat.kcg.go.kr/home/custCnter/ntcInfo/infoView4.do|https://boat.kcg.go.kr/home/wtrcSafeEdu/safeEduGdnc/infoView4.do,false,AUTO_GEOCODING_CANDIDATE
경기도 가평군 청평면 호반로 162,경기도 가평군 청평면 호반로 162,gyeonggi-gapyeong-safety-education,경기(가평),safety-education,경기,가평군,,https://boat.kcg.go.kr/home/wtrcSafeEdu/safeEduGdnc/infoView4.do,false,OFFICIAL_URL_MISSING_1_ITEMS
경기도 가평군 호반로 162,경기도 가평군 호반로 162,gyeonggi-gapyeong-special-written-test|gyeonggi-gapyeong-practical-test,경기(가평),written-test|practical-test,경기,가평군,http://dmaps.kr/3o96n,https://boat.kcg.go.kr/home/custCnter/ntcInfo/infoView4.do,false,AUTO_GEOCODING_CANDIDATE
경기도 김포시 고촌읍 아라육로 270번길 73,경기도 김포시 고촌읍 아라육로 270번길 73,gyeonggi-yacht-gimpo-exemption-education,경기요트(김포),exemption-education,경기,김포시,http://dmaps.kr/3o972,https://boat.kcg.go.kr/home/custCnter/ntcInfo/infoView4.do,false,AUTO_GEOCODING_CANDIDATE
경기도 김포시 고촌읍 아라육로270번길 74,경기도 김포시 고촌읍 아라육로270번길 74,gyeonggi-gimpo-pc-written-test,경기(김포)PC,written-test,경기,김포시,http://kko.to/UArS00v-r,https://boat.kcg.go.kr/home/custCnter/ntcInfo/infoView4.do,false,AUTO_GEOCODING_CANDIDATE
경기도 시흥시 거북섬5길 16,경기도 시흥시 거북섬5길 16,gyeonggi-siheung-practical-test|exemption-education-94,경기(시흥)|경기(시흥) / 경기요트(시흥),practical-test|exemption-education,경기,시흥시,http://kko.to/EGBhAKfjB,https://boat.kcg.go.kr/home/custCnter/ntcInfo/infoView4.do,false,OFFICIAL_URL_MISSING_1_ITEMS
경기도 시흥시 거북섬5길 16 거북섬프라자 201호,경기도 시흥시 거북섬5길 16 거북섬프라자 201호,gyeonggi-siheung-safety-education,경기(시흥),safety-education,경기,시흥시,,https://boat.kcg.go.kr/home/wtrcSafeEdu/safeEduGdnc/infoView4.do,false,OFFICIAL_URL_MISSING_1_ITEMS
경기도 안산시 단원구 대부황금로 1569 안산파출소,경기도 안산시 단원구 대부황금로 1569 안산파출소,gyeonggi-ansan-pc-written-test,경기(안산)PC,written-test,경기,안산시,http://kko.to/loYd0L80H,https://boat.kcg.go.kr/home/custCnter/ntcInfo/infoView4.do,false,AUTO_GEOCODING_CANDIDATE
경기도 안산시 단원구 선감동 대부황금로 7,경기도 안산시 단원구 선감동 대부황금로 7,exemption-education-95,경기(안산) / 경기요트(안산),exemption-education,경기,안산시,,https://boat.kcg.go.kr/home/custCnter/ntcInfo/infoView4.do,false,OFFICIAL_URL_MISSING_1_ITEMS
경기도 여주시 강변북로 163,경기도 여주시 강변북로 163,gyeonggi-yeoju-special-written-test|gyeonggi-yeoju-practical-test|gyeonggi-yeoju-safety-education,경기(여주),written-test|practical-test|safety-education,경기,여주시,http://dmaps.kr/7w7na,https://boat.kcg.go.kr/home/custCnter/ntcInfo/infoView4.do|https://boat.kcg.go.kr/home/wtrcSafeEdu/safeEduGdnc/infoView4.do,false,AUTO_GEOCODING_CANDIDATE
경기도 평택시 포승읍 서동대로437-27 평택해양경찰서,경기도 평택시 포승읍 서동대로437-27 평택해양경찰서,gyeonggi-pyeongtaek-pc-written-test,경기(평택)PC,written-test,경기,평택시,http://dmaps.kr/59e85,https://boat.kcg.go.kr/home/custCnter/ntcInfo/infoView4.do,false,AUTO_GEOCODING_CANDIDATE
"경기도 화성시 서신면 전곡항로 14번길, 1-26","경기도 화성시 서신면 전곡항로 14번길, 1-26",gyeonggi-yacht-hwaseong-exemption-education,경기요트(화성),exemption-education,경기,화성시,http://dmaps.kr/3oa59,https://boat.kcg.go.kr/home/custCnter/ntcInfo/infoView4.do,false,AUTO_GEOCODING_CANDIDATE
경남 창원시 진해구 천자로 160,경남 창원시 진해구 천자로 160,gyeongnam-changwon-safety-education,경남(창원),safety-education,경남,창원시,,https://boat.kcg.go.kr/home/wtrcSafeEdu/safeEduGdnc/infoView4.do,false,OFFICIAL_URL_MISSING_1_ITEMS
경상남도 거제시 남부면 남부해안로 1035,경상남도 거제시 남부면 남부해안로 1035,gyeongnam-yacht-geoje-practical-test|gyeongnam-yacht-geoje-safety-education|exemption-education-98,경남요트(거제)|경남(거제남부) / 경남요트(거제),practical-test|safety-education|exemption-education,경남,거제시,http://kko.to/8EVT8jc0T,https://boat.kcg.go.kr/home/custCnter/ntcInfo/infoView4.do|https://boat.kcg.go.kr/home/wtrcSafeEdu/safeEduGdnc/infoView4.do,false,OFFICIAL_URL_MISSING_1_ITEMS
경상남도 거제시 일운면 지세포해안로 43,경상남도 거제시 일운면 지세포해안로 43,gyeongnam-geoje-ilun-exemption-education,경남(거제일운),exemption-education,경남,거제시,http://dmaps.kr/3p5n5,https://boat.kcg.go.kr/home/custCnter/ntcInfo/infoView4.do,false,AUTO_GEOCODING_CANDIDATE
경상남도 고성군 회화면 당항길 154-23,경상남도 고성군 회화면 당항길 154-23,gyeongnam-goseong-exemption-education,경남(고성),exemption-education,경남,고성군,http://kko.to/oL3LRC2U3,https://boat.kcg.go.kr/home/custCnter/ntcInfo/infoView4.do,false,AUTO_GEOCODING_CANDIDATE
경상남도 고성군 회화면 회진로 482,경상남도 고성군 회화면 회진로 482,gyeongnam-yacht-goseong-exemption-education,경남요트(고성),exemption-education,경남,고성군,http://kko.to/hgfLC1m0x,https://boat.kcg.go.kr/home/custCnter/ntcInfo/infoView4.do,false,AUTO_GEOCODING_CANDIDATE
경상남도 마산시 진동면 광암해안길 118,경상남도 마산시 진동면 광암해안길 118,gyeongnam-masan-exemption-education,경남(마산),exemption-education,경남,창원시,http://dmaps.kr/3p5nc,https://boat.kcg.go.kr/home/custCnter/ntcInfo/infoView4.do,false,AUTO_GEOCODING_CANDIDATE
경상남도 사천시 용현면 시청1길 59 사천해양경찰서,경상남도 사천시 용현면 시청1길 59 사천해양경찰서,gyeongnam-sacheon-pc-written-test,경남(사천)PC,written-test,경남,사천시,http://kko.to/hMh57h_UP,https://boat.kcg.go.kr/home/custCnter/ntcInfo/infoView4.do,false,AUTO_GEOCODING_CANDIDATE
경상남도 사천시 해안관광로 339,경상남도 사천시 해안관광로 339,gyeongnam-sacheon-practical-test|gyeongnam-sacheon-safety-education,경남(사천),practical-test|safety-education,경남,사천시,http://dmaps.kr/7w7pt,https://boat.kcg.go.kr/home/custCnter/ntcInfo/infoView4.do|https://boat.kcg.go.kr/home/wtrcSafeEdu/safeEduGdnc/infoView4.do,false,AUTO_GEOCODING_CANDIDATE
경상남도 창원시 마산합포구 신포동1가 86-2 창원해양경찰서,경상남도 창원시 마산합포구 신포동1가 86-2 창원해양경찰서,gyeongnam-changwon-pc-written-test,경남(창원)PC,written-test,경남,창원시,http://kko.to/xrq0WtRN8,https://boat.kcg.go.kr/home/custCnter/ntcInfo/infoView4.do,false,AUTO_GEOCODING_CANDIDATE
경상남도 창원시 마산합포구 진동면 광암회단지길 42,경상남도 창원시 마산합포구 진동면 광암회단지길 42,gyeongnam-changwon-practical-test|gyeongnam-masan-safety-education,경남(창원)|경남(마산),practical-test|safety-education,경남,창원시,http://dmaps.kr/3p5nc,https://boat.kcg.go.kr/home/custCnter/ntcInfo/infoView4.do|https://boat.kcg.go.kr/home/wtrcSafeEdu/safeEduGdnc/infoView4.do,false,OFFICIAL_URL_MISSING_1_ITEMS
"경상남도 창원시 진해구 천자로 160,","경상남도 창원시 진해구 천자로 160,",gyeongnam-changwon-exemption-education,경남(창원),exemption-education,경남,창원시,http://dmaps.kr/3p5nv,https://boat.kcg.go.kr/home/custCnter/ntcInfo/infoView4.do,false,AUTO_GEOCODING_CANDIDATE
경상남도 통영시 광도면 죽림2로 45 통영해양경찰서,경상남도 통영시 광도면 죽림2로 45 통영해양경찰서,gyeongnam-tongyeong-pc-written-test,경남(통영)PC,written-test,경남,통영시,http://dmaps.kr/59e47,https://boat.kcg.go.kr/home/custCnter/ntcInfo/infoView4.do,false,AUTO_GEOCODING_CANDIDATE
경상남도 통영시 도남로 269-28,경상남도 통영시 도남로 269-28,gyeongnam-yacht-tongyeong-practical-test|gyeongnam-yacht-tongyeong-safety-education|gyeongnam-yacht-tongyeong-exemption-education,경남요트(통영),practical-test|safety-education|exemption-education,경남,통영시,http://dmaps.kr/3p5o2,https://boat.kcg.go.kr/home/custCnter/ntcInfo/infoView4.do|https://boat.kcg.go.kr/home/wtrcSafeEdu/safeEduGdnc/infoView4.do,false,AUTO_GEOCODING_CANDIDATE
경상남도 통영시 발개로 194,경상남도 통영시 발개로 194,gyeongnam-tongyeong-exemption-education,경남(통영),exemption-education,경남,통영시,http://dmaps.kr/3p5o9,https://boat.kcg.go.kr/home/custCnter/ntcInfo/infoView4.do,false,AUTO_GEOCODING_CANDIDATE
경상남도 통영시 평인일주로 478,경상남도 통영시 평인일주로 478,gyeongnam-tongyeong-practical-test|gyeongnam-tongyeong-safety-education,경남(통영),practical-test|safety-education,경남,통영시,http://dmaps.kr/7w7q8,https://boat.kcg.go.kr/home/custCnter/ntcInfo/infoView4.do|https://boat.kcg.go.kr/home/wtrcSafeEdu/safeEduGdnc/infoView4.do,false,AUTO_GEOCODING_CANDIDATE
경상남도 합천군 봉산면 서부로 4270-8,경상남도 합천군 봉산면 서부로 4270-8,gyeongnam-hapcheon-special-written-test|gyeongnam-hapcheon-practical-test|gyeongnam-hapcheon-safety-education|gyeongnam-hapcheon-exemption-education,경남(합천),written-test|practical-test|safety-education|exemption-education,경남,합천군,http://dmaps.kr/3p5oc,https://boat.kcg.go.kr/home/custCnter/ntcInfo/infoView4.do|https://boat.kcg.go.kr/home/wtrcSafeEdu/safeEduGdnc/infoView4.do,false,AUTO_GEOCODING_CANDIDATE
경상북도 상주시 낙동면 낙동1길 108,경상북도 상주시 낙동면 낙동1길 108,gyeongbuk-sangju-exemption-education,경북(상주),exemption-education,경북,상주시,http://kko.to/0aZ53XvDo,https://boat.kcg.go.kr/home/custCnter/ntcInfo/infoView4.do,false,AUTO_GEOCODING_CANDIDATE
경상북도 안동시 석주로 514,경상북도 안동시 석주로 514,gyeongbuk-andong-pc-written-test|gyeongbuk-andong-special-written-test|gyeongbuk-andong-practical-test|gyeongbuk-andong-safety-education|gyeongbuk-andong-exemption-education,경북(안동),written-test|practical-test|safety-education|exemption-education,경북,안동시,http://dmaps.kr/2ttm9,https://boat.kcg.go.kr/home/custCnter/ntcInfo/infoView4.do|https://boat.kcg.go.kr/home/wtrcSafeEdu/safeEduGdnc/infoView4.do,false,AUTO_GEOCODING_CANDIDATE
경상북도 영덕군 강구면 강영로 33,경상북도 영덕군 강구면 강영로 33,practical-test-44|safety-education-75|gyeongbuk-yeongdeok-exemption-education,경북(영덕) / 경북요트(영덕)|경북(영덕),practical-test|safety-education|exemption-education,경북,영덕군,http://dmaps.kr/3p5mo,https://boat.kcg.go.kr/home/custCnter/ntcInfo/infoView4.do|https://boat.kcg.go.kr/home/wtrcSafeEdu/safeEduGdnc/infoView4.do,false,OFFICIAL_URL_MISSING_2_ITEMS
경상북도 울진군 후포면 울진대게로 98,경상북도 울진군 후포면 울진대게로 98,gyeongbuk-yacht-uljin-exemption-education,경북요트(울진),exemption-education,경북,울진군,http://dmaps.kr/3p5nz,https://boat.kcg.go.kr/home/custCnter/ntcInfo/infoView4.do,false,AUTO_GEOCODING_CANDIDATE
"경상북도 울진군 후포면 후포로 72, 3층","경상북도 울진군 후포면 후포로 72, 3층",gyeongbuk-uljin-pc-written-test,경북(울진),written-test,경북,울진군,http://kko.to/1O4CvKjoiH,https://boat.kcg.go.kr/home/custCnter/ntcInfo/infoView4.do,false,AUTO_GEOCODING_CANDIDATE
경상북도 포항시 남구 희망대로 810,경상북도 포항시 남구 희망대로 810,gyeongbuk-pohang-safety-education,경북(포항),safety-education,경북,포항시,,https://boat.kcg.go.kr/home/wtrcSafeEdu/safeEduGdnc/infoView4.do,false,OFFICIAL_URL_MISSING_1_ITEMS
경상북도 포항시 남구 희망대로810,경상북도 포항시 남구 희망대로810,gyeongbuk-pohang-practical-test,경북(포항),practical-test,경북,포항시,http://dmaps.kr/4ihja,https://boat.kcg.go.kr/home/custCnter/ntcInfo/infoView4.do,false,AUTO_GEOCODING_CANDIDATE
경상북도 포항시 북구 소티재로 151번길 21 포항해양경찰서,경상북도 포항시 북구 소티재로 151번길 21 포항해양경찰서,gyeongbuk-pohang-pc-written-test,경북(포항)PC,written-test,경북,포항시,http://dmaps.kr/59e6e,https://boat.kcg.go.kr/home/custCnter/ntcInfo/infoView4.do,false,AUTO_GEOCODING_CANDIDATE
경상북도구미시남구미로103,경상북도구미시남구미로103,gyeongbuk-gumi-exemption-education,경북(구미),exemption-education,경북,구미시,http://dmaps.kr/3p5m7,https://boat.kcg.go.kr/home/custCnter/ntcInfo/infoView4.do,false,AUTO_GEOCODING_CANDIDATE
부산광역시 기장군 기장읍 시랑리 95번지,부산광역시 기장군 기장읍 시랑리 95번지,busan-gijang-exemption-education,부산(기장),exemption-education,부산,기장군,http://dmaps.kr/3p5og,https://boat.kcg.go.kr/home/custCnter/ntcInfo/infoView4.do,false,AUTO_GEOCODING_CANDIDATE
부산광역시 수영구 민락수변로 239번길 18,부산광역시 수영구 민락수변로 239번길 18,busan-suyeong-practical-test|busan-suyeong-safety-education|exemption-education-113,부산(수영)|부산(수영) / 부산요트(수영),practical-test|safety-education|exemption-education,부산,수영구,http://dmaps.kr/3p5oq,https://boat.kcg.go.kr/home/custCnter/ntcInfo/infoView4.do|https://boat.kcg.go.kr/home/wtrcSafeEdu/safeEduGdnc/infoView4.do,false,OFFICIAL_URL_MISSING_1_ITEMS
부산광역시 영도구 태종로 727,부산광역시 영도구 태종로 727,busan-yacht-yeongdo-practical-test|busan-yacht-yeongdo-safety-education|exemption-education-114,부산요트(영도)|부산(영도) / 부산요트(영도),practical-test|safety-education|exemption-education,부산,영도구,http://dmaps.kr/3p5ov,https://boat.kcg.go.kr/home/custCnter/ntcInfo/infoView4.do|https://boat.kcg.go.kr/home/wtrcSafeEdu/safeEduGdnc/infoView4.do,false,OFFICIAL_URL_MISSING_1_ITEMS
"부산광역시 영도구 해양로 53, 부산해양경찰서 청학출장소","부산광역시 영도구 해양로 53, 부산해양경찰서 청학출장소",busan-yeongdo-pc-written-test,부산(영도)PC,written-test,부산,영도구,http://dmaps.kr/3o8xs,https://boat.kcg.go.kr/home/custCnter/ntcInfo/infoView4.do,false,AUTO_GEOCODING_CANDIDATE
"부산광역시 해운대구 마린시티1로 178, 부산해양경찰서 동백출장소","부산광역시 해운대구 마린시티1로 178, 부산해양경찰서 동백출장소",busan-haeundae-pc-written-test,부산(해운대)PC,written-test,부산,해운대구,http://kko.to/f7l6k36DH,https://boat.kcg.go.kr/home/custCnter/ntcInfo/infoView4.do,false,AUTO_GEOCODING_CANDIDATE
서울특별시 마포구 마포나루길 256,서울특별시 마포구 마포나루길 256,practical-test-48|safety-education-79|seoul-mapo-exemption-education,서울(마포) / 서울요트(마포)|서울(마포),practical-test|safety-education|exemption-education,서울,마포구,http://dmaps.kr/3o952,https://boat.kcg.go.kr/home/custCnter/ntcInfo/infoView4.do|https://boat.kcg.go.kr/home/wtrcSafeEdu/safeEduGdnc/infoView4.do,false,OFFICIAL_URL_MISSING_2_ITEMS
서울특별시 서초구 올림픽대로 2085-18,서울특별시 서초구 올림픽대로 2085-18,seoul-seocho-banpo-practical-test|seoul-seocho-banpo-safety-education|exemption-education-116,서울서초(반포)|서울서초(반포) / 서울요트(서초),practical-test|safety-education|exemption-education,서울,서초구,http://kko.to/OJ0MuhkrW,https://boat.kcg.go.kr/home/custCnter/ntcInfo/infoView4.do|https://boat.kcg.go.kr/home/wtrcSafeEdu/safeEduGdnc/infoView4.do,false,OFFICIAL_URL_MISSING_1_ITEMS
서울특별시 영등포구 당산동 100-2,서울특별시 영등포구 당산동 100-2,seoul-yanghwa-practical-test|seoul-yanghwa-safety-education,서울(양화),practical-test|safety-education,서울,영등포구,http://dmaps.kr/7w7ju,https://boat.kcg.go.kr/home/custCnter/ntcInfo/infoView4.do|https://boat.kcg.go.kr/home/wtrcSafeEdu/safeEduGdnc/infoView4.do,false,AUTO_GEOCODING_CANDIDATE
서울특별시 영등포구 여의서로 120,서울특별시 영등포구 여의서로 120,seoul-yeongdeungpo-pc-written-test,서울(영등포)PC,written-test,서울,영등포구,http://dmaps.kr/6cyvq,https://boat.kcg.go.kr/home/custCnter/ntcInfo/infoView4.do,false,AUTO_GEOCODING_CANDIDATE
울산광역시 남구 신선로 20(선암동 717) 울산해양경찰서,울산광역시 남구 신선로 20(선암동 717) 울산해양경찰서,ulsan-namgu-pc-written-test,울산(남구)PC,written-test,울산,남구,http://dmaps.kr/ajgwz,https://boat.kcg.go.kr/home/custCnter/ntcInfo/infoView4.do,false,AUTO_GEOCODING_CANDIDATE
울산광역시 남구 여천동 187-24,울산광역시 남구 여천동 187-24,ulsan-namgu-safety-education,울산(남구),safety-education,울산,남구,,https://boat.kcg.go.kr/home/wtrcSafeEdu/safeEduGdnc/infoView4.do,false,OFFICIAL_URL_MISSING_1_ITEMS
울산광역시 남구 여천동 50-1번지,울산광역시 남구 여천동 50-1번지,ulsan-namgu-practical-test,울산(남구),practical-test,울산,남구,http://dmaps.kr/3p5p2,https://boat.kcg.go.kr/home/custCnter/ntcInfo/infoView4.do,false,AUTO_GEOCODING_CANDIDATE
울산광역시 남구 여천동 부두로 288,울산광역시 남구 여천동 부두로 288,ulsan-namgu-exemption-education,울산(남구),exemption-education,울산,남구,http://dmaps.kr/3p5p2,https://boat.kcg.go.kr/home/custCnter/ntcInfo/infoView4.do,false,AUTO_GEOCODING_CANDIDATE
인천광역시 서구 청라루비로 96 인천해양경찰서,인천광역시 서구 청라루비로 96 인천해양경찰서,incheon-cheongna-pc-written-test,인천(청라)PC,written-test,인천,서구,http://kko.to/FexYCeeF0D,https://boat.kcg.go.kr/home/custCnter/ntcInfo/infoView4.do,false,AUTO_GEOCODING_CANDIDATE
"전남 목포시 해양대학로 91, 목포해양대학교 미래융복합관 D1 5층","전남 목포시 해양대학로 91, 목포해양대학교 미래융복합관 D1 5층",jeonnam-yacht-mokpo-practical-test|jeonnam-yacht-mokpo-safety-education|jeonnam-mokpo-exemption-education,전남요트(목포)|전남(목포),practical-test|safety-education|exemption-education,전남,목포시,http://dmaps.kr/3p5pu,https://boat.kcg.go.kr/home/custCnter/ntcInfo/infoView4.do|https://boat.kcg.go.kr/home/wtrcSafeEdu/safeEduGdnc/infoView4.do,false,AUTO_GEOCODING_CANDIDATE
"전라남도 고흥군 풍양면 천마로 1418-17, 풍남출장소","전라남도 고흥군 풍양면 천마로 1418-17, 풍남출장소",jeonnam-goheung-pc-written-test,전남(고흥)PC,written-test,전남,고흥군,http://kko.to/r3fzog_Z4,https://boat.kcg.go.kr/home/custCnter/ntcInfo/infoView4.do,false,AUTO_GEOCODING_CANDIDATE
전라남도 나주시 다도면 나주호로 558-314,전라남도 나주시 다도면 나주호로 558-314,jeonnam-naju-practical-test|jeonnam-naju-safety-education|jeonnam-naju-exemption-education,전남(나주),practical-test|safety-education|exemption-education,전남,나주시,http://dmaps.kr/3p5pj,https://boat.kcg.go.kr/home/custCnter/ntcInfo/infoView4.do|https://boat.kcg.go.kr/home/wtrcSafeEdu/safeEduGdnc/infoView4.do,false,AUTO_GEOCODING_CANDIDATE
"전라남도 목포시 청호로 231, 목포해양경찰서","전라남도 목포시 청호로 231, 목포해양경찰서",jeonnam-mokpo-pc-written-test,전남(목포)PC,written-test,전남,목포시,http://dmaps.kr/3o8xh,https://boat.kcg.go.kr/home/custCnter/ntcInfo/infoView4.do,false,AUTO_GEOCODING_CANDIDATE
전라남도 여수시 문수로 111 여수해양경찰서 민원동1층,전라남도 여수시 문수로 111 여수해양경찰서 민원동1층,jeonnam-yeosu-pc-written-test,전남(여수)PC,written-test,전남,여수시,http://kko.to/t8JYCoa5p,https://boat.kcg.go.kr/home/custCnter/ntcInfo/infoView4.do,false,AUTO_GEOCODING_CANDIDATE
"전라남도 여수시 웅천로 189, 웅천부영1차상가 202호","전라남도 여수시 웅천로 189, 웅천부영1차상가 202호",exemption-education-120,전남(여수) / 전남요트(여수),exemption-education,전남,여수시,,https://boat.kcg.go.kr/home/custCnter/ntcInfo/infoView4.do,false,OFFICIAL_URL_MISSING_1_ITEMS
전라남도 여수시 화양면 화양로 1436-29,전라남도 여수시 화양면 화양로 1436-29,jeonnam-yeosu-practical-test|jeonnam-yeosu-safety-education,전남(여수),practical-test|safety-education,전남,여수시,http://dmaps.kr/3p5q8,https://boat.kcg.go.kr/home/custCnter/ntcInfo/infoView4.do|https://boat.kcg.go.kr/home/wtrcSafeEdu/safeEduGdnc/infoView4.do,false,AUTO_GEOCODING_CANDIDATE
전라남도 영암군 삼호읍 나불외도로 126-45,전라남도 영암군 삼호읍 나불외도로 126-45,jeonnam-yeongam-practical-test|jeonnam-yeongam-safety-education|jeonnam-yeongam-exemption-education,전남(영암),practical-test|safety-education|exemption-education,전남,영암군,http://dmaps.kr/62ueh,https://boat.kcg.go.kr/home/custCnter/ntcInfo/infoView4.do|https://boat.kcg.go.kr/home/wtrcSafeEdu/safeEduGdnc/infoView4.do,false,AUTO_GEOCODING_CANDIDATE
"전라남도 완도군 완도읍 중앙길 93, 1층 완도해양경찰서","전라남도 완도군 완도읍 중앙길 93, 1층 완도해양경찰서",jeonnam-wando-pc-written-test,전남(완도)PC,written-test,전남,완도군,http://kko.to/xZeGDL80B,https://boat.kcg.go.kr/home/custCnter/ntcInfo/infoView4.do,false,AUTO_GEOCODING_CANDIDATE
전라북도 군산시 군산창길 21 군산해양경찰서,전라북도 군산시 군산창길 21 군산해양경찰서,jeonbuk-gunsan-pc-written-test,전북(군산)PC,written-test,전북,군산시,http://dmaps.kr/ajgv3,https://boat.kcg.go.kr/home/custCnter/ntcInfo/infoView4.do,false,AUTO_GEOCODING_CANDIDATE
전라북도 김제시 만경읍 만경로 750,전라북도 김제시 만경읍 만경로 750,jeonbuk-gimje-exemption-education,전북(김제),exemption-education,전북,김제시,http://kko.to/4XDDos1jT,https://boat.kcg.go.kr/home/custCnter/ntcInfo/infoView4.do,false,AUTO_GEOCODING_CANDIDATE
전라북도 김제시 만경읍 만경리 100,전라북도 김제시 만경읍 만경리 100,jeonbuk-gimje-practical-test,전북(김제),practical-test,전북,김제시,http://kko.to/WOnOBs10B,https://boat.kcg.go.kr/home/custCnter/ntcInfo/infoView4.do,true,GIMJE_JIBUN_ADDRESS_MANUAL_REVIEW
전라북도 김제시 만경읍 만경리 750,전라북도 김제시 만경읍 만경리 750,jeonbuk-gimje-safety-education,전북(김제),safety-education,전북,김제시,,https://boat.kcg.go.kr/home/wtrcSafeEdu/safeEduGdnc/infoView4.do,true,GIMJE_JIBUN_ADDRESS_MANUAL_REVIEW|OFFICIAL_URL_MISSING_1_ITEMS
전라북도 부안군 행안면 부안로 2531 부안해양경찰서 교통레저계,전라북도 부안군 행안면 부안로 2531 부안해양경찰서 교통레저계,jeonbuk-buan-pc-written-test,전북(부안)PC,written-test,전북,부안군,http://kko.to/fxzS5Q6Bf,https://boat.kcg.go.kr/home/custCnter/ntcInfo/infoView4.do,false,AUTO_GEOCODING_CANDIDATE
제주특별자치도 서귀포시 서호남로 11 서귀포해양경찰서,제주특별자치도 서귀포시 서호남로 11 서귀포해양경찰서,jeju-seogwipo-pc-written-test,제주(서귀포)PC,written-test,제주,서귀포시,http://kko.to/NO3gwL6nBs,https://boat.kcg.go.kr/home/custCnter/ntcInfo/infoView4.do,false,AUTO_GEOCODING_CANDIDATE
제주특별자치도 서해안로 45-18,제주특별자치도 서해안로 45-18,jeju-iho-practical-test|jeju-iho-safety-education|jeju-iho-exemption-education,제주(이호),practical-test|safety-education|exemption-education,제주,제주시,http://dmaps.kr/3p5qw,https://boat.kcg.go.kr/home/custCnter/ntcInfo/infoView4.do|https://boat.kcg.go.kr/home/wtrcSafeEdu/safeEduGdnc/infoView4.do,false,AUTO_GEOCODING_CANDIDATE
제주특별자치도 제주시 도두항서길 34,제주특별자치도 제주시 도두항서길 34,jeju-yacht-dodu-practical-test|jeju-yacht-dodu-safety-education,제주요트(도두),practical-test|safety-education,제주,제주시,http://dmaps.kr/3p5qv,https://boat.kcg.go.kr/home/custCnter/ntcInfo/infoView4.do|https://boat.kcg.go.kr/home/wtrcSafeEdu/safeEduGdnc/infoView4.do,false,AUTO_GEOCODING_CANDIDATE
제주특별자치도 제주시 도두항서길34,제주특별자치도 제주시 도두항서길34,jeju-dodu-exemption-education,제주(도두),exemption-education,제주,제주시,http://dmaps.kr/3p5qv,https://boat.kcg.go.kr/home/custCnter/ntcInfo/infoView4.do,false,AUTO_GEOCODING_CANDIDATE
제주특별자치도 제주시 임항로 154번지 제주해양경찰서,제주특별자치도 제주시 임항로 154번지 제주해양경찰서,jeju-jeju-pc-written-test,제주(제주)PC,written-test,제주,제주시,http://dmaps.kr/afxcx,https://boat.kcg.go.kr/home/custCnter/ntcInfo/infoView4.do,false,AUTO_GEOCODING_CANDIDATE
충청남도 보령시 성주산로 49 보령해양경찰서,충청남도 보령시 성주산로 49 보령해양경찰서,chungnam-boryeong-pc-written-test,충남(보령)PC,written-test,충남,보령시,http://kko.to/qlLOn_jD0,https://boat.kcg.go.kr/home/custCnter/ntcInfo/infoView4.do,false,AUTO_GEOCODING_CANDIDATE
충청남도 아산시 신정호길 15-14,충청남도 아산시 신정호길 15-14,chungnam-asan-practical-test|chungnam-asan-safety-education,충남(아산),practical-test|safety-education,충남,아산시,http://kko.to/lMnxaA10T,https://boat.kcg.go.kr/home/custCnter/ntcInfo/infoView4.do|https://boat.kcg.go.kr/home/wtrcSafeEdu/safeEduGdnc/infoView4.do,false,AUTO_GEOCODING_CANDIDATE
충청남도 태안군 남면 곰섬로 314,충청남도 태안군 남면 곰섬로 314,chungnam-taean-practical-test|chungnam-taean-safety-education|exemption-education-125,충남(태안)|충남(태안) / 충남요트(태안),practical-test|safety-education|exemption-education,충남,태안군,http://dmaps.kr/3423g,https://boat.kcg.go.kr/home/custCnter/ntcInfo/infoView4.do|https://boat.kcg.go.kr/home/wtrcSafeEdu/safeEduGdnc/infoView4.do,false,OFFICIAL_URL_MISSING_1_ITEMS
충청남도 태안군 태안읍 동백로 92-13 태안해양경찰서,충청남도 태안군 태안읍 동백로 92-13 태안해양경찰서,chungnam-taean-pc-written-test,충남(태안)PC,written-test,충남,태안군,http://dmaps.kr/3o8yz,https://boat.kcg.go.kr/home/custCnter/ntcInfo/infoView4.do,false,AUTO_GEOCODING_CANDIDATE
충청북도 진천군 진천읍 건송리 58-1,충청북도 진천군 진천읍 건송리 58-1,chungbuk-jincheon-exemption-education,충북(진천),exemption-education,충북,진천군,http://kko.to/A8V5tAQ0j,https://boat.kcg.go.kr/home/custCnter/ntcInfo/infoView4.do,false,AUTO_GEOCODING_CANDIDATE
충청북도 충주시 동량면 미라실로 763,충청북도 충주시 동량면 미라실로 763,chungbuk-chungju-special-written-test|chungbuk-chungju-practical-test|chungbuk-chungju-safety-education|chungbuk-chungju-exemption-education,충북(충주),written-test|practical-test|safety-education|exemption-education,충북,충주시,http://kko.to/SMzqsPnFG,https://boat.kcg.go.kr/home/custCnter/ntcInfo/infoView4.do|https://boat.kcg.go.kr/home/wtrcSafeEdu/safeEduGdnc/infoView4.do,false,AUTO_GEOCODING_CANDIDATE
