mbrisSourceId,internalId,koreanName,scientificName,normalizedScientificName,canonicalSlug,primaryClass,reason,legacyLocalMatch,legacyMappingRequired,secondaryFlags,collisions
"MBRIS:척추동물:4","BM-SPECIES-000002","볼락","Sebastes inermis","Sebastes inermis","sebastes-inermis","LINK_LEGACY_AND_PROMOTE_NEW","A local UI fish record exists, but no staging canonical identity exists; create a new canonical species and retain a legacy mapping.","LEGACY_LOCAL_SOURCE_LINK","true","[""FISH_DATA_LINKED_korean_candidate"",""LOCAL_UI_NAME_MATCH""]","{""id"":false,""sourceId"":false,""scientific"":false,""normalizedScientific"":false,""slug"":false,""relation"":false}"
"MBRIS:척추동물:6","BM-SPECIES-000004","황점볼락","Sebastes oblongus","Sebastes oblongus","sebastes-oblongus","LINK_LEGACY_AND_PROMOTE_NEW","A local UI fish record exists, but no staging canonical identity exists; create a new canonical species and retain a legacy mapping.","LEGACY_LOCAL_NAME_MATCH","true","[""LOCAL_UI_NAME_MATCH""]","{""id"":false,""sourceId"":false,""scientific"":false,""normalizedScientific"":false,""slug"":false,""relation"":false}"
"MBRIS:척추동물:13","BM-SPECIES-000011","개볼락","Sebastes pachycephalus","Sebastes pachycephalus","sebastes-pachycephalus","LINK_LEGACY_AND_PROMOTE_NEW","A local UI fish record exists, but no staging canonical identity exists; create a new canonical species and retain a legacy mapping.","LEGACY_LOCAL_NAME_MATCH","true","[""LOCAL_UI_NAME_MATCH""]","{""id"":false,""sourceId"":false,""scientific"":false,""normalizedScientific"":false,""slug"":false,""relation"":false}"
"MBRIS:척추동물:16","BM-SPECIES-000014","노랑볼락","Sebastes steindachneri","Sebastes steindachneri","sebastes-steindachneri","LINK_LEGACY_AND_PROMOTE_NEW","A local UI fish record exists, but no staging canonical identity exists; create a new canonical species and retain a legacy mapping.","LEGACY_LOCAL_NAME_MATCH","true","[""LOCAL_UI_NAME_MATCH""]","{""id"":false,""sourceId"":false,""scientific"":false,""normalizedScientific"":false,""slug"":false,""relation"":false}"
"MBRIS:척추동물:17","BM-SPECIES-000015","불볼락","Sebastes thompsoni","Sebastes thompsoni","sebastes-thompsoni","LINK_LEGACY_AND_PROMOTE_NEW","A local UI fish record exists, but no staging canonical identity exists; create a new canonical species and retain a legacy mapping.","LEGACY_LOCAL_NAME_MATCH","true","[""LOCAL_UI_NAME_MATCH""]","{""id"":false,""sourceId"":false,""scientific"":false,""normalizedScientific"":false,""slug"":false,""relation"":false}"
"MBRIS:척추동물:21","BM-SPECIES-000019","쏨뱅이","Sebastiscus marmoratus","Sebastiscus marmoratus","sebastiscus-marmoratus","LINK_LEGACY_AND_PROMOTE_NEW","A local UI fish record exists, but no staging canonical identity exists; create a new canonical species and retain a legacy mapping.","LEGACY_LOCAL_SOURCE_LINK","true","[""FISH_DATA_LINKED_korean_candidate"",""LOCAL_UI_NAME_MATCH""]","{""id"":false,""sourceId"":false,""scientific"":false,""normalizedScientific"":false,""slug"":false,""relation"":false}"
"MBRIS:척추동물:22","BM-SPECIES-000020","붉은쏨뱅이","Sebastiscus tertius","Sebastiscus tertius","sebastiscus-tertius","LINK_LEGACY_AND_PROMOTE_NEW","A local UI fish record exists, but no staging canonical identity exists; create a new canonical species and retain a legacy mapping.","LEGACY_LOCAL_NAME_MATCH","true","[""LOCAL_UI_NAME_MATCH""]","{""id"":false,""sourceId"":false,""scientific"":false,""normalizedScientific"":false,""slug"":false,""relation"":false}"
"MBRIS:척추동물:44","BM-SPECIES-000042","삼세기","Hemitripterus villosus","Hemitripterus villosus","hemitripterus-villosus","LINK_LEGACY_AND_PROMOTE_NEW","A local UI fish record exists, but no staging canonical identity exists; create a new canonical species and retain a legacy mapping.","LEGACY_LOCAL_NAME_MATCH","true","[""LOCAL_UI_NAME_MATCH""]","{""id"":false,""sourceId"":false,""scientific"":false,""normalizedScientific"":false,""slug"":false,""relation"":false}"
"MBRIS:척추동물:59","BM-SPECIES-000057","꼼치","Liparis tanakae","Liparis tanakae","liparis-tanakae","LINK_LEGACY_AND_PROMOTE_NEW","A local UI fish record exists, but no staging canonical identity exists; create a new canonical species and retain a legacy mapping.","LEGACY_LOCAL_SOURCE_LINK","true","[""FISH_DATA_LINKED_korean_candidate"",""LOCAL_UI_NAME_MATCH""]","{""id"":false,""sourceId"":false,""scientific"":false,""normalizedScientific"":false,""slug"":false,""relation"":false}"
"MBRIS:척추동물:62","BM-SPECIES-000060","물메기","Liparis tessellatus","Liparis tessellatus","liparis-tessellatus","LINK_LEGACY_AND_PROMOTE_NEW","A local UI fish record exists, but no staging canonical identity exists; create a new canonical species and retain a legacy mapping.","LEGACY_LOCAL_SOURCE_LINK","true","[""FISH_DATA_LINKED_korean_candidate"",""LOCAL_UI_NAME_MATCH""]","{""id"":false,""sourceId"":false,""scientific"":false,""normalizedScientific"":false,""slug"":false,""relation"":false}"
"MBRIS:척추동물:67","BM-SPECIES-000065","양태","Platycephalus indicus","Platycephalus indicus","platycephalus-indicus","LINK_LEGACY_AND_PROMOTE_NEW","A local UI fish record exists, but no staging canonical identity exists; create a new canonical species and retain a legacy mapping.","LEGACY_LOCAL_SOURCE_LINK","true","[""FISH_DATA_LINKED_korean_candidate"",""LOCAL_UI_NAME_MATCH""]","{""id"":false,""sourceId"":false,""scientific"":false,""normalizedScientific"":false,""slug"":false,""relation"":false}"
"MBRIS:척추동물:82","BM-SPECIES-000080","아귀","Lophiomus setigerus","Lophiomus setigerus","lophiomus-setigerus","LINK_LEGACY_AND_PROMOTE_NEW","A local UI fish record exists, but no staging canonical identity exists; create a new canonical species and retain a legacy mapping.","LEGACY_LOCAL_SOURCE_LINK","true","[""FISH_DATA_LINKED_korean_candidate"",""LOCAL_UI_NAME_MATCH""]","{""id"":false,""sourceId"":false,""scientific"":false,""normalizedScientific"":false,""slug"":false,""relation"":false}"
"MBRIS:척추동물:97","BM-SPECIES-000095","달고기","Zeus faber","Zeus faber","zeus-faber","LINK_LEGACY_AND_PROMOTE_NEW","A local UI fish record exists, but no staging canonical identity exists; create a new canonical species and retain a legacy mapping.","LEGACY_LOCAL_SOURCE_LINK","true","[""FISH_DATA_LINKED_korean_candidate"",""LOCAL_UI_NAME_MATCH""]","{""id"":false,""sourceId"":false,""scientific"":false,""normalizedScientific"":false,""slug"":false,""relation"":false}"
"MBRIS:척추동물:99","BM-SPECIES-000097","숭어","Mugil cephalus","Mugil cephalus","mugil-cephalus","LINK_LEGACY_AND_PROMOTE_NEW","A local UI fish record exists, but no staging canonical identity exists; create a new canonical species and retain a legacy mapping.","LEGACY_LOCAL_SOURCE_LINK","true","[""FISH_DATA_LINKED_korean_candidate"",""LOCAL_UI_NAME_MATCH""]","{""id"":false,""sourceId"":false,""scientific"":false,""normalizedScientific"":false,""slug"":false,""relation"":false}"
"MBRIS:척추동물:105","BM-SPECIES-000103","가숭어","Planiliza haematocheilus","Planiliza haematocheilus","planiliza-haematocheilus","LINK_LEGACY_AND_PROMOTE_NEW","A local UI fish record exists, but no staging canonical identity exists; create a new canonical species and retain a legacy mapping.","LEGACY_LOCAL_NAME_MATCH","true","[""LOCAL_UI_NAME_MATCH""]","{""id"":false,""sourceId"":false,""scientific"":false,""normalizedScientific"":false,""slug"":false,""relation"":false}"
"MBRIS:척추동물:124","BM-SPECIES-000122","쥐치","Stephanolepis cirrhifer","Stephanolepis cirrhifer","stephanolepis-cirrhifer","LINK_LEGACY_AND_PROMOTE_NEW","A local UI fish record exists, but no staging canonical identity exists; create a new canonical species and retain a legacy mapping.","LEGACY_LOCAL_SOURCE_LINK","true","[""FISH_DATA_LINKED_korean_candidate"",""LOCAL_UI_NAME_MATCH""]","{""id"":false,""sourceId"":false,""scientific"":false,""normalizedScientific"":false,""slug"":false,""relation"":false}"
"MBRIS:척추동물:131","BM-SPECIES-000129","말쥐치","Thamnaconus modestus","Thamnaconus modestus","thamnaconus-modestus","LINK_LEGACY_AND_PROMOTE_NEW","A local UI fish record exists, but no staging canonical identity exists; create a new canonical species and retain a legacy mapping.","LEGACY_LOCAL_SOURCE_LINK","true","[""FISH_DATA_LINKED_scientific_exact"",""LOCAL_UI_NAME_MATCH"",""NIFS_LINKED_scientific_exact""]","{""id"":false,""sourceId"":false,""scientific"":false,""normalizedScientific"":false,""slug"":false,""relation"":false}"
"MBRIS:척추동물:145","BM-SPECIES-000143","가시복","Diodon holocanthus","Diodon holocanthus","diodon-holocanthus","LINK_LEGACY_AND_PROMOTE_NEW","A local UI fish record exists, but no staging canonical identity exists; create a new canonical species and retain a legacy mapping.","LEGACY_LOCAL_NAME_MATCH","true","[""LOCAL_UI_NAME_MATCH""]","{""id"":false,""sourceId"":false,""scientific"":false,""normalizedScientific"":false,""slug"":false,""relation"":false}"
"MBRIS:척추동물:165","BM-SPECIES-000163","까치복","Takifugu xanthopterus","Takifugu xanthopterus","takifugu-xanthopterus","LINK_LEGACY_AND_PROMOTE_NEW","A local UI fish record exists, but no staging canonical identity exists; create a new canonical species and retain a legacy mapping.","LEGACY_LOCAL_NAME_MATCH","true","[""LOCAL_UI_NAME_MATCH""]","{""id"":false,""sourceId"":false,""scientific"":false,""normalizedScientific"":false,""slug"":false,""relation"":false}"
"MBRIS:척추동물:167","BM-SPECIES-000165","검복","Takifugu porphyreus","Takifugu porphyreus","takifugu-porphyreus","LINK_LEGACY_AND_PROMOTE_NEW","A local UI fish record exists, but no staging canonical identity exists; create a new canonical species and retain a legacy mapping.","LEGACY_LOCAL_NAME_MATCH","true","[""LOCAL_UI_NAME_MATCH""]","{""id"":false,""sourceId"":false,""scientific"":false,""normalizedScientific"":false,""slug"":false,""relation"":false}"
"MBRIS:척추동물:190","BM-SPECIES-000188","농어","Lateolabrax japonicus","Lateolabrax japonicus","lateolabrax-japonicus","LINK_LEGACY_AND_PROMOTE_NEW","A local UI fish record exists, but no staging canonical identity exists; create a new canonical species and retain a legacy mapping.","LEGACY_LOCAL_SOURCE_LINK","true","[""FISH_DATA_LINKED_korean_candidate"",""LOCAL_UI_NAME_MATCH""]","{""id"":false,""sourceId"":false,""scientific"":false,""normalizedScientific"":false,""slug"":false,""relation"":false}"
"MBRIS:척추동물:192","BM-SPECIES-000190","점농어","Lateolabrax spilonotus","Lateolabrax spilonotus","lateolabrax-spilonotus","LINK_LEGACY_AND_PROMOTE_NEW","A local UI fish record exists, but no staging canonical identity exists; create a new canonical species and retain a legacy mapping.","LEGACY_LOCAL_NAME_MATCH","true","[""LOCAL_UI_NAME_MATCH""]","{""id"":false,""sourceId"":false,""scientific"":false,""normalizedScientific"":false,""slug"":false,""relation"":false}"
"MBRIS:척추동물:194","BM-SPECIES-000192","눈볼대","Doederleinia berycoides","Doederleinia berycoides","doederleinia-berycoides","LINK_LEGACY_AND_PROMOTE_NEW","A local UI fish record exists, but no staging canonical identity exists; create a new canonical species and retain a legacy mapping.","LEGACY_LOCAL_NAME_MATCH","true","[""LOCAL_UI_NAME_MATCH""]","{""id"":false,""sourceId"":false,""scientific"":false,""normalizedScientific"":false,""slug"":false,""relation"":false}"
"MBRIS:척추동물:223","BM-SPECIES-000221","인상어","Neoditrema ransonnetii","Neoditrema ransonnetii","neoditrema-ransonnetii","LINK_LEGACY_AND_PROMOTE_NEW","A local UI fish record exists, but no staging canonical identity exists; create a new canonical species and retain a legacy mapping.","LEGACY_LOCAL_NAME_MATCH","true","[""LOCAL_UI_NAME_MATCH""]","{""id"":false,""sourceId"":false,""scientific"":false,""normalizedScientific"":false,""slug"":false,""relation"":false}"
"MBRIS:척추동물:225","BM-SPECIES-000223","망상어","Ditrema temminckii","Ditrema temminckii","ditrema-temminckii","LINK_LEGACY_AND_PROMOTE_NEW","A local UI fish record exists, but no staging canonical identity exists; create a new canonical species and retain a legacy mapping.","LEGACY_LOCAL_SOURCE_LINK","true","[""FISH_DATA_LINKED_korean_candidate"",""LOCAL_UI_NAME_MATCH""]","{""id"":false,""sourceId"":false,""scientific"":false,""normalizedScientific"":false,""slug"":false,""relation"":false}"
"MBRIS:척추동물:228","BM-SPECIES-000226","자리돔","Chromis notata","Chromis notata","chromis-notata","LINK_LEGACY_AND_PROMOTE_NEW","A local UI fish record exists, but no staging canonical identity exists; create a new canonical species and retain a legacy mapping.","LEGACY_LOCAL_SOURCE_LINK","true","[""FISH_DATA_LINKED_korean_candidate"",""LOCAL_UI_NAME_MATCH""]","{""id"":false,""sourceId"":false,""scientific"":false,""normalizedScientific"":false,""slug"":false,""relation"":false}"
"MBRIS:척추동물:279","BM-SPECIES-000277","강담돔","Oplegnathus punctatus","Oplegnathus punctatus","oplegnathus-punctatus","LINK_LEGACY_AND_PROMOTE_NEW","A local UI fish record exists, but no staging canonical identity exists; create a new canonical species and retain a legacy mapping.","LEGACY_LOCAL_NAME_MATCH","true","[""LOCAL_UI_NAME_MATCH""]","{""id"":false,""sourceId"":false,""scientific"":false,""normalizedScientific"":false,""slug"":false,""relation"":false}"
"MBRIS:척추동물:280","BM-SPECIES-000278","돌돔","Oplegnathus fasciatus","Oplegnathus fasciatus","oplegnathus-fasciatus","LINK_LEGACY_AND_PROMOTE_NEW","A local UI fish record exists, but no staging canonical identity exists; create a new canonical species and retain a legacy mapping.","LEGACY_LOCAL_SOURCE_LINK","true","[""FISH_DATA_LINKED_korean_candidate"",""LOCAL_UI_NAME_MATCH""]","{""id"":false,""sourceId"":false,""scientific"":false,""normalizedScientific"":false,""slug"":false,""relation"":false}"
"MBRIS:척추동물:281","BM-SPECIES-000279","벵에돔","Girella punctata","Girella punctata","girella-punctata","LINK_LEGACY_AND_PROMOTE_NEW","A local UI fish record exists, but no staging canonical identity exists; create a new canonical species and retain a legacy mapping.","LEGACY_LOCAL_SOURCE_LINK","true","[""FISH_DATA_LINKED_korean_candidate"",""LOCAL_UI_NAME_MATCH""]","{""id"":false,""sourceId"":false,""scientific"":false,""normalizedScientific"":false,""slug"":false,""relation"":false}"
"MBRIS:척추동물:282","BM-SPECIES-000280","긴꼬리벵에돔","Girella leonina","Girella leonina","girella-leonina","LINK_LEGACY_AND_PROMOTE_NEW","A local UI fish record exists, but no staging canonical identity exists; create a new canonical species and retain a legacy mapping.","LEGACY_LOCAL_NAME_MATCH","true","[""LOCAL_UI_NAME_MATCH""]","{""id"":false,""sourceId"":false,""scientific"":false,""normalizedScientific"":false,""slug"":false,""relation"":false}"
"MBRIS:척추동물:286","BM-SPECIES-000284","무늬망둑","Bathygobius fuscus","Bathygobius fuscus","bathygobius-fuscus","LINK_LEGACY_AND_PROMOTE_NEW","A local UI fish record exists, but no staging canonical identity exists; create a new canonical species and retain a legacy mapping.","LEGACY_LOCAL_NAME_MATCH","true","[""LOCAL_UI_NAME_MATCH""]","{""id"":false,""sourceId"":false,""scientific"":false,""normalizedScientific"":false,""slug"":false,""relation"":false}"
"MBRIS:척추동물:340","BM-SPECIES-000338","풀망둑","Acanthogobius hasta","Acanthogobius hasta","acanthogobius-hasta","LINK_LEGACY_AND_PROMOTE_NEW","A local UI fish record exists, but no staging canonical identity exists; create a new canonical species and retain a legacy mapping.","LEGACY_LOCAL_NAME_MATCH","true","[""LOCAL_UI_NAME_MATCH""]","{""id"":false,""sourceId"":false,""scientific"":false,""normalizedScientific"":false,""slug"":false,""relation"":false}"
"MBRIS:척추동물:341","BM-SPECIES-000339","문절망둑","Acanthogobius flavimanus","Acanthogobius flavimanus","acanthogobius-flavimanus","LINK_LEGACY_AND_PROMOTE_NEW","A local UI fish record exists, but no staging canonical identity exists; create a new canonical species and retain a legacy mapping.","LEGACY_LOCAL_NAME_MATCH","true","[""LOCAL_UI_NAME_MATCH""]","{""id"":false,""sourceId"":false,""scientific"":false,""normalizedScientific"":false,""slug"":false,""relation"":false}"
"MBRIS:척추동물:348","BM-SPECIES-000346","도화망둑","Amblychaeturichthys hexanema","Amblychaeturichthys hexanema","amblychaeturichthys-hexanema","LINK_LEGACY_AND_PROMOTE_NEW","A local UI fish record exists, but no staging canonical identity exists; create a new canonical species and retain a legacy mapping.","LEGACY_LOCAL_NAME_MATCH","true","[""LOCAL_UI_NAME_MATCH""]","{""id"":false,""sourceId"":false,""scientific"":false,""normalizedScientific"":false,""slug"":false,""relation"":false}"
"MBRIS:척추동물:353","BM-SPECIES-000351","두줄망둑","Tridentiger trigonocephalus","Tridentiger trigonocephalus","tridentiger-trigonocephalus","LINK_LEGACY_AND_PROMOTE_NEW","A local UI fish record exists, but no staging canonical identity exists; create a new canonical species and retain a legacy mapping.","LEGACY_LOCAL_NAME_MATCH","true","[""LOCAL_UI_NAME_MATCH""]","{""id"":false,""sourceId"":false,""scientific"":false,""normalizedScientific"":false,""slug"":false,""relation"":false}"
"MBRIS:척추동물:358","BM-SPECIES-000356","검정망둑","Tridentiger obscurus","Tridentiger obscurus","tridentiger-obscurus","LINK_LEGACY_AND_PROMOTE_NEW","A local UI fish record exists, but no staging canonical identity exists; create a new canonical species and retain a legacy mapping.","LEGACY_LOCAL_NAME_MATCH","true","[""LOCAL_UI_NAME_MATCH""]","{""id"":false,""sourceId"":false,""scientific"":false,""normalizedScientific"":false,""slug"":false,""relation"":false}"
"MBRIS:척추동물:364","BM-SPECIES-000362","살망둑","Gymnogobius heptacanthus","Gymnogobius heptacanthus","gymnogobius-heptacanthus","LINK_LEGACY_AND_PROMOTE_NEW","A local UI fish record exists, but no staging canonical identity exists; create a new canonical species and retain a legacy mapping.","LEGACY_LOCAL_NAME_MATCH","true","[""LOCAL_UI_NAME_MATCH""]","{""id"":false,""sourceId"":false,""scientific"":false,""normalizedScientific"":false,""slug"":false,""relation"":false}"
"MBRIS:척추동물:384","BM-SPECIES-000382","","Chaeturichthys jeoni","Chaeturichthys jeoni","chaeturichthys-jeoni","KOREAN_NAME_REVIEW","MBRIS does not provide a Korean name; automatic naming is prohibited.","NONE","false","[""KOREAN_NAME_MISSING""]","{""id"":false,""sourceId"":false,""scientific"":false,""normalizedScientific"":false,""slug"":false,""relation"":false}"
"MBRIS:척추동물:386","BM-SPECIES-000384","별망둑","Chaenogobius gulosus","Chaenogobius gulosus","chaenogobius-gulosus","LINK_LEGACY_AND_PROMOTE_NEW","A local UI fish record exists, but no staging canonical identity exists; create a new canonical species and retain a legacy mapping.","LEGACY_LOCAL_NAME_MATCH","true","[""LOCAL_UI_NAME_MATCH""]","{""id"":false,""sourceId"":false,""scientific"":false,""normalizedScientific"":false,""slug"":false,""relation"":false}"
"MBRIS:척추동물:397","BM-SPECIES-000395","금줄망둑","Pterogobius virgo","Pterogobius virgo","pterogobius-virgo","LINK_LEGACY_AND_PROMOTE_NEW","A local UI fish record exists, but no staging canonical identity exists; create a new canonical species and retain a legacy mapping.","LEGACY_LOCAL_NAME_MATCH","true","[""LOCAL_UI_NAME_MATCH""]","{""id"":false,""sourceId"":false,""scientific"":false,""normalizedScientific"":false,""slug"":false,""relation"":false}"
"MBRIS:척추동물:409","BM-SPECIES-000407","동갈삼치","Scomberomorus commerson","Scomberomorus commerson","scomberomorus-commerson","LINK_LEGACY_AND_PROMOTE_NEW","A local UI fish record exists, but no staging canonical identity exists; create a new canonical species and retain a legacy mapping.","LEGACY_LOCAL_NAME_MATCH","true","[""LOCAL_UI_NAME_MATCH""]","{""id"":false,""sourceId"":false,""scientific"":false,""normalizedScientific"":false,""slug"":false,""relation"":false}"
"MBRIS:척추동물:410","BM-SPECIES-000408","삼치","Scomberomorus niphonius","Scomberomorus niphonius","scomberomorus-niphonius","LINK_LEGACY_AND_PROMOTE_NEW","A local UI fish record exists, but no staging canonical identity exists; create a new canonical species and retain a legacy mapping.","LEGACY_LOCAL_SOURCE_LINK","true","[""FISH_DATA_LINKED_scientific_exact"",""LOCAL_UI_NAME_MATCH"",""NIFS_LINKED_scientific_exact""]","{""id"":false,""sourceId"":false,""scientific"":false,""normalizedScientific"":false,""slug"":false,""relation"":false}"
"MBRIS:척추동물:413","BM-SPECIES-000411","점다랑어","Euthynnus affinis","Euthynnus affinis","euthynnus-affinis","LINK_LEGACY_AND_PROMOTE_NEW","A local UI fish record exists, but no staging canonical identity exists; create a new canonical species and retain a legacy mapping.","LEGACY_LOCAL_NAME_MATCH","true","[""LOCAL_UI_NAME_MATCH""]","{""id"":false,""sourceId"":false,""scientific"":false,""normalizedScientific"":false,""slug"":false,""relation"":false}"
"MBRIS:척추동물:414","BM-SPECIES-000412","가다랑어","Katsuwonus pelamis","Katsuwonus pelamis","katsuwonus-pelamis","LINK_LEGACY_AND_PROMOTE_NEW","A local UI fish record exists, but no staging canonical identity exists; create a new canonical species and retain a legacy mapping.","LEGACY_LOCAL_SOURCE_LINK","true","[""FISH_DATA_LINKED_korean_candidate"",""LOCAL_UI_NAME_MATCH""]","{""id"":false,""sourceId"":false,""scientific"":false,""normalizedScientific"":false,""slug"":false,""relation"":false}"
"MBRIS:척추동물:417","BM-SPECIES-000415","줄삼치","Sarda orientalis","Sarda orientalis","sarda-orientalis","LINK_LEGACY_AND_PROMOTE_NEW","A local UI fish record exists, but no staging canonical identity exists; create a new canonical species and retain a legacy mapping.","LEGACY_LOCAL_SOURCE_LINK","true","[""FISH_DATA_LINKED_korean_candidate"",""LOCAL_UI_NAME_MATCH""]","{""id"":false,""sourceId"":false,""scientific"":false,""normalizedScientific"":false,""slug"":false,""relation"":false}"
"MBRIS:척추동물:419","BM-SPECIES-000417","고등어","Scomber japonicus","Scomber japonicus","scomber-japonicus","LINK_LEGACY_AND_PROMOTE_NEW","A local UI fish record exists, but no staging canonical identity exists; create a new canonical species and retain a legacy mapping.","LEGACY_LOCAL_SOURCE_LINK","true","[""FISH_DATA_LINKED_scientific_exact"",""LOCAL_UI_NAME_MATCH"",""NIFS_LINKED_scientific_exact""]","{""id"":false,""sourceId"":false,""scientific"":false,""normalizedScientific"":false,""slug"":false,""relation"":false}"
"MBRIS:척추동물:420","BM-SPECIES-000418","꼬치삼치","Acanthocybium solandri","Acanthocybium solandri","acanthocybium-solandri","LINK_LEGACY_AND_PROMOTE_NEW","A local UI fish record exists, but no staging canonical identity exists; create a new canonical species and retain a legacy mapping.","LEGACY_LOCAL_NAME_MATCH","true","[""LOCAL_UI_NAME_MATCH""]","{""id"":false,""sourceId"":false,""scientific"":false,""normalizedScientific"":false,""slug"":false,""relation"":false}"
"MBRIS:척추동물:423","BM-SPECIES-000421","눈다랑어","Thunnus obesus","Thunnus obesus","thunnus-obesus","LINK_LEGACY_AND_PROMOTE_NEW","A local UI fish record exists, but no staging canonical identity exists; create a new canonical species and retain a legacy mapping.","LEGACY_LOCAL_NAME_MATCH","true","[""LOCAL_UI_NAME_MATCH""]","{""id"":false,""sourceId"":false,""scientific"":false,""normalizedScientific"":false,""slug"":false,""relation"":false}"
"MBRIS:척추동물:427","BM-SPECIES-000425","덕대","Pampus argenteus","Pampus argenteus","pampus-argenteus","LINK_LEGACY_AND_PROMOTE_NEW","A local UI fish record exists, but no staging canonical identity exists; create a new canonical species and retain a legacy mapping.","LEGACY_LOCAL_SOURCE_LINK","true","[""FISH_DATA_LINKED_korean_candidate"",""LOCAL_UI_NAME_MATCH""]","{""id"":false,""sourceId"":false,""scientific"":false,""normalizedScientific"":false,""slug"":false,""relation"":false}"
"MBRIS:척추동물:428","BM-SPECIES-000426","병어","Pampus punctatissimus","Pampus punctatissimus","pampus-punctatissimus","LINK_LEGACY_AND_PROMOTE_NEW","A local UI fish record exists, but no staging canonical identity exists; create a new canonical species and retain a legacy mapping.","LEGACY_LOCAL_SOURCE_LINK","true","[""FISH_DATA_LINKED_korean_candidate"",""LOCAL_UI_NAME_MATCH""]","{""id"":false,""sourceId"":false,""scientific"":false,""normalizedScientific"":false,""slug"":false,""relation"":false}"
"MBRIS:척추동물:440","BM-SPECIES-000438","새다래","Brama japonica","Brama japonica","brama-japonica","LINK_LEGACY_AND_PROMOTE_NEW","A local UI fish record exists, but no staging canonical identity exists; create a new canonical species and retain a legacy mapping.","LEGACY_LOCAL_NAME_MATCH","true","[""LOCAL_UI_NAME_MATCH""]","{""id"":false,""sourceId"":false,""scientific"":false,""normalizedScientific"":false,""slug"":false,""relation"":false}"
"MBRIS:척추동물:446","BM-SPECIES-000444","갈치","Trichiurus japonicus","Trichiurus japonicus","trichiurus-japonicus","LINK_LEGACY_AND_PROMOTE_NEW","A local UI fish record exists, but no staging canonical identity exists; create a new canonical species and retain a legacy mapping.","LEGACY_LOCAL_SOURCE_LINK","true","[""FISH_DATA_LINKED_synonym"",""LOCAL_UI_NAME_MATCH"",""NIFS_LINKED_synonym""]","{""id"":false,""sourceId"":false,""scientific"":false,""normalizedScientific"":false,""slug"":false,""relation"":false}"
"MBRIS:척추동물:461","BM-SPECIES-000459","꼬치고기","Sphyraena pinguis","Sphyraena pinguis","sphyraena-pinguis","LINK_LEGACY_AND_PROMOTE_NEW","A local UI fish record exists, but no staging canonical identity exists; create a new canonical species and retain a legacy mapping.","LEGACY_LOCAL_SOURCE_LINK","true","[""FISH_DATA_LINKED_korean_candidate"",""LOCAL_UI_NAME_MATCH""]","{""id"":false,""sourceId"":false,""scientific"":false,""normalizedScientific"":false,""slug"":false,""relation"":false}"
"MBRIS:척추동물:467","BM-SPECIES-000465","넙치","Paralichthys olivaceus","Paralichthys olivaceus","paralichthys-olivaceus","LINK_LEGACY_AND_PROMOTE_NEW","A local UI fish record exists, but no staging canonical identity exists; create a new canonical species and retain a legacy mapping.","LEGACY_LOCAL_SOURCE_LINK","true","[""FISH_DATA_LINKED_korean_candidate"",""LOCAL_UI_NAME_MATCH""]","{""id"":false,""sourceId"":false,""scientific"":false,""normalizedScientific"":false,""slug"":false,""relation"":false}"
"MBRIS:척추동물:472","BM-SPECIES-000470","청새치","Kajikia audax","Kajikia audax","kajikia-audax","LINK_LEGACY_AND_PROMOTE_NEW","A local UI fish record exists, but no staging canonical identity exists; create a new canonical species and retain a legacy mapping.","LEGACY_LOCAL_NAME_MATCH","true","[""LOCAL_UI_NAME_MATCH""]","{""id"":false,""sourceId"":false,""scientific"":false,""normalizedScientific"":false,""slug"":false,""relation"":false}"
"MBRIS:척추동물:475","BM-SPECIES-000473","돛새치","Istiophorus platypterus","Istiophorus platypterus","istiophorus-platypterus","LINK_LEGACY_AND_PROMOTE_NEW","A local UI fish record exists, but no staging canonical identity exists; create a new canonical species and retain a legacy mapping.","LEGACY_LOCAL_SOURCE_LINK","true","[""FISH_DATA_LINKED_korean_candidate"",""LOCAL_UI_NAME_MATCH""]","{""id"":false,""sourceId"":false,""scientific"":false,""normalizedScientific"":false,""slug"":false,""relation"":false}"
"MBRIS:척추동물:481","BM-SPECIES-000479","황새치","Xiphias gladius","Xiphias gladius","xiphias-gladius","LINK_LEGACY_AND_PROMOTE_NEW","A local UI fish record exists, but no staging canonical identity exists; create a new canonical species and retain a legacy mapping.","LEGACY_LOCAL_SOURCE_LINK","true","[""FISH_DATA_LINKED_korean_candidate"",""LOCAL_UI_NAME_MATCH""]","{""id"":false,""sourceId"":false,""scientific"":false,""normalizedScientific"":false,""slug"":false,""relation"":false}"
"MBRIS:척추동물:490","BM-SPECIES-000488","전갱이","Trachurus japonicus","Trachurus japonicus","trachurus-japonicus","LINK_LEGACY_AND_PROMOTE_NEW","A local UI fish record exists, but no staging canonical identity exists; create a new canonical species and retain a legacy mapping.","LEGACY_LOCAL_SOURCE_LINK","true","[""FISH_DATA_LINKED_scientific_exact"",""LOCAL_UI_NAME_MATCH"",""NIFS_LINKED_scientific_exact""]","{""id"":false,""sourceId"":false,""scientific"":false,""normalizedScientific"":false,""slug"":false,""relation"":false}"
"MBRIS:척추동물:494","BM-SPECIES-000492","흑점줄전갱이","Pseudocaranx dentex","Pseudocaranx dentex","pseudocaranx-dentex","LINK_LEGACY_AND_PROMOTE_NEW","A local UI fish record exists, but no staging canonical identity exists; create a new canonical species and retain a legacy mapping.","LEGACY_LOCAL_NAME_MATCH","true","[""LOCAL_UI_NAME_MATCH""]","{""id"":false,""sourceId"":false,""scientific"":false,""normalizedScientific"":false,""slug"":false,""relation"":false}"
"MBRIS:척추동물:501","BM-SPECIES-000499","잿방어","Seriola dumerili","Seriola dumerili","seriola-dumerili","LINK_LEGACY_AND_PROMOTE_NEW","A local UI fish record exists, but no staging canonical identity exists; create a new canonical species and retain a legacy mapping.","LEGACY_LOCAL_NAME_MATCH","true","[""LOCAL_UI_NAME_MATCH""]","{""id"":false,""sourceId"":false,""scientific"":false,""normalizedScientific"":false,""slug"":false,""relation"":false}"
"MBRIS:척추동물:502","BM-SPECIES-000500","부시리","Seriola aureovittata","Seriola aureovittata","seriola-aureovittata","LINK_LEGACY_AND_PROMOTE_NEW","A local UI fish record exists, but no staging canonical identity exists; create a new canonical species and retain a legacy mapping.","LEGACY_LOCAL_SOURCE_LINK","true","[""FISH_DATA_LINKED_korean_candidate"",""LOCAL_UI_NAME_MATCH""]","{""id"":false,""sourceId"":false,""scientific"":false,""normalizedScientific"":false,""slug"":false,""relation"":false}"
"MBRIS:척추동물:503","BM-SPECIES-000501","방어","Seriola quinqueradiata","Seriola quinqueradiata","seriola-quinqueradiata","LINK_LEGACY_AND_PROMOTE_NEW","A local UI fish record exists, but no staging canonical identity exists; create a new canonical species and retain a legacy mapping.","LEGACY_LOCAL_SOURCE_LINK","true","[""FISH_DATA_LINKED_korean_candidate"",""LOCAL_UI_NAME_MATCH""]","{""id"":false,""sourceId"":false,""scientific"":false,""normalizedScientific"":false,""slug"":false,""relation"":false}"
"MBRIS:척추동물:542","BM-SPECIES-000540","용가자미","Cleisthenes pinetorum","Cleisthenes pinetorum","cleisthenes-pinetorum","LINK_LEGACY_AND_PROMOTE_NEW","A local UI fish record exists, but no staging canonical identity exists; create a new canonical species and retain a legacy mapping.","LEGACY_LOCAL_NAME_MATCH","true","[""LOCAL_UI_NAME_MATCH""]","{""id"":false,""sourceId"":false,""scientific"":false,""normalizedScientific"":false,""slug"":false,""relation"":false}"
"MBRIS:척추동물:543","BM-SPECIES-000541","줄가자미","Clidoderma asperrimum","Clidoderma asperrimum","clidoderma-asperrimum","LINK_LEGACY_AND_PROMOTE_NEW","A local UI fish record exists, but no staging canonical identity exists; create a new canonical species and retain a legacy mapping.","LEGACY_LOCAL_SOURCE_LINK","true","[""FISH_DATA_LINKED_korean_candidate"",""LOCAL_UI_NAME_MATCH""]","{""id"":false,""sourceId"":false,""scientific"":false,""normalizedScientific"":false,""slug"":false,""relation"":false}"
"MBRIS:척추동물:546","BM-SPECIES-000544","참가자미","Pseudopleuronectes herzensteini","Pseudopleuronectes herzensteini","pseudopleuronectes-herzensteini","LINK_LEGACY_AND_PROMOTE_NEW","A local UI fish record exists, but no staging canonical identity exists; create a new canonical species and retain a legacy mapping.","LEGACY_LOCAL_SOURCE_LINK","true","[""FISH_DATA_LINKED_korean_candidate"",""LOCAL_UI_NAME_MATCH""]","{""id"":false,""sourceId"":false,""scientific"":false,""normalizedScientific"":false,""slug"":false,""relation"":false}"
"MBRIS:척추동물:550","BM-SPECIES-000548","도다리","Pleuronichthys cornutus","Pleuronichthys cornutus","pleuronichthys-cornutus","LINK_LEGACY_AND_PROMOTE_NEW","A local UI fish record exists, but no staging canonical identity exists; create a new canonical species and retain a legacy mapping.","LEGACY_LOCAL_SOURCE_LINK","true","[""FISH_DATA_LINKED_korean_candidate"",""LOCAL_UI_NAME_MATCH""]","{""id"":false,""sourceId"":false,""scientific"":false,""normalizedScientific"":false,""slug"":false,""relation"":false}"
"MBRIS:척추동물:555","BM-SPECIES-000553","홍가자미","Hippoglossoides dubius","Hippoglossoides dubius","hippoglossoides-dubius","LINK_LEGACY_AND_PROMOTE_NEW","A local UI fish record exists, but no staging canonical identity exists; create a new canonical species and retain a legacy mapping.","LEGACY_LOCAL_SOURCE_LINK","true","[""FISH_DATA_LINKED_korean_candidate"",""LOCAL_UI_NAME_MATCH""]","{""id"":false,""sourceId"":false,""scientific"":false,""normalizedScientific"":false,""slug"":false,""relation"":false}"
"MBRIS:척추동물:556","BM-SPECIES-000554","돌가자미","Platichthys bicoloratus","Platichthys bicoloratus","platichthys-bicoloratus","LINK_LEGACY_AND_PROMOTE_NEW","A local UI fish record exists, but no staging canonical identity exists; create a new canonical species and retain a legacy mapping.","LEGACY_LOCAL_SOURCE_LINK","true","[""FISH_DATA_LINKED_korean_candidate"",""LOCAL_UI_NAME_MATCH""]","{""id"":false,""sourceId"":false,""scientific"":false,""normalizedScientific"":false,""slug"":false,""relation"":false}"
"MBRIS:척추동물:557","BM-SPECIES-000555","강도다리","Platichthys stellatus","Platichthys stellatus","platichthys-stellatus","LINK_LEGACY_AND_PROMOTE_NEW","A local UI fish record exists, but no staging canonical identity exists; create a new canonical species and retain a legacy mapping.","LEGACY_LOCAL_SOURCE_LINK","true","[""FISH_DATA_LINKED_korean_candidate"",""LOCAL_UI_NAME_MATCH""]","{""id"":false,""sourceId"":false,""scientific"":false,""normalizedScientific"":false,""slug"":false,""relation"":false}"
"MBRIS:척추동물:558","BM-SPECIES-000556","각시가자미","Limanda aspera","Limanda aspera","limanda-aspera","LINK_LEGACY_AND_PROMOTE_NEW","A local UI fish record exists, but no staging canonical identity exists; create a new canonical species and retain a legacy mapping.","LEGACY_LOCAL_NAME_MATCH","true","[""LOCAL_UI_NAME_MATCH""]","{""id"":false,""sourceId"":false,""scientific"":false,""normalizedScientific"":false,""slug"":false,""relation"":false}"
"MBRIS:척추동물:568","BM-SPECIES-000566","박대","Cynoglossus semilaevis","Cynoglossus semilaevis","cynoglossus-semilaevis","LINK_LEGACY_AND_PROMOTE_NEW","A local UI fish record exists, but no staging canonical identity exists; create a new canonical species and retain a legacy mapping.","LEGACY_LOCAL_NAME_MATCH","true","[""LOCAL_UI_NAME_MATCH""]","{""id"":false,""sourceId"":false,""scientific"":false,""normalizedScientific"":false,""slug"":false,""relation"":false}"
"MBRIS:척추동물:578","BM-SPECIES-000576","양미리","Ammodytes heian","Ammodytes heian","ammodytes-heian","LINK_LEGACY_AND_PROMOTE_NEW","A local UI fish record exists, but no staging canonical identity exists; create a new canonical species and retain a legacy mapping.","LEGACY_LOCAL_NAME_MATCH","true","[""LOCAL_UI_NAME_MATCH""]","{""id"":false,""sourceId"":false,""scientific"":false,""normalizedScientific"":false,""slug"":false,""relation"":false}"
"MBRIS:척추동물:580","BM-SPECIES-000578","쌍동가리","Parapercis sexfasciata","Parapercis sexfasciata","parapercis-sexfasciata","LINK_LEGACY_AND_PROMOTE_NEW","A local UI fish record exists, but no staging canonical identity exists; create a new canonical species and retain a legacy mapping.","LEGACY_LOCAL_NAME_MATCH","true","[""LOCAL_UI_NAME_MATCH""]","{""id"":false,""sourceId"":false,""scientific"":false,""normalizedScientific"":false,""slug"":false,""relation"":false}"
"MBRIS:척추동물:596","BM-SPECIES-000594","놀래기","Halichoeres tenuispinis","Halichoeres tenuispinis","halichoeres-tenuispinis","LINK_LEGACY_AND_PROMOTE_NEW","A local UI fish record exists, but no staging canonical identity exists; create a new canonical species and retain a legacy mapping.","LEGACY_LOCAL_SOURCE_LINK","true","[""FISH_DATA_LINKED_korean_candidate"",""LOCAL_UI_NAME_MATCH""]","{""id"":false,""sourceId"":false,""scientific"":false,""normalizedScientific"":false,""slug"":false,""relation"":false}"
"MBRIS:척추동물:609","BM-SPECIES-000607","혹돔","Bodianus reticulatus","Bodianus reticulatus","bodianus-reticulatus","LINK_LEGACY_AND_PROMOTE_NEW","A local UI fish record exists, but no staging canonical identity exists; create a new canonical species and retain a legacy mapping.","LEGACY_LOCAL_NAME_MATCH","true","[""LOCAL_UI_NAME_MATCH""]","{""id"":false,""sourceId"":false,""scientific"":false,""normalizedScientific"":false,""slug"":false,""relation"":false}"
"MBRIS:척추동물:627","BM-SPECIES-000625","은상어","Chimaera phantasma","Chimaera phantasma","chimaera-phantasma","LINK_LEGACY_AND_PROMOTE_NEW","A local UI fish record exists, but no staging canonical identity exists; create a new canonical species and retain a legacy mapping.","LEGACY_LOCAL_NAME_MATCH","true","[""LOCAL_UI_NAME_MATCH""]","{""id"":false,""sourceId"":false,""scientific"":false,""normalizedScientific"":false,""slug"":false,""relation"":false}"
"MBRIS:척추동물:651","BM-SPECIES-000649","홍어","Okamejei kenojei","Okamejei kenojei","okamejei-kenojei","LINK_LEGACY_AND_PROMOTE_NEW","A local UI fish record exists, but no staging canonical identity exists; create a new canonical species and retain a legacy mapping.","LEGACY_LOCAL_SOURCE_LINK","true","[""FISH_DATA_LINKED_korean_candidate"",""LOCAL_UI_NAME_MATCH""]","{""id"":false,""sourceId"":false,""scientific"":false,""normalizedScientific"":false,""slug"":false,""relation"":false}"
"MBRIS:척추동물:656","BM-SPECIES-000654","돌묵상어","Cetorhinus maximus","Cetorhinus maximus","cetorhinus-maximus","LINK_LEGACY_AND_PROMOTE_NEW","A local UI fish record exists, but no staging canonical identity exists; create a new canonical species and retain a legacy mapping.","LEGACY_LOCAL_NAME_MATCH","true","[""LOCAL_UI_NAME_MATCH""]","{""id"":false,""sourceId"":false,""scientific"":false,""normalizedScientific"":false,""slug"":false,""relation"":false}"
"MBRIS:척추동물:664","BM-SPECIES-000662","귀상어","Sphyrna zygaena","Sphyrna zygaena","sphyrna-zygaena","LINK_LEGACY_AND_PROMOTE_NEW","A local UI fish record exists, but no staging canonical identity exists; create a new canonical species and retain a legacy mapping.","LEGACY_LOCAL_NAME_MATCH","true","[""LOCAL_UI_NAME_MATCH""]","{""id"":false,""sourceId"":false,""scientific"":false,""normalizedScientific"":false,""slug"":false,""relation"":false}"
"MBRIS:척추동물:675","BM-SPECIES-000673","청새리상어","Prionace glauca","Prionace glauca","prionace-glauca","LINK_LEGACY_AND_PROMOTE_NEW","A local UI fish record exists, but no staging canonical identity exists; create a new canonical species and retain a legacy mapping.","LEGACY_LOCAL_NAME_MATCH","true","[""LOCAL_UI_NAME_MATCH""]","{""id"":false,""sourceId"":false,""scientific"":false,""normalizedScientific"":false,""slug"":false,""relation"":false}"
"MBRIS:척추동물:678","BM-SPECIES-000676","까치상어","Triakis scyllium","Triakis scyllium","triakis-scyllium","LINK_LEGACY_AND_PROMOTE_NEW","A local UI fish record exists, but no staging canonical identity exists; create a new canonical species and retain a legacy mapping.","LEGACY_LOCAL_NAME_MATCH","true","[""LOCAL_UI_NAME_MATCH""]","{""id"":false,""sourceId"":false,""scientific"":false,""normalizedScientific"":false,""slug"":false,""relation"":false}"
"MBRIS:척추동물:686","BM-SPECIES-000684","전기가오리","Narke japonica","Narke japonica","narke-japonica","LINK_LEGACY_AND_PROMOTE_NEW","A local UI fish record exists, but no staging canonical identity exists; create a new canonical species and retain a legacy mapping.","LEGACY_LOCAL_NAME_MATCH","true","[""LOCAL_UI_NAME_MATCH""]","{""id"":false,""sourceId"":false,""scientific"":false,""normalizedScientific"":false,""slug"":false,""relation"":false}"
"MBRIS:척추동물:697","BM-SPECIES-000695","노랑가오리","Hemitrygon akajei","Hemitrygon akajei","hemitrygon-akajei","LINK_LEGACY_AND_PROMOTE_NEW","A local UI fish record exists, but no staging canonical identity exists; create a new canonical species and retain a legacy mapping.","LEGACY_LOCAL_NAME_MATCH","true","[""LOCAL_UI_NAME_MATCH""]","{""id"":false,""sourceId"":false,""scientific"":false,""normalizedScientific"":false,""slug"":false,""relation"":false}"
"MBRIS:척추동물:712","BM-SPECIES-000710","먹장어","Eptatretus burgeri","Eptatretus burgeri","eptatretus-burgeri","LINK_LEGACY_AND_PROMOTE_NEW","A local UI fish record exists, but no staging canonical identity exists; create a new canonical species and retain a legacy mapping.","LEGACY_LOCAL_SOURCE_LINK","true","[""FISH_DATA_LINKED_korean_candidate"",""LOCAL_UI_NAME_MATCH""]","{""id"":false,""sourceId"":false,""scientific"":false,""normalizedScientific"":false,""slug"":false,""relation"":false}"
"MBRIS:척추동물:753","BM-SPECIES-000751","감성돔","Acanthopagrus schlegelii","Acanthopagrus schlegelii","acanthopagrus-schlegelii","LINK_LEGACY_AND_PROMOTE_NEW","A local UI fish record exists, but no staging canonical identity exists; create a new canonical species and retain a legacy mapping.","LEGACY_LOCAL_SOURCE_LINK","true","[""FISH_DATA_LINKED_korean_candidate"",""LOCAL_UI_NAME_MATCH""]","{""id"":false,""sourceId"":false,""scientific"":false,""normalizedScientific"":false,""slug"":false,""relation"":false}"
"MBRIS:척추동물:754","BM-SPECIES-000752","청돔","Rhabdosargus sarba","Rhabdosargus sarba","rhabdosargus-sarba","LINK_LEGACY_AND_PROMOTE_NEW","A local UI fish record exists, but no staging canonical identity exists; create a new canonical species and retain a legacy mapping.","LEGACY_LOCAL_NAME_MATCH","true","[""LOCAL_UI_NAME_MATCH""]","{""id"":false,""sourceId"":false,""scientific"":false,""normalizedScientific"":false,""slug"":false,""relation"":false}"
"MBRIS:척추동물:755","BM-SPECIES-000753","황돔","Dentex hypselosomus","Dentex hypselosomus","dentex-hypselosomus","LINK_LEGACY_AND_PROMOTE_NEW","A local UI fish record exists, but no staging canonical identity exists; create a new canonical species and retain a legacy mapping.","LEGACY_LOCAL_NAME_MATCH","true","[""LOCAL_UI_NAME_MATCH""]","{""id"":false,""sourceId"":false,""scientific"":false,""normalizedScientific"":false,""slug"":false,""relation"":false}"
"MBRIS:척추동물:757","BM-SPECIES-000755","참돔","Pagrus major","Pagrus major","pagrus-major","LINK_LEGACY_AND_PROMOTE_NEW","A local UI fish record exists, but no staging canonical identity exists; create a new canonical species and retain a legacy mapping.","LEGACY_LOCAL_SOURCE_LINK","true","[""FISH_DATA_LINKED_korean_candidate"",""LOCAL_UI_NAME_MATCH""]","{""id"":false,""sourceId"":false,""scientific"":false,""normalizedScientific"":false,""slug"":false,""relation"":false}"
"MBRIS:척추동물:759","BM-SPECIES-000757","붉돔","Evynnis tumifrons","Evynnis tumifrons","evynnis-tumifrons","LINK_LEGACY_AND_PROMOTE_NEW","A local UI fish record exists, but no staging canonical identity exists; create a new canonical species and retain a legacy mapping.","LEGACY_LOCAL_NAME_MATCH","true","[""LOCAL_UI_NAME_MATCH""]","{""id"":false,""sourceId"":false,""scientific"":false,""normalizedScientific"":false,""slug"":false,""relation"":false}"
"MBRIS:척추동물:762","BM-SPECIES-000760","갈돔","Lethrinus nebulosus","Lethrinus nebulosus","lethrinus-nebulosus","LINK_LEGACY_AND_PROMOTE_NEW","A local UI fish record exists, but no staging canonical identity exists; create a new canonical species and retain a legacy mapping.","LEGACY_LOCAL_NAME_MATCH","true","[""LOCAL_UI_NAME_MATCH""]","{""id"":false,""sourceId"":false,""scientific"":false,""normalizedScientific"":false,""slug"":false,""relation"":false}"
"MBRIS:척추동물:763","BM-SPECIES-000761","구갈돔","Lethrinus haematopterus","Lethrinus haematopterus","lethrinus-haematopterus","LINK_LEGACY_AND_PROMOTE_NEW","A local UI fish record exists, but no staging canonical identity exists; create a new canonical species and retain a legacy mapping.","LEGACY_LOCAL_NAME_MATCH","true","[""LOCAL_UI_NAME_MATCH""]","{""id"":false,""sourceId"":false,""scientific"":false,""normalizedScientific"":false,""slug"":false,""relation"":false}"
"MBRIS:척추동물:766","BM-SPECIES-000764","군평선이","Hapalogenys analis","Hapalogenys analis","hapalogenys-analis","LINK_LEGACY_AND_PROMOTE_NEW","A local UI fish record exists, but no staging canonical identity exists; create a new canonical species and retain a legacy mapping.","LEGACY_LOCAL_NAME_MATCH","true","[""LOCAL_UI_NAME_MATCH""]","{""id"":false,""sourceId"":false,""scientific"":false,""normalizedScientific"":false,""slug"":false,""relation"":false}"
"MBRIS:척추동물:768","BM-SPECIES-000766","동갈돗돔","Hapalogenys nigripinnis","Hapalogenys nigripinnis","hapalogenys-nigripinnis","LINK_LEGACY_AND_PROMOTE_NEW","A local UI fish record exists, but no staging canonical identity exists; create a new canonical species and retain a legacy mapping.","LEGACY_LOCAL_NAME_MATCH","true","[""LOCAL_UI_NAME_MATCH""]","{""id"":false,""sourceId"":false,""scientific"":false,""normalizedScientific"":false,""slug"":false,""relation"":false}"
"MBRIS:척추동물:794","BM-SPECIES-000792","벤자리","Parapristipoma trilineatum","Parapristipoma trilineatum","parapristipoma-trilineatum","LINK_LEGACY_AND_PROMOTE_NEW","A local UI fish record exists, but no staging canonical identity exists; create a new canonical species and retain a legacy mapping.","LEGACY_LOCAL_NAME_MATCH","true","[""LOCAL_UI_NAME_MATCH""]","{""id"":false,""sourceId"":false,""scientific"":false,""normalizedScientific"":false,""slug"":false,""relation"":false}"
"MBRIS:척추동물:802","BM-SPECIES-000800","독가시치","Siganus fuscescens","Siganus fuscescens","siganus-fuscescens","LINK_LEGACY_AND_PROMOTE_NEW","A local UI fish record exists, but no staging canonical identity exists; create a new canonical species and retain a legacy mapping.","LEGACY_LOCAL_SOURCE_LINK","true","[""FISH_DATA_LINKED_korean_candidate"",""LOCAL_UI_NAME_MATCH""]","{""id"":false,""sourceId"":false,""scientific"":false,""normalizedScientific"":false,""slug"":false,""relation"":false}"
"MBRIS:척추동물:820","BM-SPECIES-000818","보리멸","Sillago sihama","Sillago sihama","sillago-sihama","LINK_LEGACY_AND_PROMOTE_NEW","A local UI fish record exists, but no staging canonical identity exists; create a new canonical species and retain a legacy mapping.","LEGACY_LOCAL_SOURCE_LINK","true","[""FISH_DATA_LINKED_korean_candidate"",""LOCAL_UI_NAME_MATCH""]","{""id"":false,""sourceId"":false,""scientific"":false,""normalizedScientific"":false,""slug"":false,""relation"":false}"
"MBRIS:척추동물:827","BM-SPECIES-000825","옥돔","Branchiostegus japonicus","Branchiostegus japonicus","branchiostegus-japonicus","LINK_LEGACY_AND_PROMOTE_NEW","A local UI fish record exists, but no staging canonical identity exists; create a new canonical species and retain a legacy mapping.","LEGACY_LOCAL_SOURCE_LINK","true","[""FISH_DATA_LINKED_scientific_exact"",""LOCAL_UI_NAME_MATCH"",""NIFS_LINKED_scientific_exact""]","{""id"":false,""sourceId"":false,""scientific"":false,""normalizedScientific"":false,""slug"":false,""relation"":false}"
"MBRIS:척추동물:841","BM-SPECIES-000839","보구치","Pennahia argentata","Pennahia argentata","pennahia-argentata","LINK_LEGACY_AND_PROMOTE_NEW","A local UI fish record exists, but no staging canonical identity exists; create a new canonical species and retain a legacy mapping.","LEGACY_LOCAL_NAME_MATCH","true","[""LOCAL_UI_NAME_MATCH""]","{""id"":false,""sourceId"":false,""scientific"":false,""normalizedScientific"":false,""slug"":false,""relation"":false}"
"MBRIS:척추동물:842","BM-SPECIES-000840","민어","Miichthys miiuy","Miichthys miiuy","miichthys-miiuy","LINK_LEGACY_AND_PROMOTE_NEW","A local UI fish record exists, but no staging canonical identity exists; create a new canonical species and retain a legacy mapping.","LEGACY_LOCAL_SOURCE_LINK","true","[""FISH_DATA_LINKED_korean_candidate"",""LOCAL_UI_NAME_MATCH""]","{""id"":false,""sourceId"":false,""scientific"":false,""normalizedScientific"":false,""slug"":false,""relation"":false}"
"MBRIS:척추동물:844","BM-SPECIES-000842","부세","Larimichthys crocea","Larimichthys crocea","larimichthys-crocea","LINK_LEGACY_AND_PROMOTE_NEW","A local UI fish record exists, but no staging canonical identity exists; create a new canonical species and retain a legacy mapping.","LEGACY_LOCAL_NAME_MATCH","true","[""LOCAL_UI_NAME_MATCH""]","{""id"":false,""sourceId"":false,""scientific"":false,""normalizedScientific"":false,""slug"":false,""relation"":false}"
"MBRIS:척추동물:845","BM-SPECIES-000843","꼬마민어","Protonibea diacanthus","Protonibea diacanthus","protonibea-diacanthus","LINK_LEGACY_AND_PROMOTE_NEW","A local UI fish record exists, but no staging canonical identity exists; create a new canonical species and retain a legacy mapping.","LEGACY_LOCAL_NAME_MATCH","true","[""LOCAL_UI_NAME_MATCH""]","{""id"":false,""sourceId"":false,""scientific"":false,""normalizedScientific"":false,""slug"":false,""relation"":false}"
"MBRIS:척추동물:869","BM-SPECIES-000867","동갈치","Strongylura anastomella","Strongylura anastomella","strongylura-anastomella","LINK_LEGACY_AND_PROMOTE_NEW","A local UI fish record exists, but no staging canonical identity exists; create a new canonical species and retain a legacy mapping.","LEGACY_LOCAL_NAME_MATCH","true","[""LOCAL_UI_NAME_MATCH""]","{""id"":false,""sourceId"":false,""scientific"":false,""normalizedScientific"":false,""slug"":false,""relation"":false}"
"MBRIS:척추동물:883","BM-SPECIES-000881","꽁치","Cololabis saira","Cololabis saira","cololabis-saira","LINK_LEGACY_AND_PROMOTE_NEW","A local UI fish record exists, but no staging canonical identity exists; create a new canonical species and retain a legacy mapping.","LEGACY_LOCAL_SOURCE_LINK","true","[""FISH_DATA_LINKED_korean_candidate"",""LOCAL_UI_NAME_MATCH""]","{""id"":false,""sourceId"":false,""scientific"":false,""normalizedScientific"":false,""slug"":false,""relation"":false}"
"MBRIS:척추동물:886","BM-SPECIES-000884","학공치","Hyporhamphus sajori","Hyporhamphus sajori","hyporhamphus-sajori","LINK_LEGACY_AND_PROMOTE_NEW","A local UI fish record exists, but no staging canonical identity exists; create a new canonical species and retain a legacy mapping.","LEGACY_LOCAL_SOURCE_LINK","true","[""FISH_DATA_LINKED_korean_candidate"",""LOCAL_UI_NAME_MATCH""]","{""id"":false,""sourceId"":false,""scientific"":false,""normalizedScientific"":false,""slug"":false,""relation"":false}"
"MBRIS:척추동물:902","BM-SPECIES-000900","갯장어","Muraenesox cinereus","Muraenesox cinereus","muraenesox-cinereus","LINK_LEGACY_AND_PROMOTE_NEW","A local UI fish record exists, but no staging canonical identity exists; create a new canonical species and retain a legacy mapping.","LEGACY_LOCAL_SOURCE_LINK","true","[""FISH_DATA_LINKED_scientific_exact"",""LOCAL_UI_NAME_MATCH"",""NIFS_LINKED_scientific_exact""]","{""id"":false,""sourceId"":false,""scientific"":false,""normalizedScientific"":false,""slug"":false,""relation"":false}"
"MBRIS:척추동물:910","BM-SPECIES-000908","붕장어","Conger myriaster","Conger myriaster","conger-myriaster","LINK_LEGACY_AND_PROMOTE_NEW","A local UI fish record exists, but no staging canonical identity exists; create a new canonical species and retain a legacy mapping.","LEGACY_LOCAL_SOURCE_LINK","true","[""FISH_DATA_LINKED_korean_candidate"",""LOCAL_UI_NAME_MATCH""]","{""id"":false,""sourceId"":false,""scientific"":false,""normalizedScientific"":false,""slug"":false,""relation"":false}"
"MBRIS:척추동물:937","BM-SPECIES-000935","곰치","Gymnothorax kidako","Gymnothorax kidako","gymnothorax-kidako","LINK_LEGACY_AND_PROMOTE_NEW","A local UI fish record exists, but no staging canonical identity exists; create a new canonical species and retain a legacy mapping.","LEGACY_LOCAL_SOURCE_LINK","true","[""FISH_DATA_LINKED_korean_candidate"",""LOCAL_UI_NAME_MATCH""]","{""id"":false,""sourceId"":false,""scientific"":false,""normalizedScientific"":false,""slug"":false,""relation"":false}"
"MBRIS:척추동물:960","BM-SPECIES-000958","황어","Pseudaspius hakonensis","Pseudaspius hakonensis","pseudaspius-hakonensis","LINK_LEGACY_AND_PROMOTE_NEW","A local UI fish record exists, but no staging canonical identity exists; create a new canonical species and retain a legacy mapping.","LEGACY_LOCAL_SOURCE_LINK","true","[""FISH_DATA_LINKED_korean_candidate"",""LOCAL_UI_NAME_MATCH""]","{""id"":false,""sourceId"":false,""scientific"":false,""normalizedScientific"":false,""slug"":false,""relation"":false}"
"MBRIS:척추동물:1014","BM-SPECIES-001012","쏠종개","Plotosus japonicus","Plotosus japonicus","plotosus-japonicus","LINK_LEGACY_AND_PROMOTE_NEW","A local UI fish record exists, but no staging canonical identity exists; create a new canonical species and retain a legacy mapping.","LEGACY_LOCAL_SOURCE_LINK","true","[""FISH_DATA_LINKED_korean_candidate"",""LOCAL_UI_NAME_MATCH""]","{""id"":false,""sourceId"":false,""scientific"":false,""normalizedScientific"":false,""slug"":false,""relation"":false}"
"MBRIS:척추동물:1020","BM-SPECIES-001018","붉은메기","Hoplobrotula armata","Hoplobrotula armata","hoplobrotula-armata","LINK_LEGACY_AND_PROMOTE_NEW","A local UI fish record exists, but no staging canonical identity exists; create a new canonical species and retain a legacy mapping.","LEGACY_LOCAL_NAME_MATCH","true","[""LOCAL_UI_NAME_MATCH""]","{""id"":false,""sourceId"":false,""scientific"":false,""normalizedScientific"":false,""slug"":false,""relation"":false}"
"MBRIS:척추동물:1024","BM-SPECIES-001022","청어","Clupea pallasii","Clupea pallasii","clupea-pallasii","LINK_LEGACY_AND_PROMOTE_NEW","A local UI fish record exists, but no staging canonical identity exists; create a new canonical species and retain a legacy mapping.","LEGACY_LOCAL_SOURCE_LINK","true","[""FISH_DATA_LINKED_korean_candidate"",""LOCAL_UI_NAME_MATCH""]","{""id"":false,""sourceId"":false,""scientific"":false,""normalizedScientific"":false,""slug"":false,""relation"":false}"
"MBRIS:척추동물:1031","BM-SPECIES-001029","멸치","Engraulis japonicus","Engraulis japonicus","engraulis-japonicus","LINK_LEGACY_AND_PROMOTE_NEW","A local UI fish record exists, but no staging canonical identity exists; create a new canonical species and retain a legacy mapping.","LEGACY_LOCAL_SOURCE_LINK","true","[""FISH_DATA_LINKED_korean_candidate"",""LOCAL_UI_NAME_MATCH""]","{""id"":false,""sourceId"":false,""scientific"":false,""normalizedScientific"":false,""slug"":false,""relation"":false}"
"MBRIS:척추동물:1032","BM-SPECIES-001030","준치","Ilisha elongata","Ilisha elongata","ilisha-elongata","LINK_LEGACY_AND_PROMOTE_NEW","A local UI fish record exists, but no staging canonical identity exists; create a new canonical species and retain a legacy mapping.","LEGACY_LOCAL_SOURCE_LINK","true","[""FISH_DATA_LINKED_korean_candidate"",""LOCAL_UI_NAME_MATCH""]","{""id"":false,""sourceId"":false,""scientific"":false,""normalizedScientific"":false,""slug"":false,""relation"":false}"
"MBRIS:척추동물:1039","BM-SPECIES-001037","전어","Konosirus punctatus","Konosirus punctatus","konosirus-punctatus","LINK_LEGACY_AND_PROMOTE_NEW","A local UI fish record exists, but no staging canonical identity exists; create a new canonical species and retain a legacy mapping.","LEGACY_LOCAL_SOURCE_LINK","true","[""FISH_DATA_LINKED_korean_candidate"",""LOCAL_UI_NAME_MATCH""]","{""id"":false,""sourceId"":false,""scientific"":false,""normalizedScientific"":false,""slug"":false,""relation"":false}"
"MBRIS:척추동물:1042","BM-SPECIES-001040","정어리","Sardinops melanosticta","Sardinops melanosticta","sardinops-melanosticta","LINK_LEGACY_AND_PROMOTE_NEW","A local UI fish record exists, but no staging canonical identity exists; create a new canonical species and retain a legacy mapping.","LEGACY_LOCAL_SOURCE_LINK","true","[""FISH_DATA_LINKED_korean_candidate"",""LOCAL_UI_NAME_MATCH""]","{""id"":false,""sourceId"":false,""scientific"":false,""normalizedScientific"":false,""slug"":false,""relation"":false}"
"MBRIS:척추동물:1058","BM-SPECIES-001056","대구","Gadus macrocephalus","Gadus macrocephalus","gadus-macrocephalus","LINK_LEGACY_AND_PROMOTE_NEW","A local UI fish record exists, but no staging canonical identity exists; create a new canonical species and retain a legacy mapping.","LEGACY_LOCAL_SOURCE_LINK","true","[""FISH_DATA_LINKED_scientific_exact"",""LOCAL_UI_NAME_MATCH"",""NIFS_LINKED_scientific_exact""]","{""id"":false,""sourceId"":false,""scientific"":false,""normalizedScientific"":false,""slug"":false,""relation"":false}"
"MBRIS:척추동물:1059","BM-SPECIES-001057","명태","Gadus chalcogrammus","Gadus chalcogrammus","gadus-chalcogrammus","LINK_LEGACY_AND_PROMOTE_NEW","A local UI fish record exists, but no staging canonical identity exists; create a new canonical species and retain a legacy mapping.","LEGACY_LOCAL_SOURCE_LINK","true","[""FISH_DATA_LINKED_synonym"",""LOCAL_UI_NAME_MATCH"",""NIFS_LINKED_synonym""]","{""id"":false,""sourceId"":false,""scientific"":false,""normalizedScientific"":false,""slug"":false,""relation"":false}"
"MBRIS:척추동물:1086","BM-SPECIES-001084","가시망둑","Pseudoblennius cottoides","Pseudoblennius cottoides","pseudoblennius-cottoides","LINK_LEGACY_AND_PROMOTE_NEW","A local UI fish record exists, but no staging canonical identity exists; create a new canonical species and retain a legacy mapping.","LEGACY_LOCAL_NAME_MATCH","true","[""LOCAL_UI_NAME_MATCH""]","{""id"":false,""sourceId"":false,""scientific"":false,""normalizedScientific"":false,""slug"":false,""relation"":false}"
"MBRIS:척추동물:1088","BM-SPECIES-001086","돌팍망둑","Pseudoblennius percoides","Pseudoblennius percoides","pseudoblennius-percoides","LINK_LEGACY_AND_PROMOTE_NEW","A local UI fish record exists, but no staging canonical identity exists; create a new canonical species and retain a legacy mapping.","LEGACY_LOCAL_NAME_MATCH","true","[""LOCAL_UI_NAME_MATCH""]","{""id"":false,""sourceId"":false,""scientific"":false,""normalizedScientific"":false,""slug"":false,""relation"":false}"
"MBRIS:척추동물:1106","BM-SPECIES-001104","대구횟대","Gymnocanthus herzensteini","Gymnocanthus herzensteini","gymnocanthus-herzensteini","LINK_LEGACY_AND_PROMOTE_NEW","A local UI fish record exists, but no staging canonical identity exists; create a new canonical species and retain a legacy mapping.","LEGACY_LOCAL_NAME_MATCH","true","[""LOCAL_UI_NAME_MATCH""]","{""id"":false,""sourceId"":false,""scientific"":false,""normalizedScientific"":false,""slug"":false,""relation"":false}"
"MBRIS:척추동물:1125","BM-SPECIES-001123","베도라치","Pholis nebulosa","Pholis nebulosa","pholis-nebulosa","LINK_LEGACY_AND_PROMOTE_NEW","A local UI fish record exists, but no staging canonical identity exists; create a new canonical species and retain a legacy mapping.","LEGACY_LOCAL_NAME_MATCH","true","[""LOCAL_UI_NAME_MATCH""]","{""id"":false,""sourceId"":false,""scientific"":false,""normalizedScientific"":false,""slug"":false,""relation"":false}"
"MBRIS:척추동물:1137","BM-SPECIES-001135","성대","Chelidonichthys spinosus","Chelidonichthys spinosus","chelidonichthys-spinosus","LINK_LEGACY_AND_PROMOTE_NEW","A local UI fish record exists, but no staging canonical identity exists; create a new canonical species and retain a legacy mapping.","LEGACY_LOCAL_SOURCE_LINK","true","[""FISH_DATA_LINKED_korean_candidate"",""LOCAL_UI_NAME_MATCH""]","{""id"":false,""sourceId"":false,""scientific"":false,""normalizedScientific"":false,""slug"":false,""relation"":false}"
"MBRIS:척추동물:1155","BM-SPECIES-001153","쑤기미","Inimicus japonicus","Inimicus japonicus","inimicus-japonicus","LINK_LEGACY_AND_PROMOTE_NEW","A local UI fish record exists, but no staging canonical identity exists; create a new canonical species and retain a legacy mapping.","LEGACY_LOCAL_SOURCE_LINK","true","[""FISH_DATA_LINKED_korean_candidate"",""LOCAL_UI_NAME_MATCH""]","{""id"":false,""sourceId"":false,""scientific"":false,""normalizedScientific"":false,""slug"":false,""relation"":false}"
"MBRIS:척추동물:1159","BM-SPECIES-001157","미역치","Paracentropogon rubripinnis","Paracentropogon rubripinnis","paracentropogon-rubripinnis","LINK_LEGACY_AND_PROMOTE_NEW","A local UI fish record exists, but no staging canonical identity exists; create a new canonical species and retain a legacy mapping.","LEGACY_LOCAL_SOURCE_LINK","true","[""FISH_DATA_LINKED_korean_candidate"",""LOCAL_UI_NAME_MATCH""]","{""id"":false,""sourceId"":false,""scientific"":false,""normalizedScientific"":false,""slug"":false,""relation"":false}"
"MBRIS:척추동물:1163","BM-SPECIES-001161","임연수어","Pleurogrammus azonus","Pleurogrammus azonus","pleurogrammus-azonus","LINK_LEGACY_AND_PROMOTE_NEW","A local UI fish record exists, but no staging canonical identity exists; create a new canonical species and retain a legacy mapping.","LEGACY_LOCAL_SOURCE_LINK","true","[""FISH_DATA_LINKED_korean_candidate"",""LOCAL_UI_NAME_MATCH""]","{""id"":false,""sourceId"":false,""scientific"":false,""normalizedScientific"":false,""slug"":false,""relation"":false}"
"MBRIS:척추동물:1166","BM-SPECIES-001164","노래미","Hexagrammos agrammus","Hexagrammos agrammus","hexagrammos-agrammus","LINK_LEGACY_AND_PROMOTE_NEW","A local UI fish record exists, but no staging canonical identity exists; create a new canonical species and retain a legacy mapping.","LEGACY_LOCAL_SOURCE_LINK","true","[""FISH_DATA_LINKED_korean_candidate"",""LOCAL_UI_NAME_MATCH""]","{""id"":false,""sourceId"":false,""scientific"":false,""normalizedScientific"":false,""slug"":false,""relation"":false}"
"MBRIS:척추동물:1167","BM-SPECIES-001165","쥐노래미","Hexagrammos otakii","Hexagrammos otakii","hexagrammos-otakii","LINK_LEGACY_AND_PROMOTE_NEW","A local UI fish record exists, but no staging canonical identity exists; create a new canonical species and retain a legacy mapping.","LEGACY_LOCAL_SOURCE_LINK","true","[""FISH_DATA_LINKED_korean_candidate"",""LOCAL_UI_NAME_MATCH""]","{""id"":false,""sourceId"":false,""scientific"":false,""normalizedScientific"":false,""slug"":false,""relation"":false}"
"MBRIS:척추동물:1168","BM-SPECIES-001166","도루묵","Arctoscopus japonicus","Arctoscopus japonicus","arctoscopus-japonicus","LINK_LEGACY_AND_PROMOTE_NEW","A local UI fish record exists, but no staging canonical identity exists; create a new canonical species and retain a legacy mapping.","LEGACY_LOCAL_SOURCE_LINK","true","[""LOCAL_UI_NAME_MATCH"",""NIFS_LINKED_scientific_exact""]","{""id"":false,""sourceId"":false,""scientific"":false,""normalizedScientific"":false,""slug"":false,""relation"":false}"
"MBRIS:척추동물:1190","BM-SPECIES-001188","먹갈치","Lycodes nakamurae","Lycodes nakamurae","lycodes-nakamurae","LINK_LEGACY_AND_PROMOTE_NEW","A local UI fish record exists, but no staging canonical identity exists; create a new canonical species and retain a legacy mapping.","LEGACY_LOCAL_NAME_MATCH","true","[""LOCAL_UI_NAME_MATCH""]","{""id"":false,""sourceId"":false,""scientific"":false,""normalizedScientific"":false,""slug"":false,""relation"":false}"
"MBRIS:척추동물:1194","BM-SPECIES-001192","등가시치","Zoarces gillii","Zoarces gillii","zoarces-gillii","LINK_LEGACY_AND_PROMOTE_NEW","A local UI fish record exists, but no staging canonical identity exists; create a new canonical species and retain a legacy mapping.","LEGACY_LOCAL_NAME_MATCH","true","[""LOCAL_UI_NAME_MATCH""]","{""id"":false,""sourceId"":false,""scientific"":false,""normalizedScientific"":false,""slug"":false,""relation"":false}"
"MBRIS:척추동물:1206","BM-SPECIES-001204","자바리","Epinephelus bruneus","Epinephelus bruneus","epinephelus-bruneus","LINK_LEGACY_AND_PROMOTE_NEW","A local UI fish record exists, but no staging canonical identity exists; create a new canonical species and retain a legacy mapping.","LEGACY_LOCAL_SOURCE_LINK","true","[""FISH_DATA_LINKED_korean_candidate"",""LOCAL_UI_NAME_MATCH""]","{""id"":false,""sourceId"":false,""scientific"":false,""normalizedScientific"":false,""slug"":false,""relation"":false}"
"MBRIS:척추동물:1207","BM-SPECIES-001205","붉바리","Epinephelus akaara","Epinephelus akaara","epinephelus-akaara","LINK_LEGACY_AND_PROMOTE_NEW","A local UI fish record exists, but no staging canonical identity exists; create a new canonical species and retain a legacy mapping.","LEGACY_LOCAL_NAME_MATCH","true","[""LOCAL_UI_NAME_MATCH""]","{""id"":false,""sourceId"":false,""scientific"":false,""normalizedScientific"":false,""slug"":false,""relation"":false}"
"MBRIS:척추동물:1217","BM-SPECIES-001215","능성어","Hyporthodus septemfasciatus","Hyporthodus septemfasciatus","hyporthodus-septemfasciatus","LINK_LEGACY_AND_PROMOTE_NEW","A local UI fish record exists, but no staging canonical identity exists; create a new canonical species and retain a legacy mapping.","LEGACY_LOCAL_SOURCE_LINK","true","[""FISH_DATA_LINKED_korean_candidate"",""LOCAL_UI_NAME_MATCH""]","{""id"":false,""sourceId"":false,""scientific"":false,""normalizedScientific"":false,""slug"":false,""relation"":false}"
"MBRIS:척추동물:1229","BM-SPECIES-001227","다금바리","Niphon spinosus","Niphon spinosus","niphon-spinosus","LINK_LEGACY_AND_PROMOTE_NEW","A local UI fish record exists, but no staging canonical identity exists; create a new canonical species and retain a legacy mapping.","LEGACY_LOCAL_SOURCE_LINK","true","[""FISH_DATA_LINKED_korean_candidate"",""LOCAL_UI_NAME_MATCH""]","{""id"":false,""sourceId"":false,""scientific"":false,""normalizedScientific"":false,""slug"":false,""relation"":false}"
"MBRIS:척추동물:1247","BM-SPECIES-001245","홍감펭","Helicolenus hilgendorfii","Helicolenus hilgendorfii","helicolenus-hilgendorfii","LINK_LEGACY_AND_PROMOTE_NEW","A local UI fish record exists, but no staging canonical identity exists; create a new canonical species and retain a legacy mapping.","LEGACY_LOCAL_NAME_MATCH","true","[""LOCAL_UI_NAME_MATCH""]","{""id"":false,""sourceId"":false,""scientific"":false,""normalizedScientific"":false,""slug"":false,""relation"":false}"
"MBRIS:척추동물:1248","BM-SPECIES-001246","점쏠배감펭","Pterois volitans","Pterois volitans","pterois-volitans","LINK_LEGACY_AND_PROMOTE_NEW","A local UI fish record exists, but no staging canonical identity exists; create a new canonical species and retain a legacy mapping.","LEGACY_LOCAL_NAME_MATCH","true","[""LOCAL_UI_NAME_MATCH""]","{""id"":false,""sourceId"":false,""scientific"":false,""normalizedScientific"":false,""slug"":false,""relation"":false}"
"MBRIS:척추동물:1249","BM-SPECIES-001247","쏠배감펭","Pterois lunulata","Pterois lunulata","pterois-lunulata","LINK_LEGACY_AND_PROMOTE_NEW","A local UI fish record exists, but no staging canonical identity exists; create a new canonical species and retain a legacy mapping.","LEGACY_LOCAL_NAME_MATCH","true","[""LOCAL_UI_NAME_MATCH""]","{""id"":false,""sourceId"":false,""scientific"":false,""normalizedScientific"":false,""slug"":false,""relation"":false}"
