canonicalId,internalId,mbrisSourceId,koreanName,scientificName,normalizedScientificName,slug,classification,legacyMappingRequired,publishStatus,reviewStatus,relationPlan,lineagePlan
"BM-SPECIES-000002","BM-SPECIES-000002","MBRIS:척추동물:4","볼락","Sebastes inermis","Sebastes inermis","sebastes-inermis","LINK_LEGACY_AND_PROMOTE_NEW","true","draft","pending","{""action"":""INSERT_IF_ABSENT"",""sourceProvider"":""MBRIS"",""sourceId"":""mbris-national-species-catalog"",""mbrisSourceId"":""MBRIS:척추동물:4"",""isPrimary"":true}","{""action"":""INSERT_IMPORT_LINEAGE"",""sourceProvider"":""MBRIS"",""mbrisSourceId"":""MBRIS:척추동물:4"",""originalKoreanName"":""볼락"",""originalScientificName"":""Sebastes inermis"",""importBatch"":""mbris-review-ready-import-manifest-v1""}"
"BM-SPECIES-000004","BM-SPECIES-000004","MBRIS:척추동물:6","황점볼락","Sebastes oblongus","Sebastes oblongus","sebastes-oblongus","LINK_LEGACY_AND_PROMOTE_NEW","true","draft","pending","{""action"":""INSERT_IF_ABSENT"",""sourceProvider"":""MBRIS"",""sourceId"":""mbris-national-species-catalog"",""mbrisSourceId"":""MBRIS:척추동물:6"",""isPrimary"":true}","{""action"":""INSERT_IMPORT_LINEAGE"",""sourceProvider"":""MBRIS"",""mbrisSourceId"":""MBRIS:척추동물:6"",""originalKoreanName"":""황점볼락"",""originalScientificName"":""Sebastes oblongus"",""importBatch"":""mbris-review-ready-import-manifest-v1""}"
"BM-SPECIES-000011","BM-SPECIES-000011","MBRIS:척추동물:13","개볼락","Sebastes pachycephalus","Sebastes pachycephalus","sebastes-pachycephalus","LINK_LEGACY_AND_PROMOTE_NEW","true","draft","pending","{""action"":""INSERT_IF_ABSENT"",""sourceProvider"":""MBRIS"",""sourceId"":""mbris-national-species-catalog"",""mbrisSourceId"":""MBRIS:척추동물:13"",""isPrimary"":true}","{""action"":""INSERT_IMPORT_LINEAGE"",""sourceProvider"":""MBRIS"",""mbrisSourceId"":""MBRIS:척추동물:13"",""originalKoreanName"":""개볼락"",""originalScientificName"":""Sebastes pachycephalus"",""importBatch"":""mbris-review-ready-import-manifest-v1""}"
"BM-SPECIES-000014","BM-SPECIES-000014","MBRIS:척추동물:16","노랑볼락","Sebastes steindachneri","Sebastes steindachneri","sebastes-steindachneri","LINK_LEGACY_AND_PROMOTE_NEW","true","draft","pending","{""action"":""INSERT_IF_ABSENT"",""sourceProvider"":""MBRIS"",""sourceId"":""mbris-national-species-catalog"",""mbrisSourceId"":""MBRIS:척추동물:16"",""isPrimary"":true}","{""action"":""INSERT_IMPORT_LINEAGE"",""sourceProvider"":""MBRIS"",""mbrisSourceId"":""MBRIS:척추동물:16"",""originalKoreanName"":""노랑볼락"",""originalScientificName"":""Sebastes steindachneri"",""importBatch"":""mbris-review-ready-import-manifest-v1""}"
"BM-SPECIES-000015","BM-SPECIES-000015","MBRIS:척추동물:17","불볼락","Sebastes thompsoni","Sebastes thompsoni","sebastes-thompsoni","LINK_LEGACY_AND_PROMOTE_NEW","true","draft","pending","{""action"":""INSERT_IF_ABSENT"",""sourceProvider"":""MBRIS"",""sourceId"":""mbris-national-species-catalog"",""mbrisSourceId"":""MBRIS:척추동물:17"",""isPrimary"":true}","{""action"":""INSERT_IMPORT_LINEAGE"",""sourceProvider"":""MBRIS"",""mbrisSourceId"":""MBRIS:척추동물:17"",""originalKoreanName"":""불볼락"",""originalScientificName"":""Sebastes thompsoni"",""importBatch"":""mbris-review-ready-import-manifest-v1""}"
"BM-SPECIES-000019","BM-SPECIES-000019","MBRIS:척추동물:21","쏨뱅이","Sebastiscus marmoratus","Sebastiscus marmoratus","sebastiscus-marmoratus","LINK_LEGACY_AND_PROMOTE_NEW","true","draft","pending","{""action"":""INSERT_IF_ABSENT"",""sourceProvider"":""MBRIS"",""sourceId"":""mbris-national-species-catalog"",""mbrisSourceId"":""MBRIS:척추동물:21"",""isPrimary"":true}","{""action"":""INSERT_IMPORT_LINEAGE"",""sourceProvider"":""MBRIS"",""mbrisSourceId"":""MBRIS:척추동물:21"",""originalKoreanName"":""쏨뱅이"",""originalScientificName"":""Sebastiscus marmoratus"",""importBatch"":""mbris-review-ready-import-manifest-v1""}"
"BM-SPECIES-000020","BM-SPECIES-000020","MBRIS:척추동물:22","붉은쏨뱅이","Sebastiscus tertius","Sebastiscus tertius","sebastiscus-tertius","LINK_LEGACY_AND_PROMOTE_NEW","true","draft","pending","{""action"":""INSERT_IF_ABSENT"",""sourceProvider"":""MBRIS"",""sourceId"":""mbris-national-species-catalog"",""mbrisSourceId"":""MBRIS:척추동물:22"",""isPrimary"":true}","{""action"":""INSERT_IMPORT_LINEAGE"",""sourceProvider"":""MBRIS"",""mbrisSourceId"":""MBRIS:척추동물:22"",""originalKoreanName"":""붉은쏨뱅이"",""originalScientificName"":""Sebastiscus tertius"",""importBatch"":""mbris-review-ready-import-manifest-v1""}"
"BM-SPECIES-000042","BM-SPECIES-000042","MBRIS:척추동물:44","삼세기","Hemitripterus villosus","Hemitripterus villosus","hemitripterus-villosus","LINK_LEGACY_AND_PROMOTE_NEW","true","draft","pending","{""action"":""INSERT_IF_ABSENT"",""sourceProvider"":""MBRIS"",""sourceId"":""mbris-national-species-catalog"",""mbrisSourceId"":""MBRIS:척추동물:44"",""isPrimary"":true}","{""action"":""INSERT_IMPORT_LINEAGE"",""sourceProvider"":""MBRIS"",""mbrisSourceId"":""MBRIS:척추동물:44"",""originalKoreanName"":""삼세기"",""originalScientificName"":""Hemitripterus villosus"",""importBatch"":""mbris-review-ready-import-manifest-v1""}"
"BM-SPECIES-000057","BM-SPECIES-000057","MBRIS:척추동물:59","꼼치","Liparis tanakae","Liparis tanakae","liparis-tanakae","LINK_LEGACY_AND_PROMOTE_NEW","true","draft","pending","{""action"":""INSERT_IF_ABSENT"",""sourceProvider"":""MBRIS"",""sourceId"":""mbris-national-species-catalog"",""mbrisSourceId"":""MBRIS:척추동물:59"",""isPrimary"":true}","{""action"":""INSERT_IMPORT_LINEAGE"",""sourceProvider"":""MBRIS"",""mbrisSourceId"":""MBRIS:척추동물:59"",""originalKoreanName"":""꼼치"",""originalScientificName"":""Liparis tanakae"",""importBatch"":""mbris-review-ready-import-manifest-v1""}"
"BM-SPECIES-000060","BM-SPECIES-000060","MBRIS:척추동물:62","물메기","Liparis tessellatus","Liparis tessellatus","liparis-tessellatus","LINK_LEGACY_AND_PROMOTE_NEW","true","draft","pending","{""action"":""INSERT_IF_ABSENT"",""sourceProvider"":""MBRIS"",""sourceId"":""mbris-national-species-catalog"",""mbrisSourceId"":""MBRIS:척추동물:62"",""isPrimary"":true}","{""action"":""INSERT_IMPORT_LINEAGE"",""sourceProvider"":""MBRIS"",""mbrisSourceId"":""MBRIS:척추동물:62"",""originalKoreanName"":""물메기"",""originalScientificName"":""Liparis tessellatus"",""importBatch"":""mbris-review-ready-import-manifest-v1""}"
"BM-SPECIES-000065","BM-SPECIES-000065","MBRIS:척추동물:67","양태","Platycephalus indicus","Platycephalus indicus","platycephalus-indicus","LINK_LEGACY_AND_PROMOTE_NEW","true","draft","pending","{""action"":""INSERT_IF_ABSENT"",""sourceProvider"":""MBRIS"",""sourceId"":""mbris-national-species-catalog"",""mbrisSourceId"":""MBRIS:척추동물:67"",""isPrimary"":true}","{""action"":""INSERT_IMPORT_LINEAGE"",""sourceProvider"":""MBRIS"",""mbrisSourceId"":""MBRIS:척추동물:67"",""originalKoreanName"":""양태"",""originalScientificName"":""Platycephalus indicus"",""importBatch"":""mbris-review-ready-import-manifest-v1""}"
"BM-SPECIES-000080","BM-SPECIES-000080","MBRIS:척추동물:82","아귀","Lophiomus setigerus","Lophiomus setigerus","lophiomus-setigerus","LINK_LEGACY_AND_PROMOTE_NEW","true","draft","pending","{""action"":""INSERT_IF_ABSENT"",""sourceProvider"":""MBRIS"",""sourceId"":""mbris-national-species-catalog"",""mbrisSourceId"":""MBRIS:척추동물:82"",""isPrimary"":true}","{""action"":""INSERT_IMPORT_LINEAGE"",""sourceProvider"":""MBRIS"",""mbrisSourceId"":""MBRIS:척추동물:82"",""originalKoreanName"":""아귀"",""originalScientificName"":""Lophiomus setigerus"",""importBatch"":""mbris-review-ready-import-manifest-v1""}"
"BM-SPECIES-000095","BM-SPECIES-000095","MBRIS:척추동물:97","달고기","Zeus faber","Zeus faber","zeus-faber","LINK_LEGACY_AND_PROMOTE_NEW","true","draft","pending","{""action"":""INSERT_IF_ABSENT"",""sourceProvider"":""MBRIS"",""sourceId"":""mbris-national-species-catalog"",""mbrisSourceId"":""MBRIS:척추동물:97"",""isPrimary"":true}","{""action"":""INSERT_IMPORT_LINEAGE"",""sourceProvider"":""MBRIS"",""mbrisSourceId"":""MBRIS:척추동물:97"",""originalKoreanName"":""달고기"",""originalScientificName"":""Zeus faber"",""importBatch"":""mbris-review-ready-import-manifest-v1""}"
"BM-SPECIES-000097","BM-SPECIES-000097","MBRIS:척추동물:99","숭어","Mugil cephalus","Mugil cephalus","mugil-cephalus","LINK_LEGACY_AND_PROMOTE_NEW","true","draft","pending","{""action"":""INSERT_IF_ABSENT"",""sourceProvider"":""MBRIS"",""sourceId"":""mbris-national-species-catalog"",""mbrisSourceId"":""MBRIS:척추동물:99"",""isPrimary"":true}","{""action"":""INSERT_IMPORT_LINEAGE"",""sourceProvider"":""MBRIS"",""mbrisSourceId"":""MBRIS:척추동물:99"",""originalKoreanName"":""숭어"",""originalScientificName"":""Mugil cephalus"",""importBatch"":""mbris-review-ready-import-manifest-v1""}"
"BM-SPECIES-000103","BM-SPECIES-000103","MBRIS:척추동물:105","가숭어","Planiliza haematocheilus","Planiliza haematocheilus","planiliza-haematocheilus","LINK_LEGACY_AND_PROMOTE_NEW","true","draft","pending","{""action"":""INSERT_IF_ABSENT"",""sourceProvider"":""MBRIS"",""sourceId"":""mbris-national-species-catalog"",""mbrisSourceId"":""MBRIS:척추동물:105"",""isPrimary"":true}","{""action"":""INSERT_IMPORT_LINEAGE"",""sourceProvider"":""MBRIS"",""mbrisSourceId"":""MBRIS:척추동물:105"",""originalKoreanName"":""가숭어"",""originalScientificName"":""Planiliza haematocheilus"",""importBatch"":""mbris-review-ready-import-manifest-v1""}"
"BM-SPECIES-000122","BM-SPECIES-000122","MBRIS:척추동물:124","쥐치","Stephanolepis cirrhifer","Stephanolepis cirrhifer","stephanolepis-cirrhifer","LINK_LEGACY_AND_PROMOTE_NEW","true","draft","pending","{""action"":""INSERT_IF_ABSENT"",""sourceProvider"":""MBRIS"",""sourceId"":""mbris-national-species-catalog"",""mbrisSourceId"":""MBRIS:척추동물:124"",""isPrimary"":true}","{""action"":""INSERT_IMPORT_LINEAGE"",""sourceProvider"":""MBRIS"",""mbrisSourceId"":""MBRIS:척추동물:124"",""originalKoreanName"":""쥐치"",""originalScientificName"":""Stephanolepis cirrhifer"",""importBatch"":""mbris-review-ready-import-manifest-v1""}"
"BM-SPECIES-000129","BM-SPECIES-000129","MBRIS:척추동물:131","말쥐치","Thamnaconus modestus","Thamnaconus modestus","thamnaconus-modestus","LINK_LEGACY_AND_PROMOTE_NEW","true","draft","pending","{""action"":""INSERT_IF_ABSENT"",""sourceProvider"":""MBRIS"",""sourceId"":""mbris-national-species-catalog"",""mbrisSourceId"":""MBRIS:척추동물:131"",""isPrimary"":true}","{""action"":""INSERT_IMPORT_LINEAGE"",""sourceProvider"":""MBRIS"",""mbrisSourceId"":""MBRIS:척추동물:131"",""originalKoreanName"":""말쥐치"",""originalScientificName"":""Thamnaconus modestus"",""importBatch"":""mbris-review-ready-import-manifest-v1""}"
"BM-SPECIES-000143","BM-SPECIES-000143","MBRIS:척추동물:145","가시복","Diodon holocanthus","Diodon holocanthus","diodon-holocanthus","LINK_LEGACY_AND_PROMOTE_NEW","true","draft","pending","{""action"":""INSERT_IF_ABSENT"",""sourceProvider"":""MBRIS"",""sourceId"":""mbris-national-species-catalog"",""mbrisSourceId"":""MBRIS:척추동물:145"",""isPrimary"":true}","{""action"":""INSERT_IMPORT_LINEAGE"",""sourceProvider"":""MBRIS"",""mbrisSourceId"":""MBRIS:척추동물:145"",""originalKoreanName"":""가시복"",""originalScientificName"":""Diodon holocanthus"",""importBatch"":""mbris-review-ready-import-manifest-v1""}"
"BM-SPECIES-000163","BM-SPECIES-000163","MBRIS:척추동물:165","까치복","Takifugu xanthopterus","Takifugu xanthopterus","takifugu-xanthopterus","LINK_LEGACY_AND_PROMOTE_NEW","true","draft","pending","{""action"":""INSERT_IF_ABSENT"",""sourceProvider"":""MBRIS"",""sourceId"":""mbris-national-species-catalog"",""mbrisSourceId"":""MBRIS:척추동물:165"",""isPrimary"":true}","{""action"":""INSERT_IMPORT_LINEAGE"",""sourceProvider"":""MBRIS"",""mbrisSourceId"":""MBRIS:척추동물:165"",""originalKoreanName"":""까치복"",""originalScientificName"":""Takifugu xanthopterus"",""importBatch"":""mbris-review-ready-import-manifest-v1""}"
"BM-SPECIES-000165","BM-SPECIES-000165","MBRIS:척추동물:167","검복","Takifugu porphyreus","Takifugu porphyreus","takifugu-porphyreus","LINK_LEGACY_AND_PROMOTE_NEW","true","draft","pending","{""action"":""INSERT_IF_ABSENT"",""sourceProvider"":""MBRIS"",""sourceId"":""mbris-national-species-catalog"",""mbrisSourceId"":""MBRIS:척추동물:167"",""isPrimary"":true}","{""action"":""INSERT_IMPORT_LINEAGE"",""sourceProvider"":""MBRIS"",""mbrisSourceId"":""MBRIS:척추동물:167"",""originalKoreanName"":""검복"",""originalScientificName"":""Takifugu porphyreus"",""importBatch"":""mbris-review-ready-import-manifest-v1""}"
"BM-SPECIES-000188","BM-SPECIES-000188","MBRIS:척추동물:190","농어","Lateolabrax japonicus","Lateolabrax japonicus","lateolabrax-japonicus","LINK_LEGACY_AND_PROMOTE_NEW","true","draft","pending","{""action"":""INSERT_IF_ABSENT"",""sourceProvider"":""MBRIS"",""sourceId"":""mbris-national-species-catalog"",""mbrisSourceId"":""MBRIS:척추동물:190"",""isPrimary"":true}","{""action"":""INSERT_IMPORT_LINEAGE"",""sourceProvider"":""MBRIS"",""mbrisSourceId"":""MBRIS:척추동물:190"",""originalKoreanName"":""농어"",""originalScientificName"":""Lateolabrax japonicus"",""importBatch"":""mbris-review-ready-import-manifest-v1""}"
"BM-SPECIES-000190","BM-SPECIES-000190","MBRIS:척추동물:192","점농어","Lateolabrax spilonotus","Lateolabrax spilonotus","lateolabrax-spilonotus","LINK_LEGACY_AND_PROMOTE_NEW","true","draft","pending","{""action"":""INSERT_IF_ABSENT"",""sourceProvider"":""MBRIS"",""sourceId"":""mbris-national-species-catalog"",""mbrisSourceId"":""MBRIS:척추동물:192"",""isPrimary"":true}","{""action"":""INSERT_IMPORT_LINEAGE"",""sourceProvider"":""MBRIS"",""mbrisSourceId"":""MBRIS:척추동물:192"",""originalKoreanName"":""점농어"",""originalScientificName"":""Lateolabrax spilonotus"",""importBatch"":""mbris-review-ready-import-manifest-v1""}"
"BM-SPECIES-000192","BM-SPECIES-000192","MBRIS:척추동물:194","눈볼대","Doederleinia berycoides","Doederleinia berycoides","doederleinia-berycoides","LINK_LEGACY_AND_PROMOTE_NEW","true","draft","pending","{""action"":""INSERT_IF_ABSENT"",""sourceProvider"":""MBRIS"",""sourceId"":""mbris-national-species-catalog"",""mbrisSourceId"":""MBRIS:척추동물:194"",""isPrimary"":true}","{""action"":""INSERT_IMPORT_LINEAGE"",""sourceProvider"":""MBRIS"",""mbrisSourceId"":""MBRIS:척추동물:194"",""originalKoreanName"":""눈볼대"",""originalScientificName"":""Doederleinia berycoides"",""importBatch"":""mbris-review-ready-import-manifest-v1""}"
"BM-SPECIES-000221","BM-SPECIES-000221","MBRIS:척추동물:223","인상어","Neoditrema ransonnetii","Neoditrema ransonnetii","neoditrema-ransonnetii","LINK_LEGACY_AND_PROMOTE_NEW","true","draft","pending","{""action"":""INSERT_IF_ABSENT"",""sourceProvider"":""MBRIS"",""sourceId"":""mbris-national-species-catalog"",""mbrisSourceId"":""MBRIS:척추동물:223"",""isPrimary"":true}","{""action"":""INSERT_IMPORT_LINEAGE"",""sourceProvider"":""MBRIS"",""mbrisSourceId"":""MBRIS:척추동물:223"",""originalKoreanName"":""인상어"",""originalScientificName"":""Neoditrema ransonnetii"",""importBatch"":""mbris-review-ready-import-manifest-v1""}"
"BM-SPECIES-000223","BM-SPECIES-000223","MBRIS:척추동물:225","망상어","Ditrema temminckii","Ditrema temminckii","ditrema-temminckii","LINK_LEGACY_AND_PROMOTE_NEW","true","draft","pending","{""action"":""INSERT_IF_ABSENT"",""sourceProvider"":""MBRIS"",""sourceId"":""mbris-national-species-catalog"",""mbrisSourceId"":""MBRIS:척추동물:225"",""isPrimary"":true}","{""action"":""INSERT_IMPORT_LINEAGE"",""sourceProvider"":""MBRIS"",""mbrisSourceId"":""MBRIS:척추동물:225"",""originalKoreanName"":""망상어"",""originalScientificName"":""Ditrema temminckii"",""importBatch"":""mbris-review-ready-import-manifest-v1""}"
"BM-SPECIES-000226","BM-SPECIES-000226","MBRIS:척추동물:228","자리돔","Chromis notata","Chromis notata","chromis-notata","LINK_LEGACY_AND_PROMOTE_NEW","true","draft","pending","{""action"":""INSERT_IF_ABSENT"",""sourceProvider"":""MBRIS"",""sourceId"":""mbris-national-species-catalog"",""mbrisSourceId"":""MBRIS:척추동물:228"",""isPrimary"":true}","{""action"":""INSERT_IMPORT_LINEAGE"",""sourceProvider"":""MBRIS"",""mbrisSourceId"":""MBRIS:척추동물:228"",""originalKoreanName"":""자리돔"",""originalScientificName"":""Chromis notata"",""importBatch"":""mbris-review-ready-import-manifest-v1""}"
"BM-SPECIES-000277","BM-SPECIES-000277","MBRIS:척추동물:279","강담돔","Oplegnathus punctatus","Oplegnathus punctatus","oplegnathus-punctatus","LINK_LEGACY_AND_PROMOTE_NEW","true","draft","pending","{""action"":""INSERT_IF_ABSENT"",""sourceProvider"":""MBRIS"",""sourceId"":""mbris-national-species-catalog"",""mbrisSourceId"":""MBRIS:척추동물:279"",""isPrimary"":true}","{""action"":""INSERT_IMPORT_LINEAGE"",""sourceProvider"":""MBRIS"",""mbrisSourceId"":""MBRIS:척추동물:279"",""originalKoreanName"":""강담돔"",""originalScientificName"":""Oplegnathus punctatus"",""importBatch"":""mbris-review-ready-import-manifest-v1""}"
"BM-SPECIES-000278","BM-SPECIES-000278","MBRIS:척추동물:280","돌돔","Oplegnathus fasciatus","Oplegnathus fasciatus","oplegnathus-fasciatus","LINK_LEGACY_AND_PROMOTE_NEW","true","draft","pending","{""action"":""INSERT_IF_ABSENT"",""sourceProvider"":""MBRIS"",""sourceId"":""mbris-national-species-catalog"",""mbrisSourceId"":""MBRIS:척추동물:280"",""isPrimary"":true}","{""action"":""INSERT_IMPORT_LINEAGE"",""sourceProvider"":""MBRIS"",""mbrisSourceId"":""MBRIS:척추동물:280"",""originalKoreanName"":""돌돔"",""originalScientificName"":""Oplegnathus fasciatus"",""importBatch"":""mbris-review-ready-import-manifest-v1""}"
"BM-SPECIES-000279","BM-SPECIES-000279","MBRIS:척추동물:281","벵에돔","Girella punctata","Girella punctata","girella-punctata","LINK_LEGACY_AND_PROMOTE_NEW","true","draft","pending","{""action"":""INSERT_IF_ABSENT"",""sourceProvider"":""MBRIS"",""sourceId"":""mbris-national-species-catalog"",""mbrisSourceId"":""MBRIS:척추동물:281"",""isPrimary"":true}","{""action"":""INSERT_IMPORT_LINEAGE"",""sourceProvider"":""MBRIS"",""mbrisSourceId"":""MBRIS:척추동물:281"",""originalKoreanName"":""벵에돔"",""originalScientificName"":""Girella punctata"",""importBatch"":""mbris-review-ready-import-manifest-v1""}"
"BM-SPECIES-000280","BM-SPECIES-000280","MBRIS:척추동물:282","긴꼬리벵에돔","Girella leonina","Girella leonina","girella-leonina","LINK_LEGACY_AND_PROMOTE_NEW","true","draft","pending","{""action"":""INSERT_IF_ABSENT"",""sourceProvider"":""MBRIS"",""sourceId"":""mbris-national-species-catalog"",""mbrisSourceId"":""MBRIS:척추동물:282"",""isPrimary"":true}","{""action"":""INSERT_IMPORT_LINEAGE"",""sourceProvider"":""MBRIS"",""mbrisSourceId"":""MBRIS:척추동물:282"",""originalKoreanName"":""긴꼬리벵에돔"",""originalScientificName"":""Girella leonina"",""importBatch"":""mbris-review-ready-import-manifest-v1""}"
"BM-SPECIES-000284","BM-SPECIES-000284","MBRIS:척추동물:286","무늬망둑","Bathygobius fuscus","Bathygobius fuscus","bathygobius-fuscus","LINK_LEGACY_AND_PROMOTE_NEW","true","draft","pending","{""action"":""INSERT_IF_ABSENT"",""sourceProvider"":""MBRIS"",""sourceId"":""mbris-national-species-catalog"",""mbrisSourceId"":""MBRIS:척추동물:286"",""isPrimary"":true}","{""action"":""INSERT_IMPORT_LINEAGE"",""sourceProvider"":""MBRIS"",""mbrisSourceId"":""MBRIS:척추동물:286"",""originalKoreanName"":""무늬망둑"",""originalScientificName"":""Bathygobius fuscus"",""importBatch"":""mbris-review-ready-import-manifest-v1""}"
"BM-SPECIES-000338","BM-SPECIES-000338","MBRIS:척추동물:340","풀망둑","Acanthogobius hasta","Acanthogobius hasta","acanthogobius-hasta","LINK_LEGACY_AND_PROMOTE_NEW","true","draft","pending","{""action"":""INSERT_IF_ABSENT"",""sourceProvider"":""MBRIS"",""sourceId"":""mbris-national-species-catalog"",""mbrisSourceId"":""MBRIS:척추동물:340"",""isPrimary"":true}","{""action"":""INSERT_IMPORT_LINEAGE"",""sourceProvider"":""MBRIS"",""mbrisSourceId"":""MBRIS:척추동물:340"",""originalKoreanName"":""풀망둑"",""originalScientificName"":""Acanthogobius hasta"",""importBatch"":""mbris-review-ready-import-manifest-v1""}"
"BM-SPECIES-000339","BM-SPECIES-000339","MBRIS:척추동물:341","문절망둑","Acanthogobius flavimanus","Acanthogobius flavimanus","acanthogobius-flavimanus","LINK_LEGACY_AND_PROMOTE_NEW","true","draft","pending","{""action"":""INSERT_IF_ABSENT"",""sourceProvider"":""MBRIS"",""sourceId"":""mbris-national-species-catalog"",""mbrisSourceId"":""MBRIS:척추동물:341"",""isPrimary"":true}","{""action"":""INSERT_IMPORT_LINEAGE"",""sourceProvider"":""MBRIS"",""mbrisSourceId"":""MBRIS:척추동물:341"",""originalKoreanName"":""문절망둑"",""originalScientificName"":""Acanthogobius flavimanus"",""importBatch"":""mbris-review-ready-import-manifest-v1""}"
"BM-SPECIES-000346","BM-SPECIES-000346","MBRIS:척추동물:348","도화망둑","Amblychaeturichthys hexanema","Amblychaeturichthys hexanema","amblychaeturichthys-hexanema","LINK_LEGACY_AND_PROMOTE_NEW","true","draft","pending","{""action"":""INSERT_IF_ABSENT"",""sourceProvider"":""MBRIS"",""sourceId"":""mbris-national-species-catalog"",""mbrisSourceId"":""MBRIS:척추동물:348"",""isPrimary"":true}","{""action"":""INSERT_IMPORT_LINEAGE"",""sourceProvider"":""MBRIS"",""mbrisSourceId"":""MBRIS:척추동물:348"",""originalKoreanName"":""도화망둑"",""originalScientificName"":""Amblychaeturichthys hexanema"",""importBatch"":""mbris-review-ready-import-manifest-v1""}"
"BM-SPECIES-000351","BM-SPECIES-000351","MBRIS:척추동물:353","두줄망둑","Tridentiger trigonocephalus","Tridentiger trigonocephalus","tridentiger-trigonocephalus","LINK_LEGACY_AND_PROMOTE_NEW","true","draft","pending","{""action"":""INSERT_IF_ABSENT"",""sourceProvider"":""MBRIS"",""sourceId"":""mbris-national-species-catalog"",""mbrisSourceId"":""MBRIS:척추동물:353"",""isPrimary"":true}","{""action"":""INSERT_IMPORT_LINEAGE"",""sourceProvider"":""MBRIS"",""mbrisSourceId"":""MBRIS:척추동물:353"",""originalKoreanName"":""두줄망둑"",""originalScientificName"":""Tridentiger trigonocephalus"",""importBatch"":""mbris-review-ready-import-manifest-v1""}"
"BM-SPECIES-000356","BM-SPECIES-000356","MBRIS:척추동물:358","검정망둑","Tridentiger obscurus","Tridentiger obscurus","tridentiger-obscurus","LINK_LEGACY_AND_PROMOTE_NEW","true","draft","pending","{""action"":""INSERT_IF_ABSENT"",""sourceProvider"":""MBRIS"",""sourceId"":""mbris-national-species-catalog"",""mbrisSourceId"":""MBRIS:척추동물:358"",""isPrimary"":true}","{""action"":""INSERT_IMPORT_LINEAGE"",""sourceProvider"":""MBRIS"",""mbrisSourceId"":""MBRIS:척추동물:358"",""originalKoreanName"":""검정망둑"",""originalScientificName"":""Tridentiger obscurus"",""importBatch"":""mbris-review-ready-import-manifest-v1""}"
"BM-SPECIES-000362","BM-SPECIES-000362","MBRIS:척추동물:364","살망둑","Gymnogobius heptacanthus","Gymnogobius heptacanthus","gymnogobius-heptacanthus","LINK_LEGACY_AND_PROMOTE_NEW","true","draft","pending","{""action"":""INSERT_IF_ABSENT"",""sourceProvider"":""MBRIS"",""sourceId"":""mbris-national-species-catalog"",""mbrisSourceId"":""MBRIS:척추동물:364"",""isPrimary"":true}","{""action"":""INSERT_IMPORT_LINEAGE"",""sourceProvider"":""MBRIS"",""mbrisSourceId"":""MBRIS:척추동물:364"",""originalKoreanName"":""살망둑"",""originalScientificName"":""Gymnogobius heptacanthus"",""importBatch"":""mbris-review-ready-import-manifest-v1""}"
"BM-SPECIES-000384","BM-SPECIES-000384","MBRIS:척추동물:386","별망둑","Chaenogobius gulosus","Chaenogobius gulosus","chaenogobius-gulosus","LINK_LEGACY_AND_PROMOTE_NEW","true","draft","pending","{""action"":""INSERT_IF_ABSENT"",""sourceProvider"":""MBRIS"",""sourceId"":""mbris-national-species-catalog"",""mbrisSourceId"":""MBRIS:척추동물:386"",""isPrimary"":true}","{""action"":""INSERT_IMPORT_LINEAGE"",""sourceProvider"":""MBRIS"",""mbrisSourceId"":""MBRIS:척추동물:386"",""originalKoreanName"":""별망둑"",""originalScientificName"":""Chaenogobius gulosus"",""importBatch"":""mbris-review-ready-import-manifest-v1""}"
"BM-SPECIES-000395","BM-SPECIES-000395","MBRIS:척추동물:397","금줄망둑","Pterogobius virgo","Pterogobius virgo","pterogobius-virgo","LINK_LEGACY_AND_PROMOTE_NEW","true","draft","pending","{""action"":""INSERT_IF_ABSENT"",""sourceProvider"":""MBRIS"",""sourceId"":""mbris-national-species-catalog"",""mbrisSourceId"":""MBRIS:척추동물:397"",""isPrimary"":true}","{""action"":""INSERT_IMPORT_LINEAGE"",""sourceProvider"":""MBRIS"",""mbrisSourceId"":""MBRIS:척추동물:397"",""originalKoreanName"":""금줄망둑"",""originalScientificName"":""Pterogobius virgo"",""importBatch"":""mbris-review-ready-import-manifest-v1""}"
"BM-SPECIES-000407","BM-SPECIES-000407","MBRIS:척추동물:409","동갈삼치","Scomberomorus commerson","Scomberomorus commerson","scomberomorus-commerson","LINK_LEGACY_AND_PROMOTE_NEW","true","draft","pending","{""action"":""INSERT_IF_ABSENT"",""sourceProvider"":""MBRIS"",""sourceId"":""mbris-national-species-catalog"",""mbrisSourceId"":""MBRIS:척추동물:409"",""isPrimary"":true}","{""action"":""INSERT_IMPORT_LINEAGE"",""sourceProvider"":""MBRIS"",""mbrisSourceId"":""MBRIS:척추동물:409"",""originalKoreanName"":""동갈삼치"",""originalScientificName"":""Scomberomorus commerson"",""importBatch"":""mbris-review-ready-import-manifest-v1""}"
"BM-SPECIES-000408","BM-SPECIES-000408","MBRIS:척추동물:410","삼치","Scomberomorus niphonius","Scomberomorus niphonius","scomberomorus-niphonius","LINK_LEGACY_AND_PROMOTE_NEW","true","draft","pending","{""action"":""INSERT_IF_ABSENT"",""sourceProvider"":""MBRIS"",""sourceId"":""mbris-national-species-catalog"",""mbrisSourceId"":""MBRIS:척추동물:410"",""isPrimary"":true}","{""action"":""INSERT_IMPORT_LINEAGE"",""sourceProvider"":""MBRIS"",""mbrisSourceId"":""MBRIS:척추동물:410"",""originalKoreanName"":""삼치"",""originalScientificName"":""Scomberomorus niphonius"",""importBatch"":""mbris-review-ready-import-manifest-v1""}"
"BM-SPECIES-000411","BM-SPECIES-000411","MBRIS:척추동물:413","점다랑어","Euthynnus affinis","Euthynnus affinis","euthynnus-affinis","LINK_LEGACY_AND_PROMOTE_NEW","true","draft","pending","{""action"":""INSERT_IF_ABSENT"",""sourceProvider"":""MBRIS"",""sourceId"":""mbris-national-species-catalog"",""mbrisSourceId"":""MBRIS:척추동물:413"",""isPrimary"":true}","{""action"":""INSERT_IMPORT_LINEAGE"",""sourceProvider"":""MBRIS"",""mbrisSourceId"":""MBRIS:척추동물:413"",""originalKoreanName"":""점다랑어"",""originalScientificName"":""Euthynnus affinis"",""importBatch"":""mbris-review-ready-import-manifest-v1""}"
"BM-SPECIES-000412","BM-SPECIES-000412","MBRIS:척추동물:414","가다랑어","Katsuwonus pelamis","Katsuwonus pelamis","katsuwonus-pelamis","LINK_LEGACY_AND_PROMOTE_NEW","true","draft","pending","{""action"":""INSERT_IF_ABSENT"",""sourceProvider"":""MBRIS"",""sourceId"":""mbris-national-species-catalog"",""mbrisSourceId"":""MBRIS:척추동물:414"",""isPrimary"":true}","{""action"":""INSERT_IMPORT_LINEAGE"",""sourceProvider"":""MBRIS"",""mbrisSourceId"":""MBRIS:척추동물:414"",""originalKoreanName"":""가다랑어"",""originalScientificName"":""Katsuwonus pelamis"",""importBatch"":""mbris-review-ready-import-manifest-v1""}"
"BM-SPECIES-000415","BM-SPECIES-000415","MBRIS:척추동물:417","줄삼치","Sarda orientalis","Sarda orientalis","sarda-orientalis","LINK_LEGACY_AND_PROMOTE_NEW","true","draft","pending","{""action"":""INSERT_IF_ABSENT"",""sourceProvider"":""MBRIS"",""sourceId"":""mbris-national-species-catalog"",""mbrisSourceId"":""MBRIS:척추동물:417"",""isPrimary"":true}","{""action"":""INSERT_IMPORT_LINEAGE"",""sourceProvider"":""MBRIS"",""mbrisSourceId"":""MBRIS:척추동물:417"",""originalKoreanName"":""줄삼치"",""originalScientificName"":""Sarda orientalis"",""importBatch"":""mbris-review-ready-import-manifest-v1""}"
"BM-SPECIES-000417","BM-SPECIES-000417","MBRIS:척추동물:419","고등어","Scomber japonicus","Scomber japonicus","scomber-japonicus","LINK_LEGACY_AND_PROMOTE_NEW","true","draft","pending","{""action"":""INSERT_IF_ABSENT"",""sourceProvider"":""MBRIS"",""sourceId"":""mbris-national-species-catalog"",""mbrisSourceId"":""MBRIS:척추동물:419"",""isPrimary"":true}","{""action"":""INSERT_IMPORT_LINEAGE"",""sourceProvider"":""MBRIS"",""mbrisSourceId"":""MBRIS:척추동물:419"",""originalKoreanName"":""고등어"",""originalScientificName"":""Scomber japonicus"",""importBatch"":""mbris-review-ready-import-manifest-v1""}"
"BM-SPECIES-000418","BM-SPECIES-000418","MBRIS:척추동물:420","꼬치삼치","Acanthocybium solandri","Acanthocybium solandri","acanthocybium-solandri","LINK_LEGACY_AND_PROMOTE_NEW","true","draft","pending","{""action"":""INSERT_IF_ABSENT"",""sourceProvider"":""MBRIS"",""sourceId"":""mbris-national-species-catalog"",""mbrisSourceId"":""MBRIS:척추동물:420"",""isPrimary"":true}","{""action"":""INSERT_IMPORT_LINEAGE"",""sourceProvider"":""MBRIS"",""mbrisSourceId"":""MBRIS:척추동물:420"",""originalKoreanName"":""꼬치삼치"",""originalScientificName"":""Acanthocybium solandri"",""importBatch"":""mbris-review-ready-import-manifest-v1""}"
"BM-SPECIES-000421","BM-SPECIES-000421","MBRIS:척추동물:423","눈다랑어","Thunnus obesus","Thunnus obesus","thunnus-obesus","LINK_LEGACY_AND_PROMOTE_NEW","true","draft","pending","{""action"":""INSERT_IF_ABSENT"",""sourceProvider"":""MBRIS"",""sourceId"":""mbris-national-species-catalog"",""mbrisSourceId"":""MBRIS:척추동물:423"",""isPrimary"":true}","{""action"":""INSERT_IMPORT_LINEAGE"",""sourceProvider"":""MBRIS"",""mbrisSourceId"":""MBRIS:척추동물:423"",""originalKoreanName"":""눈다랑어"",""originalScientificName"":""Thunnus obesus"",""importBatch"":""mbris-review-ready-import-manifest-v1""}"
"BM-SPECIES-000425","BM-SPECIES-000425","MBRIS:척추동물:427","덕대","Pampus argenteus","Pampus argenteus","pampus-argenteus","LINK_LEGACY_AND_PROMOTE_NEW","true","draft","pending","{""action"":""INSERT_IF_ABSENT"",""sourceProvider"":""MBRIS"",""sourceId"":""mbris-national-species-catalog"",""mbrisSourceId"":""MBRIS:척추동물:427"",""isPrimary"":true}","{""action"":""INSERT_IMPORT_LINEAGE"",""sourceProvider"":""MBRIS"",""mbrisSourceId"":""MBRIS:척추동물:427"",""originalKoreanName"":""덕대"",""originalScientificName"":""Pampus argenteus"",""importBatch"":""mbris-review-ready-import-manifest-v1""}"
"BM-SPECIES-000426","BM-SPECIES-000426","MBRIS:척추동물:428","병어","Pampus punctatissimus","Pampus punctatissimus","pampus-punctatissimus","LINK_LEGACY_AND_PROMOTE_NEW","true","draft","pending","{""action"":""INSERT_IF_ABSENT"",""sourceProvider"":""MBRIS"",""sourceId"":""mbris-national-species-catalog"",""mbrisSourceId"":""MBRIS:척추동물:428"",""isPrimary"":true}","{""action"":""INSERT_IMPORT_LINEAGE"",""sourceProvider"":""MBRIS"",""mbrisSourceId"":""MBRIS:척추동물:428"",""originalKoreanName"":""병어"",""originalScientificName"":""Pampus punctatissimus"",""importBatch"":""mbris-review-ready-import-manifest-v1""}"
"BM-SPECIES-000438","BM-SPECIES-000438","MBRIS:척추동물:440","새다래","Brama japonica","Brama japonica","brama-japonica","LINK_LEGACY_AND_PROMOTE_NEW","true","draft","pending","{""action"":""INSERT_IF_ABSENT"",""sourceProvider"":""MBRIS"",""sourceId"":""mbris-national-species-catalog"",""mbrisSourceId"":""MBRIS:척추동물:440"",""isPrimary"":true}","{""action"":""INSERT_IMPORT_LINEAGE"",""sourceProvider"":""MBRIS"",""mbrisSourceId"":""MBRIS:척추동물:440"",""originalKoreanName"":""새다래"",""originalScientificName"":""Brama japonica"",""importBatch"":""mbris-review-ready-import-manifest-v1""}"
"BM-SPECIES-000444","BM-SPECIES-000444","MBRIS:척추동물:446","갈치","Trichiurus japonicus","Trichiurus japonicus","trichiurus-japonicus","LINK_LEGACY_AND_PROMOTE_NEW","true","draft","pending","{""action"":""INSERT_IF_ABSENT"",""sourceProvider"":""MBRIS"",""sourceId"":""mbris-national-species-catalog"",""mbrisSourceId"":""MBRIS:척추동물:446"",""isPrimary"":true}","{""action"":""INSERT_IMPORT_LINEAGE"",""sourceProvider"":""MBRIS"",""mbrisSourceId"":""MBRIS:척추동물:446"",""originalKoreanName"":""갈치"",""originalScientificName"":""Trichiurus japonicus"",""importBatch"":""mbris-review-ready-import-manifest-v1""}"
"BM-SPECIES-000459","BM-SPECIES-000459","MBRIS:척추동물:461","꼬치고기","Sphyraena pinguis","Sphyraena pinguis","sphyraena-pinguis","LINK_LEGACY_AND_PROMOTE_NEW","true","draft","pending","{""action"":""INSERT_IF_ABSENT"",""sourceProvider"":""MBRIS"",""sourceId"":""mbris-national-species-catalog"",""mbrisSourceId"":""MBRIS:척추동물:461"",""isPrimary"":true}","{""action"":""INSERT_IMPORT_LINEAGE"",""sourceProvider"":""MBRIS"",""mbrisSourceId"":""MBRIS:척추동물:461"",""originalKoreanName"":""꼬치고기"",""originalScientificName"":""Sphyraena pinguis"",""importBatch"":""mbris-review-ready-import-manifest-v1""}"
"BM-SPECIES-000465","BM-SPECIES-000465","MBRIS:척추동물:467","넙치","Paralichthys olivaceus","Paralichthys olivaceus","paralichthys-olivaceus","LINK_LEGACY_AND_PROMOTE_NEW","true","draft","pending","{""action"":""INSERT_IF_ABSENT"",""sourceProvider"":""MBRIS"",""sourceId"":""mbris-national-species-catalog"",""mbrisSourceId"":""MBRIS:척추동물:467"",""isPrimary"":true}","{""action"":""INSERT_IMPORT_LINEAGE"",""sourceProvider"":""MBRIS"",""mbrisSourceId"":""MBRIS:척추동물:467"",""originalKoreanName"":""넙치"",""originalScientificName"":""Paralichthys olivaceus"",""importBatch"":""mbris-review-ready-import-manifest-v1""}"
"BM-SPECIES-000470","BM-SPECIES-000470","MBRIS:척추동물:472","청새치","Kajikia audax","Kajikia audax","kajikia-audax","LINK_LEGACY_AND_PROMOTE_NEW","true","draft","pending","{""action"":""INSERT_IF_ABSENT"",""sourceProvider"":""MBRIS"",""sourceId"":""mbris-national-species-catalog"",""mbrisSourceId"":""MBRIS:척추동물:472"",""isPrimary"":true}","{""action"":""INSERT_IMPORT_LINEAGE"",""sourceProvider"":""MBRIS"",""mbrisSourceId"":""MBRIS:척추동물:472"",""originalKoreanName"":""청새치"",""originalScientificName"":""Kajikia audax"",""importBatch"":""mbris-review-ready-import-manifest-v1""}"
"BM-SPECIES-000473","BM-SPECIES-000473","MBRIS:척추동물:475","돛새치","Istiophorus platypterus","Istiophorus platypterus","istiophorus-platypterus","LINK_LEGACY_AND_PROMOTE_NEW","true","draft","pending","{""action"":""INSERT_IF_ABSENT"",""sourceProvider"":""MBRIS"",""sourceId"":""mbris-national-species-catalog"",""mbrisSourceId"":""MBRIS:척추동물:475"",""isPrimary"":true}","{""action"":""INSERT_IMPORT_LINEAGE"",""sourceProvider"":""MBRIS"",""mbrisSourceId"":""MBRIS:척추동물:475"",""originalKoreanName"":""돛새치"",""originalScientificName"":""Istiophorus platypterus"",""importBatch"":""mbris-review-ready-import-manifest-v1""}"
"BM-SPECIES-000479","BM-SPECIES-000479","MBRIS:척추동물:481","황새치","Xiphias gladius","Xiphias gladius","xiphias-gladius","LINK_LEGACY_AND_PROMOTE_NEW","true","draft","pending","{""action"":""INSERT_IF_ABSENT"",""sourceProvider"":""MBRIS"",""sourceId"":""mbris-national-species-catalog"",""mbrisSourceId"":""MBRIS:척추동물:481"",""isPrimary"":true}","{""action"":""INSERT_IMPORT_LINEAGE"",""sourceProvider"":""MBRIS"",""mbrisSourceId"":""MBRIS:척추동물:481"",""originalKoreanName"":""황새치"",""originalScientificName"":""Xiphias gladius"",""importBatch"":""mbris-review-ready-import-manifest-v1""}"
"BM-SPECIES-000488","BM-SPECIES-000488","MBRIS:척추동물:490","전갱이","Trachurus japonicus","Trachurus japonicus","trachurus-japonicus","LINK_LEGACY_AND_PROMOTE_NEW","true","draft","pending","{""action"":""INSERT_IF_ABSENT"",""sourceProvider"":""MBRIS"",""sourceId"":""mbris-national-species-catalog"",""mbrisSourceId"":""MBRIS:척추동물:490"",""isPrimary"":true}","{""action"":""INSERT_IMPORT_LINEAGE"",""sourceProvider"":""MBRIS"",""mbrisSourceId"":""MBRIS:척추동물:490"",""originalKoreanName"":""전갱이"",""originalScientificName"":""Trachurus japonicus"",""importBatch"":""mbris-review-ready-import-manifest-v1""}"
"BM-SPECIES-000492","BM-SPECIES-000492","MBRIS:척추동물:494","흑점줄전갱이","Pseudocaranx dentex","Pseudocaranx dentex","pseudocaranx-dentex","LINK_LEGACY_AND_PROMOTE_NEW","true","draft","pending","{""action"":""INSERT_IF_ABSENT"",""sourceProvider"":""MBRIS"",""sourceId"":""mbris-national-species-catalog"",""mbrisSourceId"":""MBRIS:척추동물:494"",""isPrimary"":true}","{""action"":""INSERT_IMPORT_LINEAGE"",""sourceProvider"":""MBRIS"",""mbrisSourceId"":""MBRIS:척추동물:494"",""originalKoreanName"":""흑점줄전갱이"",""originalScientificName"":""Pseudocaranx dentex"",""importBatch"":""mbris-review-ready-import-manifest-v1""}"
"BM-SPECIES-000499","BM-SPECIES-000499","MBRIS:척추동물:501","잿방어","Seriola dumerili","Seriola dumerili","seriola-dumerili","LINK_LEGACY_AND_PROMOTE_NEW","true","draft","pending","{""action"":""INSERT_IF_ABSENT"",""sourceProvider"":""MBRIS"",""sourceId"":""mbris-national-species-catalog"",""mbrisSourceId"":""MBRIS:척추동물:501"",""isPrimary"":true}","{""action"":""INSERT_IMPORT_LINEAGE"",""sourceProvider"":""MBRIS"",""mbrisSourceId"":""MBRIS:척추동물:501"",""originalKoreanName"":""잿방어"",""originalScientificName"":""Seriola dumerili"",""importBatch"":""mbris-review-ready-import-manifest-v1""}"
"BM-SPECIES-000500","BM-SPECIES-000500","MBRIS:척추동물:502","부시리","Seriola aureovittata","Seriola aureovittata","seriola-aureovittata","LINK_LEGACY_AND_PROMOTE_NEW","true","draft","pending","{""action"":""INSERT_IF_ABSENT"",""sourceProvider"":""MBRIS"",""sourceId"":""mbris-national-species-catalog"",""mbrisSourceId"":""MBRIS:척추동물:502"",""isPrimary"":true}","{""action"":""INSERT_IMPORT_LINEAGE"",""sourceProvider"":""MBRIS"",""mbrisSourceId"":""MBRIS:척추동물:502"",""originalKoreanName"":""부시리"",""originalScientificName"":""Seriola aureovittata"",""importBatch"":""mbris-review-ready-import-manifest-v1""}"
"BM-SPECIES-000501","BM-SPECIES-000501","MBRIS:척추동물:503","방어","Seriola quinqueradiata","Seriola quinqueradiata","seriola-quinqueradiata","LINK_LEGACY_AND_PROMOTE_NEW","true","draft","pending","{""action"":""INSERT_IF_ABSENT"",""sourceProvider"":""MBRIS"",""sourceId"":""mbris-national-species-catalog"",""mbrisSourceId"":""MBRIS:척추동물:503"",""isPrimary"":true}","{""action"":""INSERT_IMPORT_LINEAGE"",""sourceProvider"":""MBRIS"",""mbrisSourceId"":""MBRIS:척추동물:503"",""originalKoreanName"":""방어"",""originalScientificName"":""Seriola quinqueradiata"",""importBatch"":""mbris-review-ready-import-manifest-v1""}"
"BM-SPECIES-000540","BM-SPECIES-000540","MBRIS:척추동물:542","용가자미","Cleisthenes pinetorum","Cleisthenes pinetorum","cleisthenes-pinetorum","LINK_LEGACY_AND_PROMOTE_NEW","true","draft","pending","{""action"":""INSERT_IF_ABSENT"",""sourceProvider"":""MBRIS"",""sourceId"":""mbris-national-species-catalog"",""mbrisSourceId"":""MBRIS:척추동물:542"",""isPrimary"":true}","{""action"":""INSERT_IMPORT_LINEAGE"",""sourceProvider"":""MBRIS"",""mbrisSourceId"":""MBRIS:척추동물:542"",""originalKoreanName"":""용가자미"",""originalScientificName"":""Cleisthenes pinetorum"",""importBatch"":""mbris-review-ready-import-manifest-v1""}"
"BM-SPECIES-000541","BM-SPECIES-000541","MBRIS:척추동물:543","줄가자미","Clidoderma asperrimum","Clidoderma asperrimum","clidoderma-asperrimum","LINK_LEGACY_AND_PROMOTE_NEW","true","draft","pending","{""action"":""INSERT_IF_ABSENT"",""sourceProvider"":""MBRIS"",""sourceId"":""mbris-national-species-catalog"",""mbrisSourceId"":""MBRIS:척추동물:543"",""isPrimary"":true}","{""action"":""INSERT_IMPORT_LINEAGE"",""sourceProvider"":""MBRIS"",""mbrisSourceId"":""MBRIS:척추동물:543"",""originalKoreanName"":""줄가자미"",""originalScientificName"":""Clidoderma asperrimum"",""importBatch"":""mbris-review-ready-import-manifest-v1""}"
"BM-SPECIES-000544","BM-SPECIES-000544","MBRIS:척추동물:546","참가자미","Pseudopleuronectes herzensteini","Pseudopleuronectes herzensteini","pseudopleuronectes-herzensteini","LINK_LEGACY_AND_PROMOTE_NEW","true","draft","pending","{""action"":""INSERT_IF_ABSENT"",""sourceProvider"":""MBRIS"",""sourceId"":""mbris-national-species-catalog"",""mbrisSourceId"":""MBRIS:척추동물:546"",""isPrimary"":true}","{""action"":""INSERT_IMPORT_LINEAGE"",""sourceProvider"":""MBRIS"",""mbrisSourceId"":""MBRIS:척추동물:546"",""originalKoreanName"":""참가자미"",""originalScientificName"":""Pseudopleuronectes herzensteini"",""importBatch"":""mbris-review-ready-import-manifest-v1""}"
"BM-SPECIES-000548","BM-SPECIES-000548","MBRIS:척추동물:550","도다리","Pleuronichthys cornutus","Pleuronichthys cornutus","pleuronichthys-cornutus","LINK_LEGACY_AND_PROMOTE_NEW","true","draft","pending","{""action"":""INSERT_IF_ABSENT"",""sourceProvider"":""MBRIS"",""sourceId"":""mbris-national-species-catalog"",""mbrisSourceId"":""MBRIS:척추동물:550"",""isPrimary"":true}","{""action"":""INSERT_IMPORT_LINEAGE"",""sourceProvider"":""MBRIS"",""mbrisSourceId"":""MBRIS:척추동물:550"",""originalKoreanName"":""도다리"",""originalScientificName"":""Pleuronichthys cornutus"",""importBatch"":""mbris-review-ready-import-manifest-v1""}"
"BM-SPECIES-000553","BM-SPECIES-000553","MBRIS:척추동물:555","홍가자미","Hippoglossoides dubius","Hippoglossoides dubius","hippoglossoides-dubius","LINK_LEGACY_AND_PROMOTE_NEW","true","draft","pending","{""action"":""INSERT_IF_ABSENT"",""sourceProvider"":""MBRIS"",""sourceId"":""mbris-national-species-catalog"",""mbrisSourceId"":""MBRIS:척추동물:555"",""isPrimary"":true}","{""action"":""INSERT_IMPORT_LINEAGE"",""sourceProvider"":""MBRIS"",""mbrisSourceId"":""MBRIS:척추동물:555"",""originalKoreanName"":""홍가자미"",""originalScientificName"":""Hippoglossoides dubius"",""importBatch"":""mbris-review-ready-import-manifest-v1""}"
"BM-SPECIES-000554","BM-SPECIES-000554","MBRIS:척추동물:556","돌가자미","Platichthys bicoloratus","Platichthys bicoloratus","platichthys-bicoloratus","LINK_LEGACY_AND_PROMOTE_NEW","true","draft","pending","{""action"":""INSERT_IF_ABSENT"",""sourceProvider"":""MBRIS"",""sourceId"":""mbris-national-species-catalog"",""mbrisSourceId"":""MBRIS:척추동물:556"",""isPrimary"":true}","{""action"":""INSERT_IMPORT_LINEAGE"",""sourceProvider"":""MBRIS"",""mbrisSourceId"":""MBRIS:척추동물:556"",""originalKoreanName"":""돌가자미"",""originalScientificName"":""Platichthys bicoloratus"",""importBatch"":""mbris-review-ready-import-manifest-v1""}"
"BM-SPECIES-000555","BM-SPECIES-000555","MBRIS:척추동물:557","강도다리","Platichthys stellatus","Platichthys stellatus","platichthys-stellatus","LINK_LEGACY_AND_PROMOTE_NEW","true","draft","pending","{""action"":""INSERT_IF_ABSENT"",""sourceProvider"":""MBRIS"",""sourceId"":""mbris-national-species-catalog"",""mbrisSourceId"":""MBRIS:척추동물:557"",""isPrimary"":true}","{""action"":""INSERT_IMPORT_LINEAGE"",""sourceProvider"":""MBRIS"",""mbrisSourceId"":""MBRIS:척추동물:557"",""originalKoreanName"":""강도다리"",""originalScientificName"":""Platichthys stellatus"",""importBatch"":""mbris-review-ready-import-manifest-v1""}"
"BM-SPECIES-000556","BM-SPECIES-000556","MBRIS:척추동물:558","각시가자미","Limanda aspera","Limanda aspera","limanda-aspera","LINK_LEGACY_AND_PROMOTE_NEW","true","draft","pending","{""action"":""INSERT_IF_ABSENT"",""sourceProvider"":""MBRIS"",""sourceId"":""mbris-national-species-catalog"",""mbrisSourceId"":""MBRIS:척추동물:558"",""isPrimary"":true}","{""action"":""INSERT_IMPORT_LINEAGE"",""sourceProvider"":""MBRIS"",""mbrisSourceId"":""MBRIS:척추동물:558"",""originalKoreanName"":""각시가자미"",""originalScientificName"":""Limanda aspera"",""importBatch"":""mbris-review-ready-import-manifest-v1""}"
"BM-SPECIES-000566","BM-SPECIES-000566","MBRIS:척추동물:568","박대","Cynoglossus semilaevis","Cynoglossus semilaevis","cynoglossus-semilaevis","LINK_LEGACY_AND_PROMOTE_NEW","true","draft","pending","{""action"":""INSERT_IF_ABSENT"",""sourceProvider"":""MBRIS"",""sourceId"":""mbris-national-species-catalog"",""mbrisSourceId"":""MBRIS:척추동물:568"",""isPrimary"":true}","{""action"":""INSERT_IMPORT_LINEAGE"",""sourceProvider"":""MBRIS"",""mbrisSourceId"":""MBRIS:척추동물:568"",""originalKoreanName"":""박대"",""originalScientificName"":""Cynoglossus semilaevis"",""importBatch"":""mbris-review-ready-import-manifest-v1""}"
"BM-SPECIES-000576","BM-SPECIES-000576","MBRIS:척추동물:578","양미리","Ammodytes heian","Ammodytes heian","ammodytes-heian","LINK_LEGACY_AND_PROMOTE_NEW","true","draft","pending","{""action"":""INSERT_IF_ABSENT"",""sourceProvider"":""MBRIS"",""sourceId"":""mbris-national-species-catalog"",""mbrisSourceId"":""MBRIS:척추동물:578"",""isPrimary"":true}","{""action"":""INSERT_IMPORT_LINEAGE"",""sourceProvider"":""MBRIS"",""mbrisSourceId"":""MBRIS:척추동물:578"",""originalKoreanName"":""양미리"",""originalScientificName"":""Ammodytes heian"",""importBatch"":""mbris-review-ready-import-manifest-v1""}"
"BM-SPECIES-000578","BM-SPECIES-000578","MBRIS:척추동물:580","쌍동가리","Parapercis sexfasciata","Parapercis sexfasciata","parapercis-sexfasciata","LINK_LEGACY_AND_PROMOTE_NEW","true","draft","pending","{""action"":""INSERT_IF_ABSENT"",""sourceProvider"":""MBRIS"",""sourceId"":""mbris-national-species-catalog"",""mbrisSourceId"":""MBRIS:척추동물:580"",""isPrimary"":true}","{""action"":""INSERT_IMPORT_LINEAGE"",""sourceProvider"":""MBRIS"",""mbrisSourceId"":""MBRIS:척추동물:580"",""originalKoreanName"":""쌍동가리"",""originalScientificName"":""Parapercis sexfasciata"",""importBatch"":""mbris-review-ready-import-manifest-v1""}"
"BM-SPECIES-000594","BM-SPECIES-000594","MBRIS:척추동물:596","놀래기","Halichoeres tenuispinis","Halichoeres tenuispinis","halichoeres-tenuispinis","LINK_LEGACY_AND_PROMOTE_NEW","true","draft","pending","{""action"":""INSERT_IF_ABSENT"",""sourceProvider"":""MBRIS"",""sourceId"":""mbris-national-species-catalog"",""mbrisSourceId"":""MBRIS:척추동물:596"",""isPrimary"":true}","{""action"":""INSERT_IMPORT_LINEAGE"",""sourceProvider"":""MBRIS"",""mbrisSourceId"":""MBRIS:척추동물:596"",""originalKoreanName"":""놀래기"",""originalScientificName"":""Halichoeres tenuispinis"",""importBatch"":""mbris-review-ready-import-manifest-v1""}"
"BM-SPECIES-000607","BM-SPECIES-000607","MBRIS:척추동물:609","혹돔","Bodianus reticulatus","Bodianus reticulatus","bodianus-reticulatus","LINK_LEGACY_AND_PROMOTE_NEW","true","draft","pending","{""action"":""INSERT_IF_ABSENT"",""sourceProvider"":""MBRIS"",""sourceId"":""mbris-national-species-catalog"",""mbrisSourceId"":""MBRIS:척추동물:609"",""isPrimary"":true}","{""action"":""INSERT_IMPORT_LINEAGE"",""sourceProvider"":""MBRIS"",""mbrisSourceId"":""MBRIS:척추동물:609"",""originalKoreanName"":""혹돔"",""originalScientificName"":""Bodianus reticulatus"",""importBatch"":""mbris-review-ready-import-manifest-v1""}"
"BM-SPECIES-000625","BM-SPECIES-000625","MBRIS:척추동물:627","은상어","Chimaera phantasma","Chimaera phantasma","chimaera-phantasma","LINK_LEGACY_AND_PROMOTE_NEW","true","draft","pending","{""action"":""INSERT_IF_ABSENT"",""sourceProvider"":""MBRIS"",""sourceId"":""mbris-national-species-catalog"",""mbrisSourceId"":""MBRIS:척추동물:627"",""isPrimary"":true}","{""action"":""INSERT_IMPORT_LINEAGE"",""sourceProvider"":""MBRIS"",""mbrisSourceId"":""MBRIS:척추동물:627"",""originalKoreanName"":""은상어"",""originalScientificName"":""Chimaera phantasma"",""importBatch"":""mbris-review-ready-import-manifest-v1""}"
"BM-SPECIES-000649","BM-SPECIES-000649","MBRIS:척추동물:651","홍어","Okamejei kenojei","Okamejei kenojei","okamejei-kenojei","LINK_LEGACY_AND_PROMOTE_NEW","true","draft","pending","{""action"":""INSERT_IF_ABSENT"",""sourceProvider"":""MBRIS"",""sourceId"":""mbris-national-species-catalog"",""mbrisSourceId"":""MBRIS:척추동물:651"",""isPrimary"":true}","{""action"":""INSERT_IMPORT_LINEAGE"",""sourceProvider"":""MBRIS"",""mbrisSourceId"":""MBRIS:척추동물:651"",""originalKoreanName"":""홍어"",""originalScientificName"":""Okamejei kenojei"",""importBatch"":""mbris-review-ready-import-manifest-v1""}"
"BM-SPECIES-000654","BM-SPECIES-000654","MBRIS:척추동물:656","돌묵상어","Cetorhinus maximus","Cetorhinus maximus","cetorhinus-maximus","LINK_LEGACY_AND_PROMOTE_NEW","true","draft","pending","{""action"":""INSERT_IF_ABSENT"",""sourceProvider"":""MBRIS"",""sourceId"":""mbris-national-species-catalog"",""mbrisSourceId"":""MBRIS:척추동물:656"",""isPrimary"":true}","{""action"":""INSERT_IMPORT_LINEAGE"",""sourceProvider"":""MBRIS"",""mbrisSourceId"":""MBRIS:척추동물:656"",""originalKoreanName"":""돌묵상어"",""originalScientificName"":""Cetorhinus maximus"",""importBatch"":""mbris-review-ready-import-manifest-v1""}"
"BM-SPECIES-000662","BM-SPECIES-000662","MBRIS:척추동물:664","귀상어","Sphyrna zygaena","Sphyrna zygaena","sphyrna-zygaena","LINK_LEGACY_AND_PROMOTE_NEW","true","draft","pending","{""action"":""INSERT_IF_ABSENT"",""sourceProvider"":""MBRIS"",""sourceId"":""mbris-national-species-catalog"",""mbrisSourceId"":""MBRIS:척추동물:664"",""isPrimary"":true}","{""action"":""INSERT_IMPORT_LINEAGE"",""sourceProvider"":""MBRIS"",""mbrisSourceId"":""MBRIS:척추동물:664"",""originalKoreanName"":""귀상어"",""originalScientificName"":""Sphyrna zygaena"",""importBatch"":""mbris-review-ready-import-manifest-v1""}"
"BM-SPECIES-000673","BM-SPECIES-000673","MBRIS:척추동물:675","청새리상어","Prionace glauca","Prionace glauca","prionace-glauca","LINK_LEGACY_AND_PROMOTE_NEW","true","draft","pending","{""action"":""INSERT_IF_ABSENT"",""sourceProvider"":""MBRIS"",""sourceId"":""mbris-national-species-catalog"",""mbrisSourceId"":""MBRIS:척추동물:675"",""isPrimary"":true}","{""action"":""INSERT_IMPORT_LINEAGE"",""sourceProvider"":""MBRIS"",""mbrisSourceId"":""MBRIS:척추동물:675"",""originalKoreanName"":""청새리상어"",""originalScientificName"":""Prionace glauca"",""importBatch"":""mbris-review-ready-import-manifest-v1""}"
"BM-SPECIES-000676","BM-SPECIES-000676","MBRIS:척추동물:678","까치상어","Triakis scyllium","Triakis scyllium","triakis-scyllium","LINK_LEGACY_AND_PROMOTE_NEW","true","draft","pending","{""action"":""INSERT_IF_ABSENT"",""sourceProvider"":""MBRIS"",""sourceId"":""mbris-national-species-catalog"",""mbrisSourceId"":""MBRIS:척추동물:678"",""isPrimary"":true}","{""action"":""INSERT_IMPORT_LINEAGE"",""sourceProvider"":""MBRIS"",""mbrisSourceId"":""MBRIS:척추동물:678"",""originalKoreanName"":""까치상어"",""originalScientificName"":""Triakis scyllium"",""importBatch"":""mbris-review-ready-import-manifest-v1""}"
"BM-SPECIES-000684","BM-SPECIES-000684","MBRIS:척추동물:686","전기가오리","Narke japonica","Narke japonica","narke-japonica","LINK_LEGACY_AND_PROMOTE_NEW","true","draft","pending","{""action"":""INSERT_IF_ABSENT"",""sourceProvider"":""MBRIS"",""sourceId"":""mbris-national-species-catalog"",""mbrisSourceId"":""MBRIS:척추동물:686"",""isPrimary"":true}","{""action"":""INSERT_IMPORT_LINEAGE"",""sourceProvider"":""MBRIS"",""mbrisSourceId"":""MBRIS:척추동물:686"",""originalKoreanName"":""전기가오리"",""originalScientificName"":""Narke japonica"",""importBatch"":""mbris-review-ready-import-manifest-v1""}"
"BM-SPECIES-000695","BM-SPECIES-000695","MBRIS:척추동물:697","노랑가오리","Hemitrygon akajei","Hemitrygon akajei","hemitrygon-akajei","LINK_LEGACY_AND_PROMOTE_NEW","true","draft","pending","{""action"":""INSERT_IF_ABSENT"",""sourceProvider"":""MBRIS"",""sourceId"":""mbris-national-species-catalog"",""mbrisSourceId"":""MBRIS:척추동물:697"",""isPrimary"":true}","{""action"":""INSERT_IMPORT_LINEAGE"",""sourceProvider"":""MBRIS"",""mbrisSourceId"":""MBRIS:척추동물:697"",""originalKoreanName"":""노랑가오리"",""originalScientificName"":""Hemitrygon akajei"",""importBatch"":""mbris-review-ready-import-manifest-v1""}"
"BM-SPECIES-000710","BM-SPECIES-000710","MBRIS:척추동물:712","먹장어","Eptatretus burgeri","Eptatretus burgeri","eptatretus-burgeri","LINK_LEGACY_AND_PROMOTE_NEW","true","draft","pending","{""action"":""INSERT_IF_ABSENT"",""sourceProvider"":""MBRIS"",""sourceId"":""mbris-national-species-catalog"",""mbrisSourceId"":""MBRIS:척추동물:712"",""isPrimary"":true}","{""action"":""INSERT_IMPORT_LINEAGE"",""sourceProvider"":""MBRIS"",""mbrisSourceId"":""MBRIS:척추동물:712"",""originalKoreanName"":""먹장어"",""originalScientificName"":""Eptatretus burgeri"",""importBatch"":""mbris-review-ready-import-manifest-v1""}"
"BM-SPECIES-000751","BM-SPECIES-000751","MBRIS:척추동물:753","감성돔","Acanthopagrus schlegelii","Acanthopagrus schlegelii","acanthopagrus-schlegelii","LINK_LEGACY_AND_PROMOTE_NEW","true","draft","pending","{""action"":""INSERT_IF_ABSENT"",""sourceProvider"":""MBRIS"",""sourceId"":""mbris-national-species-catalog"",""mbrisSourceId"":""MBRIS:척추동물:753"",""isPrimary"":true}","{""action"":""INSERT_IMPORT_LINEAGE"",""sourceProvider"":""MBRIS"",""mbrisSourceId"":""MBRIS:척추동물:753"",""originalKoreanName"":""감성돔"",""originalScientificName"":""Acanthopagrus schlegelii"",""importBatch"":""mbris-review-ready-import-manifest-v1""}"
"BM-SPECIES-000752","BM-SPECIES-000752","MBRIS:척추동물:754","청돔","Rhabdosargus sarba","Rhabdosargus sarba","rhabdosargus-sarba","LINK_LEGACY_AND_PROMOTE_NEW","true","draft","pending","{""action"":""INSERT_IF_ABSENT"",""sourceProvider"":""MBRIS"",""sourceId"":""mbris-national-species-catalog"",""mbrisSourceId"":""MBRIS:척추동물:754"",""isPrimary"":true}","{""action"":""INSERT_IMPORT_LINEAGE"",""sourceProvider"":""MBRIS"",""mbrisSourceId"":""MBRIS:척추동물:754"",""originalKoreanName"":""청돔"",""originalScientificName"":""Rhabdosargus sarba"",""importBatch"":""mbris-review-ready-import-manifest-v1""}"
"BM-SPECIES-000753","BM-SPECIES-000753","MBRIS:척추동물:755","황돔","Dentex hypselosomus","Dentex hypselosomus","dentex-hypselosomus","LINK_LEGACY_AND_PROMOTE_NEW","true","draft","pending","{""action"":""INSERT_IF_ABSENT"",""sourceProvider"":""MBRIS"",""sourceId"":""mbris-national-species-catalog"",""mbrisSourceId"":""MBRIS:척추동물:755"",""isPrimary"":true}","{""action"":""INSERT_IMPORT_LINEAGE"",""sourceProvider"":""MBRIS"",""mbrisSourceId"":""MBRIS:척추동물:755"",""originalKoreanName"":""황돔"",""originalScientificName"":""Dentex hypselosomus"",""importBatch"":""mbris-review-ready-import-manifest-v1""}"
"BM-SPECIES-000755","BM-SPECIES-000755","MBRIS:척추동물:757","참돔","Pagrus major","Pagrus major","pagrus-major","LINK_LEGACY_AND_PROMOTE_NEW","true","draft","pending","{""action"":""INSERT_IF_ABSENT"",""sourceProvider"":""MBRIS"",""sourceId"":""mbris-national-species-catalog"",""mbrisSourceId"":""MBRIS:척추동물:757"",""isPrimary"":true}","{""action"":""INSERT_IMPORT_LINEAGE"",""sourceProvider"":""MBRIS"",""mbrisSourceId"":""MBRIS:척추동물:757"",""originalKoreanName"":""참돔"",""originalScientificName"":""Pagrus major"",""importBatch"":""mbris-review-ready-import-manifest-v1""}"
"BM-SPECIES-000757","BM-SPECIES-000757","MBRIS:척추동물:759","붉돔","Evynnis tumifrons","Evynnis tumifrons","evynnis-tumifrons","LINK_LEGACY_AND_PROMOTE_NEW","true","draft","pending","{""action"":""INSERT_IF_ABSENT"",""sourceProvider"":""MBRIS"",""sourceId"":""mbris-national-species-catalog"",""mbrisSourceId"":""MBRIS:척추동물:759"",""isPrimary"":true}","{""action"":""INSERT_IMPORT_LINEAGE"",""sourceProvider"":""MBRIS"",""mbrisSourceId"":""MBRIS:척추동물:759"",""originalKoreanName"":""붉돔"",""originalScientificName"":""Evynnis tumifrons"",""importBatch"":""mbris-review-ready-import-manifest-v1""}"
"BM-SPECIES-000760","BM-SPECIES-000760","MBRIS:척추동물:762","갈돔","Lethrinus nebulosus","Lethrinus nebulosus","lethrinus-nebulosus","LINK_LEGACY_AND_PROMOTE_NEW","true","draft","pending","{""action"":""INSERT_IF_ABSENT"",""sourceProvider"":""MBRIS"",""sourceId"":""mbris-national-species-catalog"",""mbrisSourceId"":""MBRIS:척추동물:762"",""isPrimary"":true}","{""action"":""INSERT_IMPORT_LINEAGE"",""sourceProvider"":""MBRIS"",""mbrisSourceId"":""MBRIS:척추동물:762"",""originalKoreanName"":""갈돔"",""originalScientificName"":""Lethrinus nebulosus"",""importBatch"":""mbris-review-ready-import-manifest-v1""}"
"BM-SPECIES-000761","BM-SPECIES-000761","MBRIS:척추동물:763","구갈돔","Lethrinus haematopterus","Lethrinus haematopterus","lethrinus-haematopterus","LINK_LEGACY_AND_PROMOTE_NEW","true","draft","pending","{""action"":""INSERT_IF_ABSENT"",""sourceProvider"":""MBRIS"",""sourceId"":""mbris-national-species-catalog"",""mbrisSourceId"":""MBRIS:척추동물:763"",""isPrimary"":true}","{""action"":""INSERT_IMPORT_LINEAGE"",""sourceProvider"":""MBRIS"",""mbrisSourceId"":""MBRIS:척추동물:763"",""originalKoreanName"":""구갈돔"",""originalScientificName"":""Lethrinus haematopterus"",""importBatch"":""mbris-review-ready-import-manifest-v1""}"
"BM-SPECIES-000764","BM-SPECIES-000764","MBRIS:척추동물:766","군평선이","Hapalogenys analis","Hapalogenys analis","hapalogenys-analis","LINK_LEGACY_AND_PROMOTE_NEW","true","draft","pending","{""action"":""INSERT_IF_ABSENT"",""sourceProvider"":""MBRIS"",""sourceId"":""mbris-national-species-catalog"",""mbrisSourceId"":""MBRIS:척추동물:766"",""isPrimary"":true}","{""action"":""INSERT_IMPORT_LINEAGE"",""sourceProvider"":""MBRIS"",""mbrisSourceId"":""MBRIS:척추동물:766"",""originalKoreanName"":""군평선이"",""originalScientificName"":""Hapalogenys analis"",""importBatch"":""mbris-review-ready-import-manifest-v1""}"
"BM-SPECIES-000766","BM-SPECIES-000766","MBRIS:척추동물:768","동갈돗돔","Hapalogenys nigripinnis","Hapalogenys nigripinnis","hapalogenys-nigripinnis","LINK_LEGACY_AND_PROMOTE_NEW","true","draft","pending","{""action"":""INSERT_IF_ABSENT"",""sourceProvider"":""MBRIS"",""sourceId"":""mbris-national-species-catalog"",""mbrisSourceId"":""MBRIS:척추동물:768"",""isPrimary"":true}","{""action"":""INSERT_IMPORT_LINEAGE"",""sourceProvider"":""MBRIS"",""mbrisSourceId"":""MBRIS:척추동물:768"",""originalKoreanName"":""동갈돗돔"",""originalScientificName"":""Hapalogenys nigripinnis"",""importBatch"":""mbris-review-ready-import-manifest-v1""}"
"BM-SPECIES-000792","BM-SPECIES-000792","MBRIS:척추동물:794","벤자리","Parapristipoma trilineatum","Parapristipoma trilineatum","parapristipoma-trilineatum","LINK_LEGACY_AND_PROMOTE_NEW","true","draft","pending","{""action"":""INSERT_IF_ABSENT"",""sourceProvider"":""MBRIS"",""sourceId"":""mbris-national-species-catalog"",""mbrisSourceId"":""MBRIS:척추동물:794"",""isPrimary"":true}","{""action"":""INSERT_IMPORT_LINEAGE"",""sourceProvider"":""MBRIS"",""mbrisSourceId"":""MBRIS:척추동물:794"",""originalKoreanName"":""벤자리"",""originalScientificName"":""Parapristipoma trilineatum"",""importBatch"":""mbris-review-ready-import-manifest-v1""}"
"BM-SPECIES-000800","BM-SPECIES-000800","MBRIS:척추동물:802","독가시치","Siganus fuscescens","Siganus fuscescens","siganus-fuscescens","LINK_LEGACY_AND_PROMOTE_NEW","true","draft","pending","{""action"":""INSERT_IF_ABSENT"",""sourceProvider"":""MBRIS"",""sourceId"":""mbris-national-species-catalog"",""mbrisSourceId"":""MBRIS:척추동물:802"",""isPrimary"":true}","{""action"":""INSERT_IMPORT_LINEAGE"",""sourceProvider"":""MBRIS"",""mbrisSourceId"":""MBRIS:척추동물:802"",""originalKoreanName"":""독가시치"",""originalScientificName"":""Siganus fuscescens"",""importBatch"":""mbris-review-ready-import-manifest-v1""}"
"BM-SPECIES-000818","BM-SPECIES-000818","MBRIS:척추동물:820","보리멸","Sillago sihama","Sillago sihama","sillago-sihama","LINK_LEGACY_AND_PROMOTE_NEW","true","draft","pending","{""action"":""INSERT_IF_ABSENT"",""sourceProvider"":""MBRIS"",""sourceId"":""mbris-national-species-catalog"",""mbrisSourceId"":""MBRIS:척추동물:820"",""isPrimary"":true}","{""action"":""INSERT_IMPORT_LINEAGE"",""sourceProvider"":""MBRIS"",""mbrisSourceId"":""MBRIS:척추동물:820"",""originalKoreanName"":""보리멸"",""originalScientificName"":""Sillago sihama"",""importBatch"":""mbris-review-ready-import-manifest-v1""}"
"BM-SPECIES-000825","BM-SPECIES-000825","MBRIS:척추동물:827","옥돔","Branchiostegus japonicus","Branchiostegus japonicus","branchiostegus-japonicus","LINK_LEGACY_AND_PROMOTE_NEW","true","draft","pending","{""action"":""INSERT_IF_ABSENT"",""sourceProvider"":""MBRIS"",""sourceId"":""mbris-national-species-catalog"",""mbrisSourceId"":""MBRIS:척추동물:827"",""isPrimary"":true}","{""action"":""INSERT_IMPORT_LINEAGE"",""sourceProvider"":""MBRIS"",""mbrisSourceId"":""MBRIS:척추동물:827"",""originalKoreanName"":""옥돔"",""originalScientificName"":""Branchiostegus japonicus"",""importBatch"":""mbris-review-ready-import-manifest-v1""}"
"BM-SPECIES-000839","BM-SPECIES-000839","MBRIS:척추동물:841","보구치","Pennahia argentata","Pennahia argentata","pennahia-argentata","LINK_LEGACY_AND_PROMOTE_NEW","true","draft","pending","{""action"":""INSERT_IF_ABSENT"",""sourceProvider"":""MBRIS"",""sourceId"":""mbris-national-species-catalog"",""mbrisSourceId"":""MBRIS:척추동물:841"",""isPrimary"":true}","{""action"":""INSERT_IMPORT_LINEAGE"",""sourceProvider"":""MBRIS"",""mbrisSourceId"":""MBRIS:척추동물:841"",""originalKoreanName"":""보구치"",""originalScientificName"":""Pennahia argentata"",""importBatch"":""mbris-review-ready-import-manifest-v1""}"
"BM-SPECIES-000840","BM-SPECIES-000840","MBRIS:척추동물:842","민어","Miichthys miiuy","Miichthys miiuy","miichthys-miiuy","LINK_LEGACY_AND_PROMOTE_NEW","true","draft","pending","{""action"":""INSERT_IF_ABSENT"",""sourceProvider"":""MBRIS"",""sourceId"":""mbris-national-species-catalog"",""mbrisSourceId"":""MBRIS:척추동물:842"",""isPrimary"":true}","{""action"":""INSERT_IMPORT_LINEAGE"",""sourceProvider"":""MBRIS"",""mbrisSourceId"":""MBRIS:척추동물:842"",""originalKoreanName"":""민어"",""originalScientificName"":""Miichthys miiuy"",""importBatch"":""mbris-review-ready-import-manifest-v1""}"
"BM-SPECIES-000842","BM-SPECIES-000842","MBRIS:척추동물:844","부세","Larimichthys crocea","Larimichthys crocea","larimichthys-crocea","LINK_LEGACY_AND_PROMOTE_NEW","true","draft","pending","{""action"":""INSERT_IF_ABSENT"",""sourceProvider"":""MBRIS"",""sourceId"":""mbris-national-species-catalog"",""mbrisSourceId"":""MBRIS:척추동물:844"",""isPrimary"":true}","{""action"":""INSERT_IMPORT_LINEAGE"",""sourceProvider"":""MBRIS"",""mbrisSourceId"":""MBRIS:척추동물:844"",""originalKoreanName"":""부세"",""originalScientificName"":""Larimichthys crocea"",""importBatch"":""mbris-review-ready-import-manifest-v1""}"
"BM-SPECIES-000843","BM-SPECIES-000843","MBRIS:척추동물:845","꼬마민어","Protonibea diacanthus","Protonibea diacanthus","protonibea-diacanthus","LINK_LEGACY_AND_PROMOTE_NEW","true","draft","pending","{""action"":""INSERT_IF_ABSENT"",""sourceProvider"":""MBRIS"",""sourceId"":""mbris-national-species-catalog"",""mbrisSourceId"":""MBRIS:척추동물:845"",""isPrimary"":true}","{""action"":""INSERT_IMPORT_LINEAGE"",""sourceProvider"":""MBRIS"",""mbrisSourceId"":""MBRIS:척추동물:845"",""originalKoreanName"":""꼬마민어"",""originalScientificName"":""Protonibea diacanthus"",""importBatch"":""mbris-review-ready-import-manifest-v1""}"
"BM-SPECIES-000867","BM-SPECIES-000867","MBRIS:척추동물:869","동갈치","Strongylura anastomella","Strongylura anastomella","strongylura-anastomella","LINK_LEGACY_AND_PROMOTE_NEW","true","draft","pending","{""action"":""INSERT_IF_ABSENT"",""sourceProvider"":""MBRIS"",""sourceId"":""mbris-national-species-catalog"",""mbrisSourceId"":""MBRIS:척추동물:869"",""isPrimary"":true}","{""action"":""INSERT_IMPORT_LINEAGE"",""sourceProvider"":""MBRIS"",""mbrisSourceId"":""MBRIS:척추동물:869"",""originalKoreanName"":""동갈치"",""originalScientificName"":""Strongylura anastomella"",""importBatch"":""mbris-review-ready-import-manifest-v1""}"
"BM-SPECIES-000881","BM-SPECIES-000881","MBRIS:척추동물:883","꽁치","Cololabis saira","Cololabis saira","cololabis-saira","LINK_LEGACY_AND_PROMOTE_NEW","true","draft","pending","{""action"":""INSERT_IF_ABSENT"",""sourceProvider"":""MBRIS"",""sourceId"":""mbris-national-species-catalog"",""mbrisSourceId"":""MBRIS:척추동물:883"",""isPrimary"":true}","{""action"":""INSERT_IMPORT_LINEAGE"",""sourceProvider"":""MBRIS"",""mbrisSourceId"":""MBRIS:척추동물:883"",""originalKoreanName"":""꽁치"",""originalScientificName"":""Cololabis saira"",""importBatch"":""mbris-review-ready-import-manifest-v1""}"
"BM-SPECIES-000884","BM-SPECIES-000884","MBRIS:척추동물:886","학공치","Hyporhamphus sajori","Hyporhamphus sajori","hyporhamphus-sajori","LINK_LEGACY_AND_PROMOTE_NEW","true","draft","pending","{""action"":""INSERT_IF_ABSENT"",""sourceProvider"":""MBRIS"",""sourceId"":""mbris-national-species-catalog"",""mbrisSourceId"":""MBRIS:척추동물:886"",""isPrimary"":true}","{""action"":""INSERT_IMPORT_LINEAGE"",""sourceProvider"":""MBRIS"",""mbrisSourceId"":""MBRIS:척추동물:886"",""originalKoreanName"":""학공치"",""originalScientificName"":""Hyporhamphus sajori"",""importBatch"":""mbris-review-ready-import-manifest-v1""}"
"BM-SPECIES-000900","BM-SPECIES-000900","MBRIS:척추동물:902","갯장어","Muraenesox cinereus","Muraenesox cinereus","muraenesox-cinereus","LINK_LEGACY_AND_PROMOTE_NEW","true","draft","pending","{""action"":""INSERT_IF_ABSENT"",""sourceProvider"":""MBRIS"",""sourceId"":""mbris-national-species-catalog"",""mbrisSourceId"":""MBRIS:척추동물:902"",""isPrimary"":true}","{""action"":""INSERT_IMPORT_LINEAGE"",""sourceProvider"":""MBRIS"",""mbrisSourceId"":""MBRIS:척추동물:902"",""originalKoreanName"":""갯장어"",""originalScientificName"":""Muraenesox cinereus"",""importBatch"":""mbris-review-ready-import-manifest-v1""}"
"BM-SPECIES-000908","BM-SPECIES-000908","MBRIS:척추동물:910","붕장어","Conger myriaster","Conger myriaster","conger-myriaster","LINK_LEGACY_AND_PROMOTE_NEW","true","draft","pending","{""action"":""INSERT_IF_ABSENT"",""sourceProvider"":""MBRIS"",""sourceId"":""mbris-national-species-catalog"",""mbrisSourceId"":""MBRIS:척추동물:910"",""isPrimary"":true}","{""action"":""INSERT_IMPORT_LINEAGE"",""sourceProvider"":""MBRIS"",""mbrisSourceId"":""MBRIS:척추동물:910"",""originalKoreanName"":""붕장어"",""originalScientificName"":""Conger myriaster"",""importBatch"":""mbris-review-ready-import-manifest-v1""}"
"BM-SPECIES-000935","BM-SPECIES-000935","MBRIS:척추동물:937","곰치","Gymnothorax kidako","Gymnothorax kidako","gymnothorax-kidako","LINK_LEGACY_AND_PROMOTE_NEW","true","draft","pending","{""action"":""INSERT_IF_ABSENT"",""sourceProvider"":""MBRIS"",""sourceId"":""mbris-national-species-catalog"",""mbrisSourceId"":""MBRIS:척추동물:937"",""isPrimary"":true}","{""action"":""INSERT_IMPORT_LINEAGE"",""sourceProvider"":""MBRIS"",""mbrisSourceId"":""MBRIS:척추동물:937"",""originalKoreanName"":""곰치"",""originalScientificName"":""Gymnothorax kidako"",""importBatch"":""mbris-review-ready-import-manifest-v1""}"
"BM-SPECIES-000958","BM-SPECIES-000958","MBRIS:척추동물:960","황어","Pseudaspius hakonensis","Pseudaspius hakonensis","pseudaspius-hakonensis","LINK_LEGACY_AND_PROMOTE_NEW","true","draft","pending","{""action"":""INSERT_IF_ABSENT"",""sourceProvider"":""MBRIS"",""sourceId"":""mbris-national-species-catalog"",""mbrisSourceId"":""MBRIS:척추동물:960"",""isPrimary"":true}","{""action"":""INSERT_IMPORT_LINEAGE"",""sourceProvider"":""MBRIS"",""mbrisSourceId"":""MBRIS:척추동물:960"",""originalKoreanName"":""황어"",""originalScientificName"":""Pseudaspius hakonensis"",""importBatch"":""mbris-review-ready-import-manifest-v1""}"
"BM-SPECIES-001012","BM-SPECIES-001012","MBRIS:척추동물:1014","쏠종개","Plotosus japonicus","Plotosus japonicus","plotosus-japonicus","LINK_LEGACY_AND_PROMOTE_NEW","true","draft","pending","{""action"":""INSERT_IF_ABSENT"",""sourceProvider"":""MBRIS"",""sourceId"":""mbris-national-species-catalog"",""mbrisSourceId"":""MBRIS:척추동물:1014"",""isPrimary"":true}","{""action"":""INSERT_IMPORT_LINEAGE"",""sourceProvider"":""MBRIS"",""mbrisSourceId"":""MBRIS:척추동물:1014"",""originalKoreanName"":""쏠종개"",""originalScientificName"":""Plotosus japonicus"",""importBatch"":""mbris-review-ready-import-manifest-v1""}"
"BM-SPECIES-001018","BM-SPECIES-001018","MBRIS:척추동물:1020","붉은메기","Hoplobrotula armata","Hoplobrotula armata","hoplobrotula-armata","LINK_LEGACY_AND_PROMOTE_NEW","true","draft","pending","{""action"":""INSERT_IF_ABSENT"",""sourceProvider"":""MBRIS"",""sourceId"":""mbris-national-species-catalog"",""mbrisSourceId"":""MBRIS:척추동물:1020"",""isPrimary"":true}","{""action"":""INSERT_IMPORT_LINEAGE"",""sourceProvider"":""MBRIS"",""mbrisSourceId"":""MBRIS:척추동물:1020"",""originalKoreanName"":""붉은메기"",""originalScientificName"":""Hoplobrotula armata"",""importBatch"":""mbris-review-ready-import-manifest-v1""}"
"BM-SPECIES-001022","BM-SPECIES-001022","MBRIS:척추동물:1024","청어","Clupea pallasii","Clupea pallasii","clupea-pallasii","LINK_LEGACY_AND_PROMOTE_NEW","true","draft","pending","{""action"":""INSERT_IF_ABSENT"",""sourceProvider"":""MBRIS"",""sourceId"":""mbris-national-species-catalog"",""mbrisSourceId"":""MBRIS:척추동물:1024"",""isPrimary"":true}","{""action"":""INSERT_IMPORT_LINEAGE"",""sourceProvider"":""MBRIS"",""mbrisSourceId"":""MBRIS:척추동물:1024"",""originalKoreanName"":""청어"",""originalScientificName"":""Clupea pallasii"",""importBatch"":""mbris-review-ready-import-manifest-v1""}"
"BM-SPECIES-001029","BM-SPECIES-001029","MBRIS:척추동물:1031","멸치","Engraulis japonicus","Engraulis japonicus","engraulis-japonicus","LINK_LEGACY_AND_PROMOTE_NEW","true","draft","pending","{""action"":""INSERT_IF_ABSENT"",""sourceProvider"":""MBRIS"",""sourceId"":""mbris-national-species-catalog"",""mbrisSourceId"":""MBRIS:척추동물:1031"",""isPrimary"":true}","{""action"":""INSERT_IMPORT_LINEAGE"",""sourceProvider"":""MBRIS"",""mbrisSourceId"":""MBRIS:척추동물:1031"",""originalKoreanName"":""멸치"",""originalScientificName"":""Engraulis japonicus"",""importBatch"":""mbris-review-ready-import-manifest-v1""}"
"BM-SPECIES-001030","BM-SPECIES-001030","MBRIS:척추동물:1032","준치","Ilisha elongata","Ilisha elongata","ilisha-elongata","LINK_LEGACY_AND_PROMOTE_NEW","true","draft","pending","{""action"":""INSERT_IF_ABSENT"",""sourceProvider"":""MBRIS"",""sourceId"":""mbris-national-species-catalog"",""mbrisSourceId"":""MBRIS:척추동물:1032"",""isPrimary"":true}","{""action"":""INSERT_IMPORT_LINEAGE"",""sourceProvider"":""MBRIS"",""mbrisSourceId"":""MBRIS:척추동물:1032"",""originalKoreanName"":""준치"",""originalScientificName"":""Ilisha elongata"",""importBatch"":""mbris-review-ready-import-manifest-v1""}"
"BM-SPECIES-001037","BM-SPECIES-001037","MBRIS:척추동물:1039","전어","Konosirus punctatus","Konosirus punctatus","konosirus-punctatus","LINK_LEGACY_AND_PROMOTE_NEW","true","draft","pending","{""action"":""INSERT_IF_ABSENT"",""sourceProvider"":""MBRIS"",""sourceId"":""mbris-national-species-catalog"",""mbrisSourceId"":""MBRIS:척추동물:1039"",""isPrimary"":true}","{""action"":""INSERT_IMPORT_LINEAGE"",""sourceProvider"":""MBRIS"",""mbrisSourceId"":""MBRIS:척추동물:1039"",""originalKoreanName"":""전어"",""originalScientificName"":""Konosirus punctatus"",""importBatch"":""mbris-review-ready-import-manifest-v1""}"
"BM-SPECIES-001040","BM-SPECIES-001040","MBRIS:척추동물:1042","정어리","Sardinops melanosticta","Sardinops melanosticta","sardinops-melanosticta","LINK_LEGACY_AND_PROMOTE_NEW","true","draft","pending","{""action"":""INSERT_IF_ABSENT"",""sourceProvider"":""MBRIS"",""sourceId"":""mbris-national-species-catalog"",""mbrisSourceId"":""MBRIS:척추동물:1042"",""isPrimary"":true}","{""action"":""INSERT_IMPORT_LINEAGE"",""sourceProvider"":""MBRIS"",""mbrisSourceId"":""MBRIS:척추동물:1042"",""originalKoreanName"":""정어리"",""originalScientificName"":""Sardinops melanosticta"",""importBatch"":""mbris-review-ready-import-manifest-v1""}"
"BM-SPECIES-001056","BM-SPECIES-001056","MBRIS:척추동물:1058","대구","Gadus macrocephalus","Gadus macrocephalus","gadus-macrocephalus","LINK_LEGACY_AND_PROMOTE_NEW","true","draft","pending","{""action"":""INSERT_IF_ABSENT"",""sourceProvider"":""MBRIS"",""sourceId"":""mbris-national-species-catalog"",""mbrisSourceId"":""MBRIS:척추동물:1058"",""isPrimary"":true}","{""action"":""INSERT_IMPORT_LINEAGE"",""sourceProvider"":""MBRIS"",""mbrisSourceId"":""MBRIS:척추동물:1058"",""originalKoreanName"":""대구"",""originalScientificName"":""Gadus macrocephalus"",""importBatch"":""mbris-review-ready-import-manifest-v1""}"
"BM-SPECIES-001057","BM-SPECIES-001057","MBRIS:척추동물:1059","명태","Gadus chalcogrammus","Gadus chalcogrammus","gadus-chalcogrammus","LINK_LEGACY_AND_PROMOTE_NEW","true","draft","pending","{""action"":""INSERT_IF_ABSENT"",""sourceProvider"":""MBRIS"",""sourceId"":""mbris-national-species-catalog"",""mbrisSourceId"":""MBRIS:척추동물:1059"",""isPrimary"":true}","{""action"":""INSERT_IMPORT_LINEAGE"",""sourceProvider"":""MBRIS"",""mbrisSourceId"":""MBRIS:척추동물:1059"",""originalKoreanName"":""명태"",""originalScientificName"":""Gadus chalcogrammus"",""importBatch"":""mbris-review-ready-import-manifest-v1""}"
"BM-SPECIES-001084","BM-SPECIES-001084","MBRIS:척추동물:1086","가시망둑","Pseudoblennius cottoides","Pseudoblennius cottoides","pseudoblennius-cottoides","LINK_LEGACY_AND_PROMOTE_NEW","true","draft","pending","{""action"":""INSERT_IF_ABSENT"",""sourceProvider"":""MBRIS"",""sourceId"":""mbris-national-species-catalog"",""mbrisSourceId"":""MBRIS:척추동물:1086"",""isPrimary"":true}","{""action"":""INSERT_IMPORT_LINEAGE"",""sourceProvider"":""MBRIS"",""mbrisSourceId"":""MBRIS:척추동물:1086"",""originalKoreanName"":""가시망둑"",""originalScientificName"":""Pseudoblennius cottoides"",""importBatch"":""mbris-review-ready-import-manifest-v1""}"
"BM-SPECIES-001086","BM-SPECIES-001086","MBRIS:척추동물:1088","돌팍망둑","Pseudoblennius percoides","Pseudoblennius percoides","pseudoblennius-percoides","LINK_LEGACY_AND_PROMOTE_NEW","true","draft","pending","{""action"":""INSERT_IF_ABSENT"",""sourceProvider"":""MBRIS"",""sourceId"":""mbris-national-species-catalog"",""mbrisSourceId"":""MBRIS:척추동물:1088"",""isPrimary"":true}","{""action"":""INSERT_IMPORT_LINEAGE"",""sourceProvider"":""MBRIS"",""mbrisSourceId"":""MBRIS:척추동물:1088"",""originalKoreanName"":""돌팍망둑"",""originalScientificName"":""Pseudoblennius percoides"",""importBatch"":""mbris-review-ready-import-manifest-v1""}"
"BM-SPECIES-001104","BM-SPECIES-001104","MBRIS:척추동물:1106","대구횟대","Gymnocanthus herzensteini","Gymnocanthus herzensteini","gymnocanthus-herzensteini","LINK_LEGACY_AND_PROMOTE_NEW","true","draft","pending","{""action"":""INSERT_IF_ABSENT"",""sourceProvider"":""MBRIS"",""sourceId"":""mbris-national-species-catalog"",""mbrisSourceId"":""MBRIS:척추동물:1106"",""isPrimary"":true}","{""action"":""INSERT_IMPORT_LINEAGE"",""sourceProvider"":""MBRIS"",""mbrisSourceId"":""MBRIS:척추동물:1106"",""originalKoreanName"":""대구횟대"",""originalScientificName"":""Gymnocanthus herzensteini"",""importBatch"":""mbris-review-ready-import-manifest-v1""}"
"BM-SPECIES-001123","BM-SPECIES-001123","MBRIS:척추동물:1125","베도라치","Pholis nebulosa","Pholis nebulosa","pholis-nebulosa","LINK_LEGACY_AND_PROMOTE_NEW","true","draft","pending","{""action"":""INSERT_IF_ABSENT"",""sourceProvider"":""MBRIS"",""sourceId"":""mbris-national-species-catalog"",""mbrisSourceId"":""MBRIS:척추동물:1125"",""isPrimary"":true}","{""action"":""INSERT_IMPORT_LINEAGE"",""sourceProvider"":""MBRIS"",""mbrisSourceId"":""MBRIS:척추동물:1125"",""originalKoreanName"":""베도라치"",""originalScientificName"":""Pholis nebulosa"",""importBatch"":""mbris-review-ready-import-manifest-v1""}"
"BM-SPECIES-001135","BM-SPECIES-001135","MBRIS:척추동물:1137","성대","Chelidonichthys spinosus","Chelidonichthys spinosus","chelidonichthys-spinosus","LINK_LEGACY_AND_PROMOTE_NEW","true","draft","pending","{""action"":""INSERT_IF_ABSENT"",""sourceProvider"":""MBRIS"",""sourceId"":""mbris-national-species-catalog"",""mbrisSourceId"":""MBRIS:척추동물:1137"",""isPrimary"":true}","{""action"":""INSERT_IMPORT_LINEAGE"",""sourceProvider"":""MBRIS"",""mbrisSourceId"":""MBRIS:척추동물:1137"",""originalKoreanName"":""성대"",""originalScientificName"":""Chelidonichthys spinosus"",""importBatch"":""mbris-review-ready-import-manifest-v1""}"
"BM-SPECIES-001153","BM-SPECIES-001153","MBRIS:척추동물:1155","쑤기미","Inimicus japonicus","Inimicus japonicus","inimicus-japonicus","LINK_LEGACY_AND_PROMOTE_NEW","true","draft","pending","{""action"":""INSERT_IF_ABSENT"",""sourceProvider"":""MBRIS"",""sourceId"":""mbris-national-species-catalog"",""mbrisSourceId"":""MBRIS:척추동물:1155"",""isPrimary"":true}","{""action"":""INSERT_IMPORT_LINEAGE"",""sourceProvider"":""MBRIS"",""mbrisSourceId"":""MBRIS:척추동물:1155"",""originalKoreanName"":""쑤기미"",""originalScientificName"":""Inimicus japonicus"",""importBatch"":""mbris-review-ready-import-manifest-v1""}"
"BM-SPECIES-001157","BM-SPECIES-001157","MBRIS:척추동물:1159","미역치","Paracentropogon rubripinnis","Paracentropogon rubripinnis","paracentropogon-rubripinnis","LINK_LEGACY_AND_PROMOTE_NEW","true","draft","pending","{""action"":""INSERT_IF_ABSENT"",""sourceProvider"":""MBRIS"",""sourceId"":""mbris-national-species-catalog"",""mbrisSourceId"":""MBRIS:척추동물:1159"",""isPrimary"":true}","{""action"":""INSERT_IMPORT_LINEAGE"",""sourceProvider"":""MBRIS"",""mbrisSourceId"":""MBRIS:척추동물:1159"",""originalKoreanName"":""미역치"",""originalScientificName"":""Paracentropogon rubripinnis"",""importBatch"":""mbris-review-ready-import-manifest-v1""}"
"BM-SPECIES-001161","BM-SPECIES-001161","MBRIS:척추동물:1163","임연수어","Pleurogrammus azonus","Pleurogrammus azonus","pleurogrammus-azonus","LINK_LEGACY_AND_PROMOTE_NEW","true","draft","pending","{""action"":""INSERT_IF_ABSENT"",""sourceProvider"":""MBRIS"",""sourceId"":""mbris-national-species-catalog"",""mbrisSourceId"":""MBRIS:척추동물:1163"",""isPrimary"":true}","{""action"":""INSERT_IMPORT_LINEAGE"",""sourceProvider"":""MBRIS"",""mbrisSourceId"":""MBRIS:척추동물:1163"",""originalKoreanName"":""임연수어"",""originalScientificName"":""Pleurogrammus azonus"",""importBatch"":""mbris-review-ready-import-manifest-v1""}"
"BM-SPECIES-001164","BM-SPECIES-001164","MBRIS:척추동물:1166","노래미","Hexagrammos agrammus","Hexagrammos agrammus","hexagrammos-agrammus","LINK_LEGACY_AND_PROMOTE_NEW","true","draft","pending","{""action"":""INSERT_IF_ABSENT"",""sourceProvider"":""MBRIS"",""sourceId"":""mbris-national-species-catalog"",""mbrisSourceId"":""MBRIS:척추동물:1166"",""isPrimary"":true}","{""action"":""INSERT_IMPORT_LINEAGE"",""sourceProvider"":""MBRIS"",""mbrisSourceId"":""MBRIS:척추동물:1166"",""originalKoreanName"":""노래미"",""originalScientificName"":""Hexagrammos agrammus"",""importBatch"":""mbris-review-ready-import-manifest-v1""}"
"BM-SPECIES-001165","BM-SPECIES-001165","MBRIS:척추동물:1167","쥐노래미","Hexagrammos otakii","Hexagrammos otakii","hexagrammos-otakii","LINK_LEGACY_AND_PROMOTE_NEW","true","draft","pending","{""action"":""INSERT_IF_ABSENT"",""sourceProvider"":""MBRIS"",""sourceId"":""mbris-national-species-catalog"",""mbrisSourceId"":""MBRIS:척추동물:1167"",""isPrimary"":true}","{""action"":""INSERT_IMPORT_LINEAGE"",""sourceProvider"":""MBRIS"",""mbrisSourceId"":""MBRIS:척추동물:1167"",""originalKoreanName"":""쥐노래미"",""originalScientificName"":""Hexagrammos otakii"",""importBatch"":""mbris-review-ready-import-manifest-v1""}"
"BM-SPECIES-001166","BM-SPECIES-001166","MBRIS:척추동물:1168","도루묵","Arctoscopus japonicus","Arctoscopus japonicus","arctoscopus-japonicus","LINK_LEGACY_AND_PROMOTE_NEW","true","draft","pending","{""action"":""INSERT_IF_ABSENT"",""sourceProvider"":""MBRIS"",""sourceId"":""mbris-national-species-catalog"",""mbrisSourceId"":""MBRIS:척추동물:1168"",""isPrimary"":true}","{""action"":""INSERT_IMPORT_LINEAGE"",""sourceProvider"":""MBRIS"",""mbrisSourceId"":""MBRIS:척추동물:1168"",""originalKoreanName"":""도루묵"",""originalScientificName"":""Arctoscopus japonicus"",""importBatch"":""mbris-review-ready-import-manifest-v1""}"
"BM-SPECIES-001188","BM-SPECIES-001188","MBRIS:척추동물:1190","먹갈치","Lycodes nakamurae","Lycodes nakamurae","lycodes-nakamurae","LINK_LEGACY_AND_PROMOTE_NEW","true","draft","pending","{""action"":""INSERT_IF_ABSENT"",""sourceProvider"":""MBRIS"",""sourceId"":""mbris-national-species-catalog"",""mbrisSourceId"":""MBRIS:척추동물:1190"",""isPrimary"":true}","{""action"":""INSERT_IMPORT_LINEAGE"",""sourceProvider"":""MBRIS"",""mbrisSourceId"":""MBRIS:척추동물:1190"",""originalKoreanName"":""먹갈치"",""originalScientificName"":""Lycodes nakamurae"",""importBatch"":""mbris-review-ready-import-manifest-v1""}"
"BM-SPECIES-001192","BM-SPECIES-001192","MBRIS:척추동물:1194","등가시치","Zoarces gillii","Zoarces gillii","zoarces-gillii","LINK_LEGACY_AND_PROMOTE_NEW","true","draft","pending","{""action"":""INSERT_IF_ABSENT"",""sourceProvider"":""MBRIS"",""sourceId"":""mbris-national-species-catalog"",""mbrisSourceId"":""MBRIS:척추동물:1194"",""isPrimary"":true}","{""action"":""INSERT_IMPORT_LINEAGE"",""sourceProvider"":""MBRIS"",""mbrisSourceId"":""MBRIS:척추동물:1194"",""originalKoreanName"":""등가시치"",""originalScientificName"":""Zoarces gillii"",""importBatch"":""mbris-review-ready-import-manifest-v1""}"
"BM-SPECIES-001204","BM-SPECIES-001204","MBRIS:척추동물:1206","자바리","Epinephelus bruneus","Epinephelus bruneus","epinephelus-bruneus","LINK_LEGACY_AND_PROMOTE_NEW","true","draft","pending","{""action"":""INSERT_IF_ABSENT"",""sourceProvider"":""MBRIS"",""sourceId"":""mbris-national-species-catalog"",""mbrisSourceId"":""MBRIS:척추동물:1206"",""isPrimary"":true}","{""action"":""INSERT_IMPORT_LINEAGE"",""sourceProvider"":""MBRIS"",""mbrisSourceId"":""MBRIS:척추동물:1206"",""originalKoreanName"":""자바리"",""originalScientificName"":""Epinephelus bruneus"",""importBatch"":""mbris-review-ready-import-manifest-v1""}"
"BM-SPECIES-001205","BM-SPECIES-001205","MBRIS:척추동물:1207","붉바리","Epinephelus akaara","Epinephelus akaara","epinephelus-akaara","LINK_LEGACY_AND_PROMOTE_NEW","true","draft","pending","{""action"":""INSERT_IF_ABSENT"",""sourceProvider"":""MBRIS"",""sourceId"":""mbris-national-species-catalog"",""mbrisSourceId"":""MBRIS:척추동물:1207"",""isPrimary"":true}","{""action"":""INSERT_IMPORT_LINEAGE"",""sourceProvider"":""MBRIS"",""mbrisSourceId"":""MBRIS:척추동물:1207"",""originalKoreanName"":""붉바리"",""originalScientificName"":""Epinephelus akaara"",""importBatch"":""mbris-review-ready-import-manifest-v1""}"
"BM-SPECIES-001215","BM-SPECIES-001215","MBRIS:척추동물:1217","능성어","Hyporthodus septemfasciatus","Hyporthodus septemfasciatus","hyporthodus-septemfasciatus","LINK_LEGACY_AND_PROMOTE_NEW","true","draft","pending","{""action"":""INSERT_IF_ABSENT"",""sourceProvider"":""MBRIS"",""sourceId"":""mbris-national-species-catalog"",""mbrisSourceId"":""MBRIS:척추동물:1217"",""isPrimary"":true}","{""action"":""INSERT_IMPORT_LINEAGE"",""sourceProvider"":""MBRIS"",""mbrisSourceId"":""MBRIS:척추동물:1217"",""originalKoreanName"":""능성어"",""originalScientificName"":""Hyporthodus septemfasciatus"",""importBatch"":""mbris-review-ready-import-manifest-v1""}"
"BM-SPECIES-001227","BM-SPECIES-001227","MBRIS:척추동물:1229","다금바리","Niphon spinosus","Niphon spinosus","niphon-spinosus","LINK_LEGACY_AND_PROMOTE_NEW","true","draft","pending","{""action"":""INSERT_IF_ABSENT"",""sourceProvider"":""MBRIS"",""sourceId"":""mbris-national-species-catalog"",""mbrisSourceId"":""MBRIS:척추동물:1229"",""isPrimary"":true}","{""action"":""INSERT_IMPORT_LINEAGE"",""sourceProvider"":""MBRIS"",""mbrisSourceId"":""MBRIS:척추동물:1229"",""originalKoreanName"":""다금바리"",""originalScientificName"":""Niphon spinosus"",""importBatch"":""mbris-review-ready-import-manifest-v1""}"
"BM-SPECIES-001245","BM-SPECIES-001245","MBRIS:척추동물:1247","홍감펭","Helicolenus hilgendorfii","Helicolenus hilgendorfii","helicolenus-hilgendorfii","LINK_LEGACY_AND_PROMOTE_NEW","true","draft","pending","{""action"":""INSERT_IF_ABSENT"",""sourceProvider"":""MBRIS"",""sourceId"":""mbris-national-species-catalog"",""mbrisSourceId"":""MBRIS:척추동물:1247"",""isPrimary"":true}","{""action"":""INSERT_IMPORT_LINEAGE"",""sourceProvider"":""MBRIS"",""mbrisSourceId"":""MBRIS:척추동물:1247"",""originalKoreanName"":""홍감펭"",""originalScientificName"":""Helicolenus hilgendorfii"",""importBatch"":""mbris-review-ready-import-manifest-v1""}"
"BM-SPECIES-001246","BM-SPECIES-001246","MBRIS:척추동물:1248","점쏠배감펭","Pterois volitans","Pterois volitans","pterois-volitans","LINK_LEGACY_AND_PROMOTE_NEW","true","draft","pending","{""action"":""INSERT_IF_ABSENT"",""sourceProvider"":""MBRIS"",""sourceId"":""mbris-national-species-catalog"",""mbrisSourceId"":""MBRIS:척추동물:1248"",""isPrimary"":true}","{""action"":""INSERT_IMPORT_LINEAGE"",""sourceProvider"":""MBRIS"",""mbrisSourceId"":""MBRIS:척추동물:1248"",""originalKoreanName"":""점쏠배감펭"",""originalScientificName"":""Pterois volitans"",""importBatch"":""mbris-review-ready-import-manifest-v1""}"
"BM-SPECIES-001247","BM-SPECIES-001247","MBRIS:척추동물:1249","쏠배감펭","Pterois lunulata","Pterois lunulata","pterois-lunulata","LINK_LEGACY_AND_PROMOTE_NEW","true","draft","pending","{""action"":""INSERT_IF_ABSENT"",""sourceProvider"":""MBRIS"",""sourceId"":""mbris-national-species-catalog"",""mbrisSourceId"":""MBRIS:척추동물:1249"",""isPrimary"":true}","{""action"":""INSERT_IMPORT_LINEAGE"",""sourceProvider"":""MBRIS"",""mbrisSourceId"":""MBRIS:척추동물:1249"",""originalKoreanName"":""쏠배감펭"",""originalScientificName"":""Pterois lunulata"",""importBatch"":""mbris-review-ready-import-manifest-v1""}"
