공간정보일련번호,공간정보,포인트명1,포인트명2,수심범위내용,주원료내용,조수물때내용,낚시방법대상내용,선상낚시포인트도분초위도,선상낚시포인트도분초경도,고시내용,행정구역명
1,POINT (1045426.59078444 1658004.10693042),남해도 동부·신수도·창선도,벽재마을앞입표부근해상,3.5~16.4,암,초들물~중날물,▶참돔 - 부력/ 잠수▶농어 - 루어/ 릴찌▶노래미 - 루어/ 릴찌/ 장대/ 원투▶볼락 - 릴찌/ 장대/ 루어▶우럭 - 릴찌/ 원투,34-54-56.9N,127-59-50.3E,,경상남도 남해군
2,POINT (1102964.80288829 1664870.29635754),칠천도·가조도,슬응도부근해상,11.6~13.8,펄/ 조개껍질,초들물~중날물,▶감성돔 - 릴찌/ 장대/ 원투▶노래미 - 루어/ 릴찌/ 장대/ 원투▶갑오징어 - 에깅▶도다리 - 원투▶볼락 - 릴찌/ 장대/ 루어,34-58-24.6N,128-37-40.7E,,경상남도 거제시
3,POINT (1296009.74497658 1944985.66208473),울릉도,남양항부근해상,14.2~22.5,암,들물~초썰물,▶참돔 - 부력/ 잠수▶부시리 - 부력/ 잠수/ 지깅▶벵에돔 - 목줄/ 장대/ 부력/ 잠수,37-27-24.2N,130-50-47.3E,,경상북도 울릉군
4,POINT (947356.113301875 1503742.78332737),제주도 북동부·우도,반다여부근,7.7~10.0,암,들물/날물,▶참돔 - 부력/ 잠수▶돌돔 - 민장대/ 릴찌/ 원투▶볼락 - 루어/ 릴찌/ 장대▶벵에돔 - 목줄/ 장대/ 부력/ 잠수▶무늬오징어 - 에깅▶독가시치 - 목줄/ 장대/ 부력/ 잠수,33-31-27.5N,126-55-59.1E,,제주특별자치도 제주시
5,POINT (788757.350389528 1639031.63733239),홍도,모도부근,4.1~7.2m,암,조금 전후,▶ 참돔  -  부력/ 잠수▶ 돌돔  -  릴찌/ 장대/ 원투▶ 감성돔  -  릴찌/ 장대/ 원투▶ 우럭  -  릴찌/ 원투▶ 농어  -  루어/ 릴찌,34-43-25.977N,125-11-34.794E,,전라남도 신안군
6,POINT (877864.52893697 1699876.89136593),송이도,양골앞바다,1.5~1.7,암,들물/날물,▶감성돔 - 릴찌/ 장대/ 원투▶민어 - 루어/ 지깅/ 원투▶숭어 - 릴찌/ 장대/ 홀치기▶농어 - 루어/ 릴찌▶붕장어 - 원투▶우럭 - 릴찌/ 원투,35-17-13.0N,126-09-24.8E,,전라남도 영광군
7,POINT (887989.11050487 1666548.26183811),고이도·매화도·선도·증도,선도선창부근해상,0~2.0,펄,초들물~중날물,▶감성돔 - 릴찌/ 장대/ 원투▶노래미 - 루어/ 릴찌/ 장대/ 원투▶광어 - 릴찌/ 원투▶숭어 - 릴찌/ 장대/ 훌치기▶우럭 - 릴찌/ 원투▶붕장어 - 원투▶도다리 - 원투▶농어 - 루어/ 릴찌,34-59-15.6N,126-16-21.8E,,전라남도 신안군
8,POINT (894371.659418095 1658014.59826388),압해도,효지도철탑아래해상,0.1~0.7,펄,초들물~중날물,▶감성돔 - 릴찌/ 장대/ 원투 ▶노래미 - 루어/ 릴찌/ 장대/ 원투 ▶농어 - 루어/ 릴찌▶볼락 - 릴찌/ 장대/ 루어 ▶붕장어 - 원투 ▶우럭 - 릴찌/ 원투,34-54-41.1N,126-20-37.4E,,전라남도 신안군
9,POINT (778018.813863156 1569808.83770503),가거도,오동여/검등여사이부근해상,10.5~12.3,암,초들물~중날물,▶감성돔 - 릴찌/ 장대/ 원투▶노래미 - 루어/ 릴찌/ 장대/ 원투▶참돔 - 릴찌▶농어 - 루어▶볼락 - 릴찌/ 장대/ 루어▶우럭 - 루어/ 릴찌/ 장대/ 원투▶돌돔 - 릴찌 ▶부시리 - 루어,34-05-52.4N,125-05-37.5E,,전라남도 신안군
10,POINT (957825.379580119 1604331.31406576),금당도,서방여부근,5.4~13.6,암,초들물~중날물,▶감성돔 - 릴찌/ 장대/ 원투▶볼락 - 릴찌/ 장대/ 루어▶노래미 - 루어/ 릴찌/ 장대/ 원투▶농어 - 루어/ 릴찌▶도다리 - 원투▶학꽁치 - 릴찌/ 장대,34-25-55.0N,127-02-27.5E,,전라남도 완도군
11,POINT (1022938.49321304 1620918.84833001),돌산도,화태도대횡간도사이입표부근,-0.9~14,펄,초들물~중날물,▶참돔 - 부력/ 잠수▶농어 - 루어/ 릴찌▶노래미 - 루어/ 릴찌/ 장대/ 원투▶볼락 - 릴찌/ 장대/ 루어▶우럭 - 릴찌/ 원투▶붕장어 - 원투,34-34-55.7N,127-45-00.4E,,전라남도 여수시
12,POINT (1026189.44013057 1633424.27087276),돌산도,내치도부근해상,0.7~4.7,펄,초들물~중날물,▶참돔 - 부력/ 잠수▶농어 - 루어/ 릴찌▶노래미 - 루어/ 릴찌/ 장대/ 원투▶볼락 - 릴찌/ 장대/ 루어▶우럭 - 릴찌/ 원투▶붕장어 - 원투,34-41-41.4N,127-47-09.4E,,전라남도 여수시
13,POINT (1029853.75517302 1656661.61234994),남해도 북부,난초섬부근,3.3~8.5,암,초들물~중날,▶참돔 - 부력/ 잠수▶농어 - 루어/ 릴찌▶노래미 - 루어/ 릴찌/ 장대/ 원투▶볼락 - 릴찌/ 장대/ 루어▶우럭 - 릴찌/ 원투,34-54-15.4N,127-49-36.4E,,경상남도 남해군
14,POINT (1036951.4990975 1635934.66828281),남해도 남부,가천마을앞바다,21.9~24.0,암,초들물~중날물,▶참돔 - 부력/ 잠수▶농어 - 루어/ 릴찌▶노래미 - 루어/ 릴찌/ 장대/ 원투▶볼락 - 릴찌/ 장대/ 루어▶우럭 - 릴찌/ 원투,34-43-01.7N,127-54-12.8E,,경상남도 남해군
15,POINT (1049705.75825059 1633413.25317591),남해도 남부,조도부근해상,22.6~24.3,모래/ 조개껍질,초들물~중날물,▶참돔 - 부력/ 잠수▶농어 - 루어/ 릴찌▶노래미 - 루어/ 릴찌/ 장대/ 원투▶볼락 - 릴찌/ 장대/ 루어▶우럭 - 릴찌/ 원투,34-41-37.9N,128-2-33.7E,,경상남도 남해군
16,POINT (1062072.30219833 1635515.20049562),두미도,고운마을앞해상,60,펄,상관없음,▶감성돔 - 릴찌/ 장대/ 원투▶벵에돔 - 목줄/ 장대/ 부력/ 잠수▶노래미 - 루어/ 릴찌/ 장대/ 원투▶참돔 - 부력/ 잠수▶농어 - 루어/ 릴찌▶볼락 - 릴찌/ 장대/ 루어,34-42-43.7N,128-10-40.3E,,경상남도 통영시
17,POINT (877387.633817287 1582491.87447702),독거군도 부근,간암여해상,23.5~29m,암,1물~4물,▶ 참돔  -  부력/ 잠수▶ 감성돔  -  릴찌/ 장대/ 원투▶ 돌돔  -  릴찌/ 장대/ 원투▶ 광어 - 릴찌/ 원투▶ 농어  -  루어/ 릴찌,34-13-43.038N,126-10-07.478E,,전라남도 진도군
18,POINT (891764.868198976 1548296.72734999),추자군도,하추자도와청도사이,20.2~21m,암,조금 전후/ 1~4물,▶ 감성돔  -  릴찌/ 장대/ 원투▶ 벵에돔 - 목줄/ 장대/ 부력/ 잠수▶ 참돔  -  부력/ 잠수▶ 돌돔 - 민장대/ 릴찌/ 원투▶ 볼락 - 릴찌/ 장대/ 루어▶ 부시리 - 부력/ 잠수/ 지깅,33-55-18.776N,126-19-44.631E,,제주특별자치도 제주시
37,POINT (903375.81615311 1898950.16561327),풍도·난지도,풍도남동측바다,26m~28m,모래,사리 전·후,▶넙치 - 루어/ 원투 ▶노래미 - 루어/ 릴찌/ 장대/ 원투▶농어 - 루어/ 릴찌 ▶붕장어 - 원투▶우럭 - 릴찌/ 원투,37-05-03.1N,126-24-46.3E,,경기도 안산시
19,POINT (967971.165062666 1578844.25138539),황제도,소마도해상,22~26m,암,조금 전후/ 2~3물,▶ 감성돔  -  릴찌/ 장대/ 원투▶ 참돔  -  부력/ 잠수▶ 돌돔  -  릴찌/ 장대/ 원투▶ 농어  -  루어/ 릴찌▶ 광어  -  릴찌/ 원투▶ 볼락  -  릴찌/ 장대/ 루어,34-12-08.854N,127-09-08.444E,,전라남도 완도군
20,POINT (996896.883448697 1582326.9703081),간수제도,갈퀴섬해상,14.8~29.5m,펄/ 모래,사리를 피한 조금 이후,▶ 감성돔  -  릴찌/ 장대/ 원투▶ 참돔  -  부력/ 잠수▶ 돌돔  -  릴찌/ 장대/ 원투▶ 우럭  -  릴찌/ 원투▶ 노래미  -  루어/ 릴찌/ 장대/ 원투▶ 농어  -  루어/ 릴찌▶ 숭어  -  릴찌/ 장대/ 훌치기▶ 삼치  -  루어/ 릴찌▶ 문어  -  루어,34-14-03.684N,127-27-58.697E,,전라남도 여수시
21,POINT (1050397.0600807 1659361.65839075),진주만 부근,삼천포대교밑,10.4~11.1m,암,13물-4물/ 초들물,▶ 감성돔  -  릴찌/ 장대/ 원투▶ 노래미  -  루어/ 릴찌/ 장대/ 원투▶ 볼락  -  릴찌/ 장대/ 루어▶ 농어  -  루어/ 릴찌▶ 도다리  -  원투▶ 갑오징어  -  에깅,34-55-40.123N,128-03-06.478E,,경상남도 고성군
22,POINT (1077797.92863656 1629024.40851285),연화도 부근,연화항부근해상,9.7~18m,암,초들물/ 초날물/ 5물~6물/ 조금,▶ 참돔 - 부력/ 잠수▶ 감성돔 - 릴찌/ 장대/ 원투▶ 볼락 - 릴찌/ 장대/ 루어▶ 벵에돔 - 목줄/ 장대/ 부력/ 잠수▶ 농어 - 루어/ 릴찌,34-39-09.128N,128-20-56.329E,,경상남도 통영시
23,POINT (808717.858365377 1637162.6487013),흑산도·삼태도,대흑산도호장도부근,26.5m~30m,펄/ 모래,조금 전·후,▶감성돔 - 릴찌/ 장대/ 원투 ▶넙치 - 루어/ 원투▶농어 - 루어/ 릴찌 ▶돌돔 - 릴찌/ 장대/ 원투▶붕장어 - 원투 ▶우럭 - 릴찌/ 원투 ▶참돔 - 부력/ 잠수,34-42-39.5N,125-24-40.6E,,전라남도 신안군
24,POINT (1062663.19453728 1635408.30170235),두미도,북구마을앞해상,60,펄,상관없음,▶감성돔 - 릴찌/ 장대/ 원투▶벵에돔 - 목줄/ 장대/ 부력/ 잠수▶노래미 - 루어/ 릴찌/ 장대/ 원투▶참돔 - 부력/ 잠수▶농어 - 루어/ 릴찌▶볼락 - 릴찌/ 장대/ 루어,34-42-40.1N,128-11-03.5E,,경상남도 통영시
25,POINT (893106.909814407 1763557.6412033),말도·방축도,말도등대앞바다,26m~30.5m,모래/ 조개껍질,들물/ 썰물 전·후,▶넙치 - 루어/ 원투 ▶노래미 - 루어/ 릴찌/ 장대/ 원투▶농어 - 루어/ 릴찌 ▶도다리 - 원투 ▶우럭 - 릴찌/ 원투,35-51-45.9N,126-18-57.8E,,전라북도 군산시
26,POINT (939025.917370826 1579367.88002043),청산도·대모도,장도부근,19m~20m,조개껍질/ 펄,4물~사리,▶감성돔 - 릴찌/ 장대/ 원투 ▶농어 - 루어/ 릴찌▶돌돔 - 릴찌/ 장대/ 원투 ▶볼락 - 루어/ 릴찌/ 장대▶우럭 - 릴찌/ 원투 ▶참돔 - 부력/ 잠수,34-12-21.2N,126-50-17.3E,,전라남도 완도군
27,POINT (1100569.44765422 1624834.83102067),비진도·매물도,소매물도등가도부근,38m~42m,펄/ 모래,조금 전·후,▶감성돔 - 릴찌/ 장대/ 원투 ▶돌돔 - 릴찌/ 장대/ 원투▶볼락 - 루어/ 릴찌/ 장대 ▶우럭 - 릴찌/ 원투▶벵에돔 - 목줄/ 장대/ 부력/ 잠수 ▶참돔 - 부력/ 잠수,34-36-46.0N,128-35-49.0E,,경상남도 통영시
28,POINT (1023135.08179136 1623805.55506282),돌산도,밤섬남측해상,4.5~10.7,펄,초들물~중날물,▶참돔 - 부력/ 잠수▶농어 - 루어/ 릴찌▶노래미 - 루어/ 릴찌/ 장대/ 원투▶볼락 - 릴찌/ 장대/ 루어▶우럭 - 릴찌/ 원투▶붕장어 - 원투,34-36-29.4N,127-45-08.4E,,전라남도 여수시
29,POINT (906234.903751785 1470577.56177796),제주도 남부,강정포구앞노란부표부근,14.6~18.0,암,초들물~중날물,▶벵에돔 - 목줄/ 장대/ 부력/ 잠수▶한치 - 루어/ 원투▶노래미 - 루어/ 릴찌/ 장대/ 원투▶독가시치 - 목줄/ 장대/ 부력/ 잠수▶부시리 - 부력/ 잠수/ 지깅▶우럭 - 릴찌/ 원투,33-13-20.6N,126-29-37.5E,,제주특별자치도 서귀포시
30,POINT (895550.366472451 1947715.79751618),장봉도,비가지(날가지도)부근,6m~11m,모래/ 펄,조금 전·후/ 3물~5물,▶넙치 - 루어/ 원투 ▶노래미 - 루어/ 릴찌/ 장대/ 원투▶망둑어 - 원투 ▶숭어 - 릴찌/ 장대/ 훌치기▶우럭 - 릴찌/ 원투,37-31-22.2N,126-19-04.7E,채석장 북갯바위(가막머리)/ 채석장 부근 포인트는 도로 유실로 인하여 차량진입이 힘드므로 등산로를 이용해 진입하여야 한다.,인천광역시 옹진군
31,POINT (893850.725329207 1818895.53539595),원산도·삽시도,물건서부근,15m~19m,모래/ 펄,조금 전·후,▶감성돔 - 릴찌/ 장대/ 원투 ▶갑오징어 - 에깅▶넙치 - 루어/ 원투 ▶농어 - 루어/ 릴찌▶우럭 - 릴찌/ 원투 ▶주꾸미 - 루어,36-21-41.9N,126-19-00.6E,,충청남도 보령시
32,POINT (898316.2055189911 1918347.21163206),자월도,굴뿌리앞바다,27m~30m,모래,들물/ 날물,▶농어 - 루어/ 릴찌 ▶우럭 - 릴찌/ 원투,37-15-30.5N,126-21-11.9E,,인천광역시 옹진군
33,POINT (873511.726706892 1920894.67529183),덕적도·소야도,선미도부근,10m~15m,모래,조금 전·후,▶넙치 - 루어/ 원투 ▶노래미 - 루어/ 릴찌/ 장대/ 원투▶농어 - 루어/ 릴찌 ▶붕장어 - 원투▶우럭 - 루어/ 릴찌,37-16-42.2N,126-04-23.6E,덕적도 목섬 부근/ 덕적도 정자바위/ 덕적도 큰이마/ 작은이마/ 소야도 대금두 부근/ 소야도 남서쪽 갯바위 포인트는 도보진입만 가능하며 진입로가 험하므로 초보자는 안전에 주의해야한다.,인천광역시 옹진군
34,POINT (874087.8381537661 1913974.91121491),덕적도·소야도,용담갑앞바다,30m~35m,가는모래,조금 전·후,▶넙치 - 루어/ 원투 ▶노래미 - 루어/ 릴찌/ 장대/ 원투▶농어 - 루어/ 릴찌 ▶붕장어 - 원투▶우럭 - 루어/ 릴찌,37-12-58.0N,126-04-51.2E,,인천광역시 옹진군
35,POINT (877621.6617394991 1910661.44240225),문갑도·선갑도,문갑도할미취부근,7.8m~10m,가는 모래,조금 전·후,▶넙치 - 루어/ 원투 ▶노래미 - 루어/ 릴찌/ 장대/ 원투 ▶농어 - 루어/ 릴찌 ▶우럭 - 릴찌/ 원투,37-11-12.2N,126-07-16.5E,,인천광역시 옹진군
36,POINT (866808.598324528 1912169.72599231),백아도·굴업도,굴업도동뿌리앞바다,40m~43m,가는 모래,1~3물/ 조금 전·후,▶넙치 - 루어/ 원투 ▶노래미 - 루어/ 릴찌/ 장대/ 원투▶농어 - 루어/ 릴찌 ▶붕장어 - 원투▶우럭 - 릴찌/ 원투,37-11-55.8N,125-59-57.1E,,인천광역시 옹진군
38,POINT (895110.5224044711 1816920.18421103),원산도·삽시도,면삽지앞바다,5.2m~6.1m,모래/ 조개껍질,조금 전·후,▶감성돔 - 릴찌/ 장대/ 원투 ▶갑오징어 - 에깅▶넙치 - 루어/ 원투 ▶농어 - 루어/ 릴찌▶우럭 - 릴찌/ 원투▶주꾸미 - 루어,36-20-38.3N,126-19-52.1E,,충청남도 보령시
39,POINT (887486.0641537431 1809005.97542139),호도·녹도·외연도,모도부근,13.7m~16m,모래,초들물,▶감성돔 - 릴찌/ 장대/ 원투 ▶갑오징어 - 에깅▶넙치 - 루어/ 원투 ▶농어 - 루어/ 릴찌▶노래미 - 루어/ 릴찌/ 장대/ 원투 ▶우럭 - 릴찌/ 원투,36-16-18.4N,126-14-50.4E,,충청남도 보령시
40,POINT (895815.222993725 1763281.82646119),말도·방축도,솔푼서부근,15.2m~18m,바위,들물/ 썰물 전·후,▶감성돔 - 릴찌/ 장대/ 원투 ▶도다리 - 원투▶노래미 - 루어/ 릴찌/ 장대/ 원투▶우럭 - 릴찌/ 원투,35-51-38.0N,126-20-45.9E,,전라북도 군산시
41,POINT (905302.55275462 1755135.633329),선유도·무녀도·장자도·신시도,만서/만자서앞바다,18m~21m,모래/ 펄,조금 전·후,▶넙치 - 루어/ 원투 ▶노래미 - 루어/ 릴찌/ 장대/ 원투▶농어 - 루어/ 릴찌 ▶붕장어 - 원투▶삼치 - 루어/ 릴찌 ▶우럭 - 릴찌/ 원투 ▶양태 - 루어/ 릴찌,35-47-17.1N,126-27-07.6E,,전라북도 군산시
42,POINT (883729.755328601 1738622.6554629),왕등도·위도,식도북쪽바다,28m~30m,펄,중썰물~끝썰물,▶감성돔 - 릴찌/ 장대/ 원투 ▶넙치 - 루어/ 원투▶노래미 - 루어/ 릴찌/ 장대/ 원투 ▶농어 - 루어/ 릴찌▶숭어 - 릴찌/ 장대/ 훌치기 ▶우럭 - 릴찌/ 원투,35-38-12.9N,126-12-57.0E,,전라북도 부안군
43,POINT (908126.376664617 1569050.23370854),노화도·보길도·소안도,보길도보죽각앞바다,37m~40m,조개껍질,사리 전·후,▶감성돔 - 릴찌/ 장대/ 원투 ▶돌돔 - 릴찌/ 장대/ 원투▶벵에돔 - 목줄/ 장대/ 부력/ 잠수 ▶우럭 - 릴찌/ 원투▶볼락 - 루어/ 릴찌/ 장대 ▶참돔 - 부력/ 잠수,34-06-38.1N,126-30-13.9E,,전라남도 완도군
44,POINT (974213.62317977 1603600.0164753),거금도,소독도부근,13m~16m,펄,초들물,▶감성돔 - 릴찌/ 장대/ 원투 ▶농어 - 루어/ 릴찌▶도다리 - 원투 ▶돌돔 - 릴찌/ 장대/ 원투▶붕장어 - 원투 ▶숭어 - 릴찌/ 장대/ 훌치기 ▶우럭 - 릴찌/ 원투,34-25-33.2N,127-13-09.7E,,전라남도 고흥군
45,POINT (979600.675493 1558417.2891485),여서도·거문도,만수용단앞바다,58m~63m,펄,들물/ 날물 전·후,▶감성돔 - 릴찌/ 장대/ 원투 ▶돌돔 - 릴찌/ 장대/ 원투▶농어 - 루어/ 릴찌 ▶벵에돔 - 목줄/ 장대/ 부력/ 잠수▶볼락 - 루어/ 릴찌/ 장대 ▶참돔 - 부력/ 잠수,34-01-06.7N,127-16-44.6E,,전라남도 완도군
46,POINT (1069550.54930794 1646014.93286413),사량도,화도부근,15m~18m,펄,조금 전·후,▶감성돔 - 릴찌/ 장대/ 원투 ▶농어 - 루어/ 릴찌▶벵에돔 - 목줄/ 장대/ 부력/ 잠수 ▶우럭 - 릴찌/ 원투▶볼락 - 릴찌/ 루어/ 장대 ▶참돔 - 부력/ 잠수,34-48-22.8N,128-15-37.4E,,경상남도 통영시
47,POINT (1069625.83132832 1624257.41006175),욕지도,흑초부근,36m~40m,펄,5 물~11물,▶감성돔 - 릴찌/ 장대/ 원투 ▶농어 - 루어/ 릴찌▶무늬오징어 - 릴찌/ 에깅 ▶볼락 - 루어/ 릴찌/ 장대▶벵에돔 - 목줄/ 장대/ 부력/ 잠수 ▶참돔 - 부력/ 잠수,34-36-36.5N,128-15-33.9E,,경상남도 통영시
48,POINT (1090970.35705689 1661985.41106422),거제도 북서부,만금여부근,16m~19m,펄,조금 전·후,▶감성돔 - 릴찌/ 장대/ 원투 ▶고등어 - 루어/ 릴찌/ 장대▶돌돔 - 릴찌/ 장대/ 원투 ▶보리멸 - 원투▶살오징어 - 에깅 ▶볼락 - 루어/ 릴찌/ 장대 ▶참돔 - 부력/ 잠수,34-56-55.1N,128-29-46.6E,거제도 북서부 부근은 갯바위권과 방파제건 조황이 비슷하니 안전하게 방파제에서 낚시를 즐겨도 된다.,경상남도 거제시
49,POINT (1112687.52199753 1664938.99042699),거제도 북동부,이수도부근,13m~18m,펄,조금 전·후,▶감성돔 - 릴찌/ 장대/ 원투 ▶농어 - 루어/ 릴찌▶벵에돔 - 목줄/ 장대/ 부력/ 잠수 ▶우럭 - 릴찌/ 원투▶볼락 - 루어/ 릴찌/ 장대 ▶참돔 - 부력/ 잠수,34-58-23.1N,128-44-04.1E,,경상남도 거제시
50,POINT (1110901.54479067 1642967.49783145),거제도 남부,외조라도부근,33m~40m,자갈/ 조개껍질,조금 전·후,▶감성돔 - 릴찌/ 장대/ 원투 ▶돌돔 - 릴찌/ 장대/ 원투▶벵에돔 - 목줄/ 장대/ 부력/ 잠수 ▶우럭 - 릴찌/ 원투▶볼락 - 루어/ 릴찌/ 장대 ▶참돔 - 부력/ 잠수,34-46-30.7N,128-42-43.2E,,경상남도 거제시
51,POINT (898566.126536199 1940542.79406648),영종도·용유도,왕산해변북서측해상,6.0~9.9,모래/ 펄,조금 전후,▶숭어 - 릴찌/ 장대/ 홀치기▶우럭 - 릴찌/ 원투▶노래미 - 루어/ 릴찌/ 장대/ 원투▶삼치 - 루어/ 릴찌▶붕장어 - 원투,37-27-30.7N,126-21-11.1E,,인천광역시 중구
52,POINT (899412.160783746 1844571.50980659),안면도 북부,황도연육교부근해상,-2.4~-1.4,모래/ 펄,초들물~중날물,▶우럭 - 릴찌/ 원투▶노래미 - 루어/ 릴찌/ 장대/ 원투▶학꽁치 - 릴찌/ 장대▶광어 - 릴찌/ 원투▶숭어 - 릴찌/ 장대/ 홀치기▶도다리 - 원투,36-35-37.2N,126-22-31.7E,,충청남도 태안군
53,POINT (872552.627562517 1854892.69535408),가의도,선착장앞입표부근해상,13.3~13.5,펄/ 모래,상관없음,▶우럭 - 릴찌/ 원투▶노래미 - 루어/ 릴찌/ 장대/ 원투▶고등어 - 루어/ 릴찌/ 장대▶광어 - 릴찌/ 원투▶주꾸미 - 릴찌/ 원투/ 장대▶학꽁치 - 릴찌/ 장대,36-41-00.5N,126-04-24.8E,,충청남도 태안군
54,POINT (876373.6921860051 1697653.9035321),송이도,민머리앞바다,-0.4~0.4,암,들물/날물,▶감성돔 - 릴찌/ 장대/ 원투▶민어 - 루어/ 지깅/ 원투▶숭어 - 릴찌/ 장대/ 홀치기▶농어 - 루어/ 릴찌▶붕장어 - 원투▶우럭 - 릴찌/ 원투,35-16-00.2N,126-08-27.0E,,전라남도 영광군
55,POINT (893835.387576865 1658168.69821255),압해도,대교밑해상,2.1~5.0,펄,초들물~중날물,▶감성돔 - 릴찌/ 장대/ 원투 ▶노래미 - 루어/ 릴찌/ 장대/ 원투 ▶농어 - 루어/ 릴찌▶볼락 - 릴찌/ 장대/ 루어 ▶붕장어 - 원투 ▶우럭 - 릴찌/ 원투,34-54-45.9N,126-20-16.2E,,전라남도 신안군
56,POINT (930396.844584083 1596302.07442682),완도,장도앞해상,9.8~10.2,암,초들물~중날물,▶숭어 - 릴찌/ 장대/ 홀치기▶우럭 - 릴찌/ 원투▶농어 - 루어/ 릴찌▶감성돔 - 릴찌/ 장대/ 원투▶참돔 - 부력/ 잠수▶붕장어 - 원투,34-21-29.0N,126-44-35.2E,,전라남도 완도군
57,POINT (1023506.6258199 1621915.2007873),돌산도,작금마을동측입표부근,4.9~7.5,펄,초들물~중날물,▶참돔 - 부력/ 잠수▶농어 - 루어/ 릴찌▶노래미 - 루어/ 릴찌/ 장대/ 원투▶볼락 - 릴찌/ 장대/ 루어▶우럭 - 릴찌/ 원투▶붕장어 - 원투,34-35-28.0N,127-45-22.8E,,전라남도 여수시
58,POINT (1036266.40119773 1661850.76486332),남해도 북부,노량수도,17.5~23.2,펄/ 모래,초들물~중날,▶참돔 - 부력/ 잠수▶농어 - 루어/ 릴찌▶노래미 - 루어/ 릴찌/ 장대/ 원투▶볼락 - 릴찌/ 장대/ 루어▶우럭 - 릴찌/ 원투,34-57-3.1N,127-53-49.9E,,경상남도 남해군
59,POINT (1050214.32212485 1657166.59284842),남해도 동부·신수도·창선도,송도부근해상,5.2~14.5,암,초들물~중날물,▶참돔 - 부력/ 잠수▶농어 - 루어/ 릴찌▶노래미 - 루어/ 릴찌/ 장대/ 원투▶볼락 - 릴찌/ 장대/ 루어▶우럭 - 릴찌/ 원투,34-54-28.9N,128-02-58.8E,,경상남도 남해군
60,POINT (839433.704293541 1960348.81280377),두미도,청석골,5.0~16.1,펄,상관없음,▶감성돔 - 릴찌/ 장대/ 원투▶벵에돔 - 목줄/ 장대/ 부력/ 잠수▶노래미 - 루어/ 릴찌/ 장대/ 원투▶참돔 - 부력/ 잠수▶농어 - 루어/ 릴찌▶볼락 - 릴찌/ 장대/ 루어,37-37-42.9N,125-40-49.4E,,경상남도 통영시
61,POINT (1145178.87475186 1672603.07531196),영도,생도부근,4.1~4.9,암,상관없음,▶감성돔 - 릴찌/ 장대/ 원투▶참돔 - 부력/ 잠수▶고등어 - 루어/ 릴찌/ 장대▶벵에돔 - 목줄/ 장대/ 부력/ 잠수▶전갱이 - 루어/ 릴찌/ 장대▶학꽁치 - 릴찌/ 장대,35-02-16.9N,129-05-29.9E,,부산광역시 영도구
62,POINT (888702.089883796 1551293.34853337),추자도,상추자도남측입표부근,18.2~23.0,암,들물/썰물,▶감성돔 - 릴찌/ 장대/ 원투▶돌돔 - 민장대/ 릴찌/ 원투▶자리돔 - 장대/ 카드▶농어 - 루어/ 릴찌▶볼락 - 루어/ 릴찌/ 장대▶참돔 - 부력/ 잠수,33-56-54.9N,126-17-44.0E,,제주특별자치도 제주시
63,POINT (904531.108959514 1470273.78144531),제주도 남부,강정포구앞입표부근,14.6~18.0,암,초들물~중날물,▶벵에돔 - 목줄/ 장대/ 부력/ 잠수▶한치 - 루어/ 원투▶노래미 - 루어/ 릴찌/ 장대/ 원투▶독가시치 - 목줄/ 장대/ 부력/ 잠수▶부시리 - 부력/ 잠수/ 지깅▶우럭 - 릴찌/ 원투,33-13-10.2N,126-28-31.8E,,제주특별자치도 서귀포시
64,POINT (787289.980724261 1632588.11516757),홍도,제비여부근,17.5~19m,암,조금 전후,▶ 참돔  -  부력/ 잠수▶ 돌돔  -  릴찌/ 장대/ 원투▶ 감성돔  -  릴찌/ 장대/ 원투▶ 우럭  -  릴찌/ 원투▶ 농어  -  루어/ 릴찌,34-39-55.868N,125-10-42.986E,,전라남도 신안군
65,POINT (788138.8434073039 1638166.69032892),홍도,장도부근,23~27m,암,조금 전후,▶ 참돔  -  부력/ 잠수▶ 돌돔  -  릴찌/ 장대/ 원투▶ 감성돔  -  릴찌/ 장대/ 원투▶ 우럭  -  릴찌/ 원투▶ 농어  -  루어/ 릴찌,34-42-57.459N,125-11-11.276E,,전라남도 신안군
66,POINT (847232.96585985 1581523.2517603),거차수도 부근,새여부근해상,21.5~29.5m,암,1물~4물,▶ 참돔  -  부력/ 잠수▶ 감성돔  -  릴찌/ 장대/ 원투▶ 돌돔  -  릴찌/ 장대/ 원투▶ 우럭  -  릴찌/ 원투▶ 농어  -  루어/ 릴찌▶ 부시리  -  부력/ 잠수/ 지깅,34-12-57.237N,125-50-29.837E,,전라남도 진도군
67,POINT (889028.441785337 1550725.12702306),추자군도,묵리마을앞해상,16~38m,암,조금 전후/ 1~4물,▶ 감성돔  -  릴찌/ 장대/ 원투▶ 벵에돔 - 목줄/ 장대/ 부력/ 잠수▶ 참돔  -  부력/ 잠수▶ 돌돔 - 민장대/ 릴찌/ 원투▶ 볼락 - 릴찌/ 장대/ 루어▶ 부시리 - 부력/ 잠수/ 지깅,33-56-36.579N,126-17-56.971E,,제주특별자치도 제주시
68,POINT (1003740.88578809 1622253.64003475),낭도 부근,목도해상,7.1~9.1m,암,5물~8물/ 조금 전후,▶ 감성돔  -  릴찌/ 장대/ 원투▶ 붕장어  -  원투▶ 농어  -  루어/ 릴찌▶ 숭어  -  릴찌/ 장대/ 훌치기,34-35-39.932N,127-32-26.862E,,전라남도 고흥군
69,POINT (1005282.32435512 1622937.06579299),낭도 부근,추도북측해상,3~3.9m,암,5물~8물/ 조금 전후,▶ 감성돔  -  릴찌/ 장대/ 원투▶ 붕장어  -  원투▶ 농어  -  루어/ 릴찌▶ 숭어  -  릴찌/ 장대/ 훌치기,34-36-02.095N,127-33-27.392E,,전라남도 고흥군
70,POINT (1027112.60904015 1632626.02180145),여수엑스포 부근,죽도인근해상,10.6~15.7m,펄,조금,▶ 벵에돔  -  목줄/ 장대/ 부력/ 잠수▶ 참돔  -  부력/ 잠수▶ 돌돔  -  릴찌/ 장대/ 원투▶ 감성돔  -  릴찌/ 장대/ 원투▶ 농어  -  루어/ 릴찌,34-41-15.399N,127-47-45.593E,,전라남도 여수시
71,POINT (966858.594313729 1580542.91316266),황제도,흰여해상,17.2~28m,펄,조금 전후/ 2~3물,▶ 감성돔  -  릴찌/ 장대/ 원투▶ 참돔  -  부력/ 잠수▶ 돌돔  -  릴찌/ 장대/ 원투▶ 농어  -  루어/ 릴찌▶ 광어  -  릴찌/ 원투▶ 볼락  -  릴찌/ 장대/ 루어,34-13-03.878N,127-08-24.736E,,전라남도 완도군
72,POINT (989185.244269974 1563140.15904272),대삼부도,노루섬인근해상,14.8~16.8m,암,10물~13물,▶ 벵에돔  -  목줄/ 장대/ 부력/ 잠수▶ 참돔  -  부력/ 잠수▶ 돌돔  -  릴찌/ 장대/ 원투▶ 감성돔  -  릴찌/ 장대/ 원투▶ 농어  -  루어/ 릴찌▶ 쏨벵이  -  루어/ 릴찌,34-03-40.555N,127-22-58.105E,,전라남도 여수시
73,POINT (1027244.60909863 1604015.00591186),연도,역포항인근해상,0.8~1.1m,암,초들물/ 초날물/ 조금 전·후,▶ 참돔  -  부력/ 잠수▶ 감성돔  -  릴찌/ 장대/ 원투▶ 볼락  -  릴찌/ 장대/ 루어▶ 농어/  삼치  -  루어/ 릴찌▶ 돌돔  -  민장대/ 릴찌/ 원투▶ 갑오징어  -  에깅,34-25-46.538N,127-47-47.480E,,전라남도 여수시
74,POINT (1062612.57204072 1620082.86822632),갈도 부근,갈도북측,11.6~11.8m,모래/ 조개껍질,2물~8물/ 사리전후,▶ 감성돔 - 릴찌/ 장대/ 원투▶ 돌돔 - 릴찌/ 장대/ 원투▶ 볼락 - 릴찌/ 장대/ 루어 ▶ 무늬오징어 - 릴찌/ 에깅,34-34-22.611N,128-10-57.430E,,경상남도 통영시
75,POINT (1062464.73786628 1618386.73065956),갈도 부근,귀신여우측하단,14.5~15.9m,암,2물~8물/ 사리전후,▶ 감성돔 - 릴찌/ 장대/ 원투▶ 돌돔 - 릴찌/ 장대/ 원투▶ 볼락 - 릴찌/ 장대/ 루어 ▶ 무늬오징어 - 릴찌/ 에깅,34-33-27.582N,128-10-51.179E,,경상남도 통영시
76,POINT (1154339.08166377 1686205.13863915),수영만 부근,청사포항인근해상,8.2~9.7m,암,6물~8물,▶ 도다리 - 원투▶ 붕장어 - 원투▶ 학꽁치 - 릴찌/ 장대▶ 무늬오징어 - 에깅▶ 망상어 - 민장대/ 릴찌,35-09-33.369N,129-11-40.426E,,부산광역시 남구
77,POINT (899808.899610717 1762640.88132443),말도·방축도,방축도동쪽바다,33m~37m,펄,중들물~만조시,▶넙치 - 루어/ 원투 ▶노래미 - 루어/ 릴찌/ 장대/ 원투▶농어 - 루어/ 릴찌 ▶도다리 - 원투▶우럭 - 릴찌/ 원투,35-51-18.7N,126-23-25.4E,,전라북도 군산시
78,POINT (887489.384759991 1735742.45064667),왕등도·위도,위도달루도부근,11m~13m,펄,중썰물~끝썰물,▶감성돔 - 릴찌/ 장대/ 원투 ▶넙치 - 루어/ 원투▶노래미 - 루어/ 릴찌/ 장대/ 원투 ▶농어 - 루어/ 릴찌▶숭어 - 릴찌/ 장대/ 훌치기 ▶우럭 - 릴찌/ 원투,35-36-41.0N,126-15-27.9E,,전라북도 부안군
79,POINT (944628.350306851 1590261.87070296),신지도,제도부근,11m~15m,펄,사리 전·후,▶감성돔 - 릴찌/ 장대/ 원투 ▶돌돔 - 릴찌/ 장대/ 원투▶볼락 - 루어/ 릴찌/ 장대 ▶붕장어 - 원투▶우럭 - 릴찌/ 원투 ▶참돔 - 부력/ 잠수 ▶학공치 - 릴찌/ 장대,34-18-16.0N,126-53-53.7E,,전라남도 완도군
80,POINT (1032940.7795378 1635820.88078303),남해도 남부,항도앞바다,22.6~27.3,암,초들물~중날물,▶참돔 - 부력/ 잠수▶농어 - 루어/ 릴찌▶노래미 - 루어/ 릴찌/ 장대/ 원투▶볼락 - 릴찌/ 장대/ 루어▶우럭 - 릴찌/ 원투,34-42-58.5N,127-51-35.1E,,경상남도 남해군
81,POINT (950822.524366237 1503644.38692728),제주도 북동부·우도,비양도북측해상,22.0~30.0,암,들물/날물,▶참돔 - 부력/ 잠수▶돌돔 - 민장대/ 릴찌/ 원투▶볼락 - 루어/ 릴찌/ 장대▶벵에돔 - 목줄/ 장대/ 부력/ 잠수▶무늬오징어 - 에깅▶독가시치 - 목줄/ 장대/ 부력/ 잠수,33-31-24.9N,126-58-13.5E,,제주특별자치도 제주시
82,POINT (812300.854197848 1581505.93937375),만재도,외마도남측선상,20.5~27m,암,조금 전후,▶ 돌돔 - 릴찌/ 장대/ 원투▶ 참돔 - 부력/ 잠수▶ 감성돔 - 릴찌/ 장대/ 원투▶ 우럭 - 릴찌/ 원투▶ 광어 - 릴찌/ 원투▶ 농어 - 루어/ 릴찌▶ 볼락 - 릴찌/ 장대/ 루어▶ 문어 - 루어,34-12-36.112N,125-27-45.386E,,전라남도 신안군
83,POINT (902612.6574669 1949325.32580243),장봉도,부도부근,10m~15m,모래,조금 전·후/ 3물~5물,▶넙치 - 루어/ 원투 ▶노래미 - 루어/ 릴찌/ 장대/ 원투▶망둑어 - 원투 ▶숭어 - 릴찌/ 장대/ 훌치기▶우럭 - 릴찌/ 원투,37-32-17.2N,126-23-51.6E,,인천광역시 옹진군
84,POINT (903203.246536039 1895956.36599825),풍도·난지도,대난지도철도부근,12m~16m,모래,만조/ 간조 전·후,▶넙치 - 루어/ 원투 ▶농어 - 루어/ 릴찌▶도다리 - 원투 ▶우럭 - 릴찌/ 원투▶붕장어 - 원투,37-03-25.9N,126-24-40.7E,,경기도 안산시
85,POINT (890139.223301608 1807261.65679648),호도·녹도·외연도,소화사도부근,11m~15m,펄/ 모래,조금 전·후,▶감성돔 - 릴찌/ 장대/ 원투 ▶갑오징어 - 에깅▶넙치 - 루어/ 원투 ▶농어 - 루어/ 릴찌▶노래미 - 루어/ 릴찌/ 장대/ 원투 ▶우럭 - 릴찌/ 원투,36-15-22.9N,126-16-37.6E,,충청남도 보령시
86,POINT (905701.3457033919 1748487.98725421),십이동파도·비안도,비안도치두도부근,8.3m~9.2m,모래/ 펄,들물 전·후,▶넙치 - 루어/ 원투 ▶노래미 - 루어/ 릴찌/ 장대/ 원투▶농어 - 루어/ 릴찌 ▶붕장어 - 원투▶우럭 - 릴찌/ 원투,35-43-41.5N,126-27-26.3E,,전라북도 군산시
87,POINT (898580.3149470531 1759635.06115019),말도·방축도,흑도와골서부근,12m~15m,자갈/ 조개껍질,중들물~만조시,▶감성돔 - 릴찌/ 장대/ 원투 ▶노래미 - 루어/ 릴찌/ 장대/ 원투▶넙치 - 루어/ 원투 ▶도다리 - 원투 ▶우럭 - 릴찌/ 원투,35-49-40.7N,126-22-37.8E,,전라북도 군산시
88,POINT (811512.301313653 1626801.00167723),흑산도·삼태도,대흑산도서산말남동쪽바다,25.5m~40m,모래/ 펄,조금 전·후,▶감성돔 - 릴찌/ 장대/ 원투 ▶넙치 - 루어/ 원투▶농어 - 루어/ 릴찌 ▶돌돔 - 릴찌/ 장대/ 원투▶붕장어 - 원투 ▶우럭 - 릴찌/ 원투 ▶참돔 - 부력/ 잠수,34-37-05.2N,125-26-38.7E,,전라남도 신안군
89,POINT (962857.792349632 1607380.88318994),거금도,연흥도부근,5m~8m,펄,날물,▶감성돔 - 릴찌/ 장대/ 원투 ▶농어 - 루어/ 릴찌▶도다리 - 원투 ▶돌돔 - 릴찌/ 장대/ 원투▶붕장어 - 원투 ▶숭어 - 릴찌/ 장대/ 훌치기 ▶우럭 - 릴찌/ 원투,34-27-34.7N,127-05-44.2E,거금 일주도로를 이용하면서 포인트 진입이 쉽지만 공고지 갯바위/ 우두마을 곶부리 포인트는 낚시자리가 좁고 협소하므로 안전에 주의해야한다.,전라남도 고흥군
90,POINT (1001736.77918562 1610901.45571607),나로도,내나로도등대앞바다,7m~10m,펄,초들물~만조,▶감성돔 - 릴찌/ 장대/ 원투 ▶농어 - 루어/ 릴찌▶도다리 - 원투 ▶볼락 - 루어/ 릴찌/ 장대▶숭어 - 릴찌/ 장대/ 훌치기 ▶학공치 - 릴찌/ 장대,34-29-31.4N,127-31-08.1E,,전라남도 고흥군
91,POINT (1066055.06692951 1642008.997804),사량도,남무도부근,27m~30m,펄/ 모래/ 조개껍질,조금 전·후,▶감성돔 - 릴찌/ 장대/ 원투 ▶농어 - 루어/ 릴찌▶벵에돔 - 목줄/ 장대/ 부력/ 잠수 ▶우럭 - 릴찌/ 원투▶볼락 - 릴찌/ 루어/ 장대 ▶참돔 - 부력/ 잠수,34-46-13.6N,128-13-18.7E,,경상남도 통영시
92,POINT (892712.204979537 1972297.9448622),석모도,서도부근해상,2.9~7.5,암,초들물~중날물,▶농어 - 루어/ 릴찌▶숭어 - 릴찌/ 장대/ 홀치기▶우럭 - 릴찌/ 원투▶망둥어 - 릴찌/ 장대,37-44-38.5N,126-16-56.1E,,인천광역시 강화군
93,POINT (874469.8335826931 1664095.98640546),고이도·매화도·선도·증도,면도부근해상,1.4~2.3,펄,초들물~중날물,▶감성돔 - 릴찌/ 장대/ 원투▶노래미 - 루어/ 릴찌/ 장대/ 원투▶광어 - 릴찌/ 원투▶숭어 - 릴찌/ 장대/ 훌치기▶우럭 - 릴찌/ 원투▶붕장어 - 원투▶도다리 - 원투▶농어 - 루어/ 릴찌,34-57-50.3N,126-07-30.0E,,전라남도 신안군
94,POINT (1027675.4769069 1647709.21120093),남해도 북부,작장리앞바다,13.4~17.5,암,초들물~중날,▶참돔 - 부력/ 잠수▶농어 - 루어/ 릴찌▶노래미 - 루어/ 릴찌/ 장대/ 원투▶볼락 - 릴찌/ 장대/ 루어▶우럭 - 릴찌/ 원투,34-49-25.0N,127-48-9.5E,,경상남도 남해군
95,POINT (876206.496189467 1582395.27349247),독거군도 부근,초도앞해상,14.9~17.5m,암,1물~4물,▶ 참돔  -  부력/ 잠수▶ 감성돔  -  릴찌/ 장대/ 원투▶ 돌돔  -  릴찌/ 장대/ 원투▶ 광어 - 릴찌/ 원투▶ 농어  -  루어/ 릴찌,34-13-39.399N,126-09-21.372E,,전라남도 진도군
96,POINT (1004449.35017611 1584728.82679674),간수제도,소두역서해상,28~32m,암,사리를 피한 조금 이후,▶ 감성돔  -  릴찌/ 장대/ 원투▶ 참돔  -  부력/ 잠수▶ 돌돔  -  릴찌/ 장대/ 원투▶ 우럭  -  릴찌/ 원투▶ 노래미  -  루어/ 릴찌/ 장대/ 원투▶ 농어  -  루어/ 릴찌▶ 숭어  -  릴찌/ 장대/ 훌치기▶ 삼치  -  루어/ 릴찌▶ 문어  -  루어,34-15-21.647N,127-32-53.973E,,전라남도 여수시
97,POINT (1091754.9020496 1662168.87113515),칠천도·가조도,만금여부근해상,12.6~15.3,펄,초들물~중날물,▶감성돔 - 릴찌/ 장대/ 원투▶노래미 - 루어/ 릴찌/ 장대/ 원투▶갑오징어 - 에깅▶도다리 - 원투▶볼락 - 릴찌/ 장대/ 루어,34-57-00.8N,128-30-17.6E,,경상남도 거제시
98,POINT (873834.0843612271 1896513.26838853),문갑도·선갑도,선갑도우두암부근,36m~39m,펄/ 모래,조금 전·후,▶넙치 - 루어/ 원투 ▶노래미 - 루어/ 릴찌/ 장대/ 원투 ▶농어 - 루어/ 릴찌 ▶우럭 - 릴찌/ 원투,37-03-31.4N,126-04-51.5E,,인천광역시 옹진군
99,POINT (899148.4841516779 1757745.79193524),선유도·무녀도·장자도·신시도,증서부근,13.6m~15m,가는 모래,조금 전·후,▶넙치 - 루어/ 원투 ▶노래미 - 루어/ 릴찌/ 장대/ 원투▶농어 - 루어/ 릴찌 ▶양태 - 루어/ 릴찌▶붕장어 - 원투 ▶우럭 - 릴찌/ 원투,35-48-39.6N,126-23-01.3E,선유도 북도 동쪽/ 무녀도 홍여 부근/ 신시도 남단 간출여 부근/ 신시도 북단 곶부리의 갯바위 포인트는 진입이 어렵고 갯바위가 협소하므로 초보자는 안전에 주의해야 한다.,전라북도 군산시
100,POINT (756176.714979128 1984952.94032408),대청도·소청도,선진포항앞바다,13m~20m,가는 모래,조금 전후,▶넙치 - 루어/ 원투 ▶노래미 - 루어/ 릴찌/ 장대/ 원투▶농어 - 루어/ 릴찌 ▶삼치 - 루어/ 릴찌▶쏨뱅이 - 루어/ 릴찌 ▶우럭 - 릴찌/ 원투,37-49-54.4N,124-43-46.1E,,인천광역시 옹진군
101,POINT (750318.123534249 1981740.82978006),대청도·소청도,갑죽도부근,22m~27m,모래/ 조개껍질,조금 전후,▶넙치 - 루어/ 원투 ▶노래미 - 루어/ 릴찌/ 장대/ 원투▶농어 - 루어/ 릴찌 ▶삼치 - 루어/ 릴찌▶쏨뱅이 - 루어/ 릴찌 ▶우럭 - 릴찌/ 원투,37-48-04.6N,124-39-50.7E,,인천광역시 옹진군
102,POINT (874691.760663079 1918759.23834886),덕적도·소야도,단탄부근,12m~17m,모래,조금 전·후,▶넙치 - 루어/ 원투 ▶노래미 - 루어/ 릴찌/ 장대/ 원투▶농어 - 루어/ 릴찌 ▶붕장어 - 원투▶우럭 - 루어/ 릴찌,37-15-33.5N,126-05-12.8E,,인천광역시 옹진군
103,POINT (888715.0678428541 1909786.11832923),이작도·승봉도,선착장앞바다,10m~17m,모래/ 펄,,▶넙치 - 루어/ 원투 ▶노래미 - 루어/ 릴찌/ 장대/ 원투▶농어 - 루어/ 릴찌 ▶숭어 - 릴찌/ 장대/ 훌치기 ▶우럭 - 릴찌/ 원투,37-10-48.8N,126-14-46.8E,,인천광역시 옹진군
104,POINT (870576.7161493719 1900295.45093985),문갑도·선갑도,선갑도서측바다,35m~40m,가는 모래,조금 전·후,▶넙치 - 루어/ 원투 ▶노래미 - 루어/ 릴찌/ 장대/ 원투 ▶농어 - 루어/ 릴찌 ▶우럭 - 릴찌/ 원투,37-05-32.5N,126-02-37.3E,,인천광역시 옹진군
105,POINT (865116.172615672 1910122.07144555),백아도·굴업도,굴업도항도부근,5m~6.2m,펄,1~3물/ 조금 전·후,▶넙치 - 루어/ 원투 ▶노래미 - 루어/ 릴찌/ 장대/ 원투▶농어 - 루어/ 릴찌 ▶붕장어 - 원투▶우럭 - 릴찌/ 원투,37-10-48.5N,125-58-49.8E,,인천광역시 옹진군
106,POINT (902304.845444714 1903061.68398898),풍도·난지도,풍도북동측바다,25m~27m,자갈/ 조개껍질,사리 전·후,▶넙치 - 루어/ 원투 ▶노래미 - 루어/ 릴찌/ 장대/ 원투▶농어 - 루어/ 릴찌 ▶붕장어 - 원투 ▶우럭 - 릴찌/ 원투,37-07-16.1N,126-24-01.0E,풍도 남/ 북측 채석장/ 대난지도 도끝이 부근 포인트는 진입이 어렵고 갯바위가 협소하므로 초보자는 안전에 주의해야한다.,경기도 안산시
107,POINT (900328.115517188 1899108.87484463),풍도·난지도,풍도남서측바다,18m~20m,모래,사리 전·후,▶넙치 - 루어/ 원투 ▶노래미 - 루어/ 릴찌/ 장대/ 원투▶농어 - 루어/ 릴찌 ▶붕장어 - 원투▶우럭 - 릴찌/ 원투,37-05-07.1N,126-22-42.8E,,경기도 안산시
108,POINT (887804.9227283291 1813599.97186984),호도·녹도·외연도,명덕도부근,17m~22m,모래,초들물,▶감성돔 - 릴찌/ 장대/ 원투 ▶갑오징어 - 에깅▶넙치 - 루어/ 원투 ▶농어 - 루어/ 릴찌▶노래미 - 루어/ 릴찌/ 장대/ 원투 ▶우럭 - 릴찌/ 원투,36-18-47.6N,126-15-00.8E,호도 방파제 부근 갯바위/ 외연도 갯바위 포인트는 진입이 어렵고 갯바위가 협소하므로 초보자는 안전에 주의해야한다.,충청남도 보령시
109,POINT (872991.4174679071 1801472.77081184),호도·녹도·외연도,초망서부근,21.5m~27.5m,펄/ 조개껍질,조금 전·후,▶감성돔 - 릴찌/ 장대/ 원투 ▶갑오징어 - 에깅▶넙치 - 루어/ 원투▶노래미 - 루어/ 릴찌/ 장대/ 원투▶농어 - 루어/ 릴찌▶우럭 - 릴찌/ 원투 ▶참돔 - 부력/ 잠수,36-12-07.5N,126-05-14.0E,,충청남도 보령시
110,POINT (894198.596971476 1762764.86239051),말도·방축도,말도와보농도사이바다,7m~10m,모래/ 조개껍질,들물/ 썰물 전·후,▶감성돔 - 릴찌/ 장대/ 원투 ▶노래미 - 루어/ 릴찌/ 장대/ 원투▶넙치 - 루어/ 원투 ▶도다리 - 원투 ▶우럭 - 릴찌/ 원투,35-51-20.6N,126-19-41.7E,,전라북도 군산시
111,POINT (904263.807282175 1760298.89509272),선유도·무녀도·장자도·신시도,도토머리도부근,13m~15m,모래/ 펄,조금 전·후,▶넙치 - 루어/ 원투 ▶노래미 - 루어/ 릴찌/ 장대/ 원투▶농어 - 루어/ 릴찌 ▶붕장어 - 원투▶삼치 - 루어/ 릴찌 ▶우럭 - 릴찌/ 원투 ▶양태 - 루어/ 릴찌,35-50-04.3N,126-26-24.0E,,전라북도 군산시
112,POINT (900636.2289911839 1755673.64147924),선유도·무녀도·장자도·신시도,장구도앞바다,8m~12m,가는 모래,조금 전·후,▶넙치 - 루어/ 원투 ▶노래미 - 루어/ 릴찌/ 장대/ 원투▶농어 - 루어/ 릴찌 ▶붕장어 - 원투▶삼치 - 루어/ 릴찌 ▶우럭 - 릴찌/ 원투 ▶양태 - 루어/ 릴찌,35-47-32.9N,126-24-01.5E,,전라북도 군산시
113,POINT (876665.379135974 1741133.74352159),왕등도·위도,상왕등도열도부근,24m~30m,가는 모래/ 펄,조금 전·후,▶감성돔 - 릴찌/ 장대/ 원투 ▶넙치 - 루어/ 원투▶농어 - 루어/ 릴찌 ▶돌돔 - 릴찌/ 장대/ 원투▶붕장어 - 원투 ▶우럭 - 릴찌/ 원투 ▶참돔 - 부력/ 잠수,35-39-31.3N,126-08-14.8E,,전라북도 부안군
114,POINT (792998.1414985961 1602299.02525445),흑산도·삼태도,삼태도넓은여부근,35m~50m,모래,조금 전·후,▶감성돔 - 릴찌/ 장대/ 원투 ▶넙치 - 루어/ 원투▶농어 - 루어/ 릴찌 ▶돌돔 - 릴찌/ 장대/ 원투▶붕장어 - 원투 ▶우럭 - 릴찌/ 원투 ▶참돔 - 부력/ 잠수,34-23-37.5N,125-14-53.6E,,전라남도 신안군
115,POINT (904625.993183308 1574836.34102365),노화도·보길도·소안도,토금도부근,30m~33m,펄/ 조개껍질,사리 전·후,▶감성돔 - 릴찌/ 장대/ 원투 ▶돌돔 - 릴찌/ 장대/ 원투▶벵에돔 - 목줄/ 장대/ 부력/ 잠수 ▶우럭 - 릴찌/ 원투▶볼락 - 루어/ 릴찌/ 장대 ▶참돔 - 부력/ 잠수,34-09-44.8N,126-27-55.0E,,전라남도 완도군
116,POINT (928904.574272235 1577051.81597694),청산도·대모도,대모도마도말앞바다,31m~35m,펄,4물~사리,▶감성돔 - 릴찌/ 장대/ 원투 ▶농어 - 루어/ 릴찌▶노래미 - 루어/ 릴찌/ 장대/ 원투 ▶우럭 - 릴찌/ 원투▶볼락 - 루어/ 릴찌/ 장대 ▶참돔 - 부력/ 잠수,34-11-03.7N,126-43-42.5E,대모도 소로지말 갯바위/ 대모도 마도말 갯바위/ 청산도 동촌리 갯바위/ 청산도 고래바위/ 청산도 코바위/ 청산도 노랑바위/ 침몰선 갯바위 포인트는 경사가 가파르고 낚시자리가 좁아 안전에 주의해야 하고 보팅 및 낚싯배로 진입이 가능하다.,전라남도 완도군
117,POINT (965162.711975341 1603564.79350244),거금도,형제도부근,7m~11m,펄,날물,▶감성돔 - 릴찌/ 장대/ 원투 ▶농어 - 루어/ 릴찌▶도다리 - 원투 ▶돌돔 - 릴찌/ 장대/ 원투▶붕장어 - 원투 ▶숭어 - 릴찌/ 장대/ 훌치기 ▶우럭 - 릴찌/ 원투,34-25-31.1N,127-07-15.1E,,전라남도 고흥군
118,POINT (983257.0664742631 1556500.5295011),여서도·거문도,거문도배치바위앞바다,65m~70m,펄/ 모래/ 자갈,들물/ 날물 전·후,▶감성돔 - 릴찌/ 장대/ 원투 ▶돌돔 - 릴찌/ 장대/ 원투▶농어 - 루어/ 릴찌 ▶벵에돔 - 목줄/ 장대/ 부력/ 잠수▶볼락 - 루어/ 릴찌/ 장대 ▶참돔 - 부력/ 잠수,34-00-04.7N,127-19-07.3E,,전라남도 완도군
119,POINT (999264.739755214 1601220.34591242),나로도,외나로도노랑바위앞바다,24m~28m,펄,간조~초들물,▶감성돔 - 릴찌/ 장대/ 원투 ▶농어 - 루어/ 릴찌▶도다리 - 원투 ▶볼락 - 루어/ 릴찌/ 장대▶숭어 - 릴찌/ 장대/ 훌치기 ▶학공치 - 릴찌/ 장대,34-24-17.1N,127-29-31.2E,,전라남도 고흥군
120,POINT (1060643.65693102 1649623.81311269),사량도,농개도부근,24m~29m,펄/ 모래,조금 전·후,▶감성돔 - 릴찌/ 장대/ 원투 ▶농어 - 루어/ 릴찌▶벵에돔 - 목줄/ 장대/ 부력/ 잠수 ▶우럭 - 릴찌/ 원투▶볼락 - 릴찌/ 루어/ 장대 ▶참돔 - 부력/ 잠수,34-50-22.0N,128-09-47.8E,상사량도 염소자리/ 상사량도 한탄여 부근/ 상사량도 돈지마을 남쪽 곶부리. 상사량도 옥바위 부근/ 하사량도 레이더 기지 부근 갯바위/ 하사량도 말목섬 부근/ 하사량도 모자섬 부근 갯바위 포인트는 경사가 가파르고 낚시자리가 좁아 안전에 주의해야 하고 보팅 및 낚싯배로 진입이 가능하다.,경상남도 통영시
121,POINT (1061569.15990964 1647963.38894653),사량도,죽도부근,25m~29m,펄/ 모래,조금 전·후,▶감성돔 - 릴찌/ 장대/ 원투 ▶농어 - 루어/ 릴찌▶벵에돔 - 목줄/ 장대/ 부력/ 잠수 ▶우럭 - 릴찌/ 원투▶볼락 - 릴찌/ 루어/ 장대 ▶참돔 - 부력/ 잠수,34-49-27.9N,128-10-23.8E,,경상남도 통영시
122,POINT (1071113.84586428 1624512.09453589),욕지도,가동서부근,27m~31m,펄,5 물~11물,▶감성돔 - 릴찌/ 장대/ 원투 ▶농어 - 루어/ 릴찌▶무늬오징어 - 릴찌/ 에깅 ▶볼락 - 루어/ 릴찌/ 장대▶벵에돔 - 목줄/ 장대/ 부력/ 잠수 ▶참돔 - 부력/ 잠수,34-36-44.4N,128-16-32.4E,,경상남도 통영시
123,POINT (1079201.26721318 1641589.14282263),미륵도,가마도부근,40m~48m,펄,조금 전·후,▶감성돔 - 릴찌/ 장대/ 원투 ▶농어 - 루어/ 릴찌▶벵에돔 - 목줄/ 장대/ 부력/ 잠수 ▶우럭 - 릴찌/ 원투▶볼락 - 루어/ 릴찌/ 장대 ▶참돔 - 부력/ 잠수,34-45-56.6N,128-21-55.7E,,경상남도 통영시
124,POINT (1088303.26352686 1647614.88522768),거제도 북서부,화도부근,16m~18m,펄,조금 전·후,▶감성돔 - 릴찌/ 장대/ 원투 ▶고등어 - 루어/ 릴찌/ 장대▶돌돔 - 릴찌/ 장대/ 원투 ▶보리멸 - 원투▶살오징어 - 에깅 ▶볼락 - 루어/ 릴찌/ 장대 ▶참돔 - 부력/ 잠수,34-49-09.5N,128-27-56.0E,,경상남도 거제시
125,POINT (1114372.82712541 1649409.45784915),거제도 북동부,지세포항앞바다,13m~18m,찰흙,조금 전·후,▶감성돔 - 릴찌/ 장대/ 원투 ▶농어 - 루어/ 릴찌▶벵에돔 - 목줄/ 장대/ 부력/ 잠수 ▶우럭 - 릴찌/ 원투▶볼락 - 루어/ 릴찌/ 장대 ▶참돔 - 부력/ 잠수,34-49-58.4N,128-45-02.9E,,경상남도 거제시
126,POINT (1095651.8400538 1633602.9451231),거제도 남부,대덕도부근,55m~60m,펄/ 모래,조금 전·후,▶감성돔 - 릴찌/ 장대/ 원투 ▶돌돔 - 릴찌/ 장대/ 원투▶벵에돔 - 목줄/ 장대/ 부력/ 잠수 ▶우럭 - 릴찌/ 원투▶볼락 - 루어/ 릴찌/ 장대 ▶참돔 - 부력/ 잠수,34-41-32.3N,128-32-39.5E,오포 흑산태/ 여차 남쪽끝 갯바위/ 함목해수욕장 갯바위/ 해금강 도세치 끝/ 학동 용바위/ 서이말 갯바위 일대 포인트는 등산로 및 진입로가 없어 낚싯배를 이용해야 한다. 해금강 방파제는 진입시 해금강 호텔 부근 산책로를 이용해야 한다.,경상남도 거제시
127,POINT (1102397.47330529 1634319.30453451),거제도 남부,소병태도부근,47m~52m,조개껍질,조금 전·후,▶감성돔 - 릴찌/ 장대/ 원투 ▶돌돔 - 릴찌/ 장대/ 원투▶벵에돔 - 목줄/ 장대/ 부력/ 잠수 ▶우럭 - 릴찌/ 원투▶볼락 - 루어/ 릴찌/ 장대 ▶참돔 - 부력/ 잠수,34-41-53.2N,128-37-04.9E,,경상남도 거제시
128,POINT (839433.704293541 1960348.81280377),연평도,구지둔턱,5.3~15.9,암,12물~4물,▶광어 - 릴찌/ 원투▶우럭 - 릴찌/ 원투▶숭어 - 릴찌/ 장대/ 홀치기▶간재미 - 원투▶농어 - 루어/ 릴찌▶노래미 - 루어/ 릴찌/ 장대/ 원투,37-37-42.9N,125-40-49.4E,,인천광역시 옹진군
236,POINT (1024452.49306401 1609042.22049584),금오도·안도,구몽암부근,30m~35m,펄,조금 전·후,▶감성돔 -릴찌/ 장대/ 원투 ▶돌돔 - 릴찌/ 장대/ 원투▶벵에돔 - 목줄/ 장대/ 부력/ 잠수 ▶볼락 - 루어/ 릴찌/ 장대▶우럭 -릴찌/ 원투 ▶참돔 - 부력/ 잠수 ▶학공치 - 릴찌/ 장대,34-28-30.0N,127-45-58.6E,,전라남도 여수시
129,POINT (898739.4548031851 1942470.23046188),영종도·용유도,영종도북측수문북서측해상,20.2~26,모래/ 펄,조금 전후,▶숭어 - 릴찌/ 장대/ 홀치기▶우럭 - 릴찌/ 원투▶노래미 - 루어/ 릴찌/ 장대/ 원투▶삼치 - 루어/ 릴찌▶붕장어 - 원투,37-28-33.3N,126-21-17.2E,,인천광역시 중구
130,POINT (902960.052456881 1836558.10141388),안면도 북부,죽도부근해상,6.7~9.5,모래/ 펄,초들물~중날물,▶우럭 - 릴찌/ 원투▶노래미 - 루어/ 릴찌/ 장대/ 원투▶학꽁치 - 릴찌/ 장대▶광어 - 릴찌/ 원투▶숭어 - 릴찌/ 장대/ 홀치기▶도다리 - 원투,36-31-18.5N,126-24-58.1E,,충청남도 태안군
131,POINT (891791.558732992 1920580.27474652),자월도,묵통도부근,12.5m~14m,모래,들물/ 날물,▶농어 - 루어/ 릴찌 ▶우럭 - 릴찌/ 원투,37-16-40.3N,126-16-45.9E,떡바위/ 굴뿌리 부근 포인트는 진입이 어렵고 갯바위가 협소하므로 초보자는 안전에 주의해야 한다.,인천광역시 옹진군
132,POINT (804944.224554391 1634331.97809192),흑산도·삼태도,대장도/소장도부근,30m~45m,펄/ 모래,조금 전·후,▶감성돔 - 릴찌/ 장대/ 원투 ▶넙치 - 루어/ 원투▶농어 - 루어/ 릴찌 ▶돌돔 - 릴찌/ 장대/ 원투▶붕장어 - 원투 ▶우럭 - 릴찌/ 원투 ▶참돔 - 부력/ 잠수,34-41-05.1N,125-22-14.7E,대흑산도와 삼태도는 산세가 가파르고 인적이 드문 곳이 많으므로 위에 소개된 포인트 이외의 포인트 진입시 안전사고와 고립에 대비해서 진입해야한다.,전라남도 신안군
133,POINT (874816.510873455 1912579.97110564),문갑도·선갑도,문갑도감증탄부근,14.5m~18m,가는 모래,조금 전·후,▶넙치 - 루어/ 원투 ▶노래미 - 루어/ 릴찌/ 장대/ 원투 ▶농어 - 루어/ 릴찌 ▶우럭 - 릴찌/ 원투,37-12-13.1N,126-05-21.6E,문갑도 한월리해수욕장 갯바위/ 문갑도 할미염뿌리/ 문갑도 진뿌리/ 문갑도 문턱뿌리 부근 포인트는 진입이 어려워 낚싯배 및 등산로를 이용해야하고 갯바위가 협소하므로 초보자는 안전에 주의해야한다.,인천광역시 옹진군
134,POINT (1111692.06662031 1672487.91341975),거제도 북동부,망와도부근,32m~46m,펄,조금 전·후,▶감성돔 - 릴찌/ 장대/ 원투 ▶농어 - 루어/ 릴찌▶벵에돔 - 목줄/ 장대/ 부력/ 잠수 ▶우럭 - 릴찌/ 원투▶볼락 - 루어/ 릴찌/ 장대 ▶참돔 - 부력/ 잠수,35-02-28.5N,128-43-28.5E,덕포 초소밑 갯바위/ 양지암 북바위/ 장승포 나래바위 포인트는 차량진입이 힘들어 등산로를 이용해야 하지만 진입로가 좁고 험해 초행자는 낚싯배를 이용해야 한다.,경상남도 거제시
135,POINT (1068974.27142038 1629652.69806733),욕지도,모도부근,37m~46m,펄/ 모래/ 조개껍질,5 물~11물,▶감성돔 - 릴찌/ 장대/ 원투 ▶농어 - 루어/ 릴찌▶무늬오징어 - 릴찌/ 에깅 ▶볼락 - 루어/ 릴찌/ 장대▶벵에돔 - 목줄/ 장대/ 부력/ 잠수 ▶참돔 - 부력/ 잠수,34-39-31.8N,128-15-09.9E,목가동섬/ 노적마을 쇠고락 갯바위/ 낮은목 부근 갯바위/ 삼여(뽕나무강정) 부근 갯바위/ 양판구미 일대/ 고래바위 끝바리/ 총바위 부근 갯바위 포인트는 경사가 가파르고 낚시자리가 좁아 안전에 주의해야 하고 보팅 및 낚싯배로 진입이 가능하다.,경상남도 통영시
136,POINT (1017608.08557125 1617331.00872377),금오도·안도,용두앞바다,30m~45m,펄,조금 전·후,▶감성돔 -릴찌/ 장대/ 원투 ▶돌돔 - 릴찌/ 장대/ 원투▶벵에돔 - 목줄/ 장대/ 부력/ 잠수 ▶볼락 - 루어/ 릴찌/ 장대▶우럭 -릴찌/ 원투 ▶참돔 - 부력/ 잠수 ▶학공치 - 릴찌/ 장대,34-32-59.6N,127-41-30.9E,금오도 매봉산 직벽/ 금오도 야외음악당 부근/ 금오도 용두 갯바위/ 안도 칼바위/ 안도벼락바위/ 안도 철탑 아래 갯바위 포인트는 경사가 가파르고 낚시자리가 좁아 안전에 주의해야하고 보팅 및 낚싯배로 진입이 가능하다.,전라남도 여수시
137,POINT (885565.5433808521 1911415.77622533),이작도·승봉도,벌도와동백도사이,20m~27m,가는 모래,,▶노래미 - 루어/ 릴찌/ 장대/ 원투 ▶숭어 - 릴찌/ 장대/ 훌치기▶농어 - 루어/ 릴찌 ▶넙치 - 루어/ 원투 ▶우럭 - 릴찌/ 원투,37-11-40.3N,126-12-38.2E,대이작도 토끼바위 부근/ 대이작도 유곶 부근/ 승봉도 소각장 부근/ 승봉도 촛대바위 포인트는 진입이 어렵고 갯바위가 협소하므로 초보자는 안전에 주의해야한다.,인천광역시 옹진군
138,POINT (1074691.96646141 1649758.29313841),미륵도,태도부근,12m~17m,펄,조금 전·후,▶감성돔 - 릴찌/ 장대/ 원투 ▶농어 - 루어/ 릴찌▶벵에돔 - 목줄/ 장대/ 부력/ 잠수 ▶우럭 - 릴찌/ 원투▶볼락 - 루어/ 릴찌/ 장대 ▶참돔 - 부력/ 잠수,34-50-23.0N,128-19-0.94E,매암말 부근 갯바위/ 수암말(에름바우)/ 풍화리 남서측 곶부리 부근 포인트는 경사가 가파르고 낚시자리가 좁아 안전에 주의해야 하고 보팅 및 낚싯배로 진입이 가능하다.,경상남도 통영시
139,POINT (1087489.96893925 1636691.94932381),비진도·매물도,비진도춘복도부근,13m~17m,펄/ 모래,조금 전·후,▶감성돔 - 릴찌/ 장대/ 원투 ▶농어 - 루어/ 릴찌▶노래미 - 루어/ 릴찌/ 장대/ 원투 ▶우럭 - 릴찌/ 원투▶볼락 - 루어/ 릴찌/ 장대 ▶참돔 - 부력/ 잠수,34-43-15.2N,128-27-19.9E,비진도 3/ 4/ 5/ 6/ 7 포인트와 대매물도 동섬치/ 대매물도 촛대바위 부근/ 대매물도 설풍자리/ 소매물도 긴여/ 포인트는 경사가 가파르고 낚시자리가 좁아 안전에 주의해야 하고 보팅 및 낚싯배로만 진입이 가능하다.,경상남도 통영시
140,POINT (1004948.09103915 1625342.65223215),낭도 부근,홍도남측해상,8.3~12.8m,펄/ 조개껍질,5물~8물/ 조금 전후,▶ 감성돔  -  릴찌/ 장대/ 원투▶ 붕장어  -  원투▶ 농어  -  루어/ 릴찌▶ 숭어  -  릴찌/ 장대/ 훌치기,34-37-20.198N,127-33-14.320E,,전라남도 고흥군
141,POINT (915449.631746103 1570805.26954824),노화도·보길도·소안도,예작도부근,9.1m~12m,펄/ 모래,사리 전·후,▶감성돔 - 릴찌/ 장대/ 원투 ▶돌돔 - 릴찌/ 장대/ 원투▶벵에돔 - 목줄/ 장대/ 부력/ 잠수 ▶우럭 - 릴찌/ 원투▶볼락 - 루어/ 릴찌/ 장대 ▶참돔 - 부력/ 잠수,34-07-37.3N,126-34-59.1E,,전라남도 완도군
142,POINT (1032466.33517594 1659889.60112563),남해도 북부,차면리방파제북측입표부근,3.3~8.5,펄/ 조개껍질,초들물~중날,▶참돔 - 부력/ 잠수▶농어 - 루어/ 릴찌▶노래미 - 루어/ 릴찌/ 장대/ 원투▶볼락 - 릴찌/ 장대/ 루어▶우럭 - 릴찌/ 원투,34-55-59.9N,127-51-19.8E,,경상남도 남해군
143,POINT (1073243.27558075 1640760.96774243),추도 부근,대항승선장부근해상,21~23.5m,암,6물~8물,▶ 볼락 - 릴찌/ 장대/ 루어▶ 우럭 - 릴찌/ 원투▶ 주꾸미 - 릴찌/ 원투▶ 광어 - 릴찌/ 원투▶ 감성돔 - 릴찌/ 장대/ 원투▶ 벵에돔 - 목줄/ 장대/ 부력/ 잠수▶ 참돔 - 부력/ 잠수,34-45-31.248N,28-18-01.215E,,경상남도 통영시
144,POINT (906793.9558924971 1930555.84072146),무의도,소무의도동측해상,0.8~2.1,펄/ 모래,중들물~중날물,▶숭어 - 릴찌/ 장대/ 홀치기▶노래미 - 루어/ 릴찌/ 장대/ 원투▶붕장어 - 원투▶우럭 - 릴찌/ 원투▶삼치 - 루어/ 릴찌▶주꾸미 - 릴찌/ 원투,37-22-09.8N,126-26-50.5E,,인천광역시 중구
145,POINT (1028493.30762455 1646112.98530074),남해도 북부,서상리앞바다,13.0~17.6,암,초들물~중날,▶참돔 - 부력/ 잠수▶농어 - 루어/ 릴찌▶노래미 - 루어/ 릴찌/ 장대/ 원투▶볼락 - 릴찌/ 장대/ 루어▶우럭 - 릴찌/ 원투,34-48-33.1N,127-48-41.5E,,경상남도 남해군
146,POINT (925902.017541964 1507854.05880397),제주도 북부,달서등대부근해상,5.5~8.0,펄/ 모래,들물/썰물,▶참돔 - 릴찌/ 장대/ 원투/ 부력/ 잠수▶돌돔 - 민장대/ 릴찌/ 원투▶한치 - 루어/ 원투▶벵에돔 - 목줄/ 장대/ 부력/ 잠수▶노래미 - 루어/ 릴찌/ 장대/ 원투,33-33-36.4N,126-42-06.2E,,제주특별자치도 제주시
147,POINT (982394.419140683 1564359.12538468),여서도·거문도,거문도반여부근,35m~50m,침니/ 모래,들물/ 날물 전·후,▶감성돔 - 릴찌/ 장대/ 원투 ▶돌돔 - 릴찌/ 장대/ 원투▶농어 - 루어/ 릴찌 ▶벵에돔 - 목줄/ 장대/ 부력/ 잠수▶볼락 - 루어/ 릴찌/ 장대 ▶참돔 - 부력/ 잠수,34-04-19.8N,127-18-33.1E,거문도 코바위/ 거문도 녹산곶 등대 부근/ 거문도 대미지끝 (용무늬 절벽)/ 거문도 송곡단 부근 갯바위/ 거문도 칼바위/ 거문도 산굴산 부근 갯바위 포인트는도보 진입하기가 힘들어 낚싯배를 이용해야하며 협소한 지형조건으로 주의가 필요하다.,전라남도 완도군
148,POINT (927728.214217405 1475778.0167404),제주도 남동부,비안포구앞해상,3.7~10.0,암,들물/날물,▶참돔 - 부력/ 잠수▶돌돔 - 민장대/ 릴찌/ 원투▶다금바리 - 원투▶벵에돔 - 목줄/ 장대/ 부력/ 잠수▶부시리 - 부력/ 잠수/ 지깅,33-16-15.4N,126-43-26.3E,,제주특별자치도 서귀포시
149,POINT (904819.424532189 1892726.52653002),풍도·난지도,소난지도비경도부근,25m~28m,모래,만조/ 간조 전·후,▶넙치 - 루어/ 원투 ▶농어 - 루어/ 릴찌▶도다리 - 원투 ▶우럭 - 릴찌/ 원투▶붕장어 - 원투,37-01-41.7N,126-25-47.6E,,경기도 안산시
150,POINT (1123379.44103423 1673621.81165867),가덕도,동선새바지에서기도원사이해상,5.0~6.6,암,5물~9물,▶볼락 - 릴찌/ 장대/ 루어▶고등어 - 루어/ 릴찌/ 장대▶벵에돔 - 목줄/ 장대/ 부력/ 잠수▶볼락 - 릴찌/ 장대/ 루어▶학꽁치 - 릴찌/ 장대▶감성돔 - 릴찌/ 장대/ 원투,35-03-00.4N,128-51-10.3E,,부산광역시 강서구
151,POINT (1296344.09176983 1954582.80569864),울릉도,코끼리바위부근해상,14.2~22.5,암,들물~초썰물,▶벵에돔 - 목줄/ 장대/ 부력/ 잠수▶참돔 - 부력/ 잠수,37-32-34.7N,130-51-14.8E,,경상북도 울릉군
152,POINT (922504.633451742 1507049.21363815),제주도 북부,함덕서우봉해변앞해상,6.8~10.0,암,들물/썰물,▶참돔 - 릴찌/ 장대/ 원투/ 부력/ 잠수▶돌돔 - 민장대/ 릴찌/ 원투▶한치 - 루어/ 원투▶벵에돔 - 목줄/ 장대/ 부력/ 잠수▶노래미 - 루어/ 릴찌/ 장대/ 원투,33-33-09.4N,126-39-54.7E,,제주특별자치도 제주시
193,POINT (1149242.65662999 1685234.22627945),수영만 부근,광안대교인근해상,8.2~9.7m,펄/모래,6물~8물,▶ 도다리 - 원투▶ 붕장어 - 원투▶ 학꽁치 - 릴찌/ 장대▶ 무늬오징어 - 에깅▶ 망상어 - 민장대/ 릴찌,35-09-04.635N,129-08-18.427E,,부산광역시 남구
153,POINT (949085.5656177581 1496138.62293787),제주도 동부,성산일출봉앞해상,22.0~48.0,고운모래,들물/날물,▶참돔 - 부력/ 잠수▶돌돔 - 민장대/ 릴찌/ 원투▶볼락 - 루어/ 릴찌/ 장대▶벵에돔 - 목줄/ 장대/ 부력/ 잠수▶무늬오징어 - 에깅▶독가시치 - 목줄/ 장대/ 부력/ 잠수,33-27-20.9N,126-57-07.7E,,제주특별자치도 서귀포시
154,POINT (945865.127212234 1489466.77214185),제주도 동부,온평리앞해상,10.3~18.0,조개껍질,들물/날물,▶참돔 - 부력/ 잠수▶돌돔 - 민장대/ 릴찌/ 원투▶볼락 - 루어/ 릴찌/ 장대▶벵에돔 - 목줄/ 장대/ 부력/ 잠수▶무늬오징어 - 에깅▶독가시치 - 목줄/ 장대/ 부력/ 잠수,33-23-43.7N,126-55-04.4E,,제주특별자치도 서귀포시
155,POINT (922528.99220498 1567550.05876082),노화도·보길도·소안도,소안도거망치각앞바다,40m~42m,펄/ 조개껍질,사리 전·후,▶감성돔 - 릴찌/ 장대/ 원투 ▶돌돔 - 릴찌/ 장대/ 원투▶벵에돔 - 목줄/ 장대/ 부력/ 잠수 ▶우럭 - 릴찌/ 원투▶볼락 - 루어/ 릴찌/ 장대 ▶참돔 - 부력/ 잠수,34-05-53.6N,126-39-36.5E,,전라남도 완도군
156,POINT (946101.224872604 1588577.60931842),신지도,모황도부근,25.5m~33m,펄/ 조개껍질,사리 전·후,▶감성돔 - 릴찌/ 장대/ 원투 ▶돌돔 - 릴찌/ 장대/ 원투▶볼락 - 루어/ 릴찌/ 장대 ▶붕장어 - 원투▶우럭 - 릴찌/ 원투 ▶참돔 - 부력/ 잠수 ▶학공치 - 릴찌/ 장대,34-17-21.6N,126-54-51.7E,,전라남도 완도군
157,POINT (985334.745726421 1559724.88396471),여서도·거문도,거문도오지여앞바다,31m~48m,자갈/ 조개껍질,들물/ 날물 전·후,▶감성돔 - 릴찌/ 장대/ 원투 ▶돌돔 - 릴찌/ 장대/ 원투▶농어 - 루어/ 릴찌 ▶벵에돔 - 목줄/ 장대/ 부력/ 잠수▶볼락 - 루어/ 릴찌/ 장대 ▶참돔 - 부력/ 잠수,34-01-49.5N,127-20-28.1E,,전라남도 완도군
158,POINT (1024886.20825458 1617575.6302688),금오도·안도,문서부근,25m~30m,펄/ 모래,조금 전·후,▶감성돔 -릴찌/ 장대/ 원투 ▶돌돔 - 릴찌/ 장대/ 원투▶벵에돔 - 목줄/ 장대/ 부력/ 잠수 ▶볼락 - 루어/ 릴찌/ 장대▶우럭 -릴찌/ 원투 ▶참돔 - 부력/ 잠수 ▶학공치 - 릴찌/ 장대,34-33-07.0N,127-46-16.5E,,전라남도 여수시
159,POINT (1087476.05858133 1634405.91375052),비진도·매물도,비진도소장서(노루여)부근,39m~52m,펄,조금 전·후,▶감성돔 - 릴찌/ 장대/ 원투 ▶농어 - 루어/ 릴찌▶돌돔 - 릴찌/ 장대/ 원투 ▶볼락 - 루어/ 릴찌/ 장대▶우럭 - 릴찌/ 원투 ▶참돔 - 부력/ 잠수,34-42-01.0N,128-27-18.5E,,경상남도 통영시
160,POINT (894930.8355347791 1834538.08010716),안면도 북부,방포항방파제앞해상,0.6~1.2,모래/ 펄,초들물~중날물,▶우럭 - 릴찌/ 원투▶노래미 - 루어/ 릴찌/ 장대/ 원투▶학꽁치 - 릴찌/ 장대▶광어 - 릴찌/ 원투▶숭어 - 릴찌/ 장대/ 홀치기▶도다리 - 원투,36-30-09.9N,126-19-36.3E,,충청남도 태안군
161,POINT (871300.084953702 1854803.53970749),가의도,선착장서축갯바위앞해상,19.8~21.1,펄/ 모래,상관없음,▶우럭 - 릴찌/ 원투▶노래미 - 루어/ 릴찌/ 장대/ 원투▶고등어 - 루어/ 릴찌/ 장대▶광어 - 릴찌/ 원투▶주꾸미 - 릴찌/ 원투/ 장대▶학꽁치 - 릴찌/ 장대,36-40-57.0N,126-03-34.4E,,충청남도 태안군
162,POINT (876012.960228493 1700826.60213964),송이도,큰내기앞바다,2.0~2.9,암,들물/날물,▶감성돔 - 릴찌/ 장대/ 원투▶민어 - 루어/ 지깅/ 원투▶숭어 - 릴찌/ 장대/ 홀치기▶농어 - 루어/ 릴찌▶붕장어 - 원투▶우럭 - 릴찌/ 원투,35-17-43.0N,126-08-11.0E,,전라남도 영광군
163,POINT (930641.933632571 1597655.62421484),완도,대야리앞해상,10.9~18.2,펄,초들물~중날물,▶숭어 - 릴찌/ 장대/ 홀치기▶우럭 - 릴찌/ 원투▶농어 - 루어/ 릴찌▶감성돔 - 릴찌/ 장대/ 원투▶참돔 - 부력/ 잠수▶붕장어 - 원투,34-22-13.0N,126-44-44.4E,,전라남도 완도군
164,POINT (973721.4473232891 1580115.29253781),초 도,외항도내항도사이,29.5~37,펄,초들물~중날물,▶참돔 - 부력/ 잠수▶뱅어돔 - 목줄/ 장대/ 부력/ 잠수▶볼락 - 릴찌/ 장대/ 루어▶감성돔 - 릴찌/ 장대/ 원투▶돌돔 - 민장대/ 릴찌/ 원투▶농어 - 루어/ 릴찌,34-12-50.7N,127-12-53.0E,,전라남도 여수시
165,POINT (1032727.78413365 1660555.91703812),남해도 북부,와도부근해상,3.3~8.5,펄/ 조개껍질,초들물~중날,▶참돔 - 부력/ 잠수▶농어 - 루어/ 릴찌▶노래미 - 루어/ 릴찌/ 장대/ 원투▶볼락 - 릴찌/ 장대/ 루어▶우럭 - 릴찌/ 원투,34-56-21.5N,127-51-30.2E,,경상남도 남해군
166,POINT (1039984.0219397 1658527.01581842),남해도 북부,상돈도장도사이해상,2.3~3.7,펄/ 조개껍질,초들물~중날,▶참돔 - 부력/ 잠수▶농어 - 루어/ 릴찌▶노래미 - 루어/ 릴찌/ 장대/ 원투▶볼락 - 릴찌/ 장대/ 루어▶우럭 - 릴찌/ 원투,34-55-14.7N,127-56-15.9E,,경상남도 남해군
167,POINT (887706.5955345529 1552863.88223419),추자도,다무레미남측해상,9.3~19.6,암,들물/썰물,▶감성돔 - 릴찌/ 장대/ 원투▶돌돔 - 민장대/ 릴찌/ 원투▶자리돔 - 장대/ 카드▶농어 - 루어/ 릴찌▶볼락 - 루어/ 릴찌/ 장대▶참돔 - 부력/ 잠수,33-57-45.5N,126-17-04.5E,,제주특별자치도 제주시
168,POINT (948667.196739058 1504351.67752961),제주도 북동부·우도,독진곶앞해상,27.0~44.9,암,들물/날물,▶참돔 - 부력/ 잠수▶돌돔 - 민장대/ 릴찌/ 원투▶볼락 - 루어/ 릴찌/ 장대▶벵에돔 - 목줄/ 장대/ 부력/ 잠수▶무늬오징어 - 에깅▶독가시치 - 목줄/ 장대/ 부력/ 잠수,33-31-47.5N,126-56-49.8E,,제주특별자치도 제주시
169,POINT (889096.8091479191 1469679.48390067),제주도 남서부·가파도·마라도,형제도부근해상,4.2~9.5,암,들물/썰물,▶벵에돔 - 목줄/ 장대/ 잠수▶농어 - 루어/ 릴찌▶자리돔 - 민장대/ 릴찌▶볼락 - 루어/ 릴찌/ 장대▶한치 - 루어/ 원투▶참돔 - 부력/ 잠수▶부시리 - 부력/ 잠수/ 지깅,33-12-45.6N,126-18-35.9E,,제주특별자치도 서귀포시
170,POINT (877734.1864191231 1582103.71844975),독거군도 부근,제주섬해상,27.5~29m,암,1물~4물,▶ 참돔  -  부력/ 잠수▶ 감성돔  -  릴찌/ 장대/ 원투▶ 돌돔  -  릴찌/ 장대/ 원투▶ 광어 - 릴찌/ 원투▶ 농어  -  루어/ 릴찌,34-13-30.586N,126-10-21.218E,,전라남도 진도군
171,POINT (966948.313222768 1578952.24291462),황제도,대마도해상,23~27m,암,조금 전후/ 2~3물,▶ 감성돔  -  릴찌/ 장대/ 원투▶ 참돔  -  부력/ 잠수▶ 돌돔  -  릴찌/ 장대/ 원투▶ 농어  -  루어/ 릴찌▶ 광어  -  릴찌/ 원투▶ 볼락  -  릴찌/ 장대/ 루어,34-12-12.245N,127-08-28.461E,,전라남도 완도군
172,POINT (788868.497148567 1633369.00611774),홍도,방구서부근,3.5~4.7m,암,조금 전후,▶ 참돔  -  부력/ 잠수▶ 돌돔  -  릴찌/ 장대/ 원투▶ 감성돔  -  릴찌/ 장대/ 원투▶ 우럭  -  릴찌/ 원투▶ 농어  -  루어/ 릴찌,34-40-22.375N,125-11-44.257E,,전라남도 신안군
173,POINT (787057.364217521 1633392.82752902),홍도,상연서부근,23.5~33m,암,조금 전후,▶ 참돔  -  부력/ 잠수▶ 돌돔  -  릴찌/ 장대/ 원투▶ 감성돔  -  릴찌/ 장대/ 원투▶ 우럭  -  릴찌/ 원투▶ 농어  -  루어/ 릴찌,34-40-21.797N,125-10-33.124E,,전라남도 신안군
174,POINT (788364.412777785 1635841.2227544),홍도,거북바위인근,28~31m,암,조금 전후,▶ 참돔  -  부력/ 잠수▶ 돌돔  -  릴찌/ 장대/ 원투▶ 감성돔  -  릴찌/ 장대/ 원투▶ 우럭  -  릴찌/ 원투▶ 농어  -  루어/ 릴찌,34-41-42.194N,125-11-22.236E,,전라남도 신안군
175,POINT (790122.6561791541 1634408.58712965),홍도,흥어굴인근,5.5~9.4m,펄/모래/조개껍질,조금 전후,▶ 참돔  -  부력/ 잠수▶ 돌돔  -  릴찌/ 장대/ 원투▶ 감성돔  -  릴찌/ 장대/ 원투▶ 우럭  -  릴찌/ 원투▶ 농어  -  루어/ 릴찌,34-40-57.026N,125-12-32.571E,,전라남도 신안군
176,POINT (813560.992281651 1582793.68306154),만재도,백서남측선상,37~44m,암,조금 전후,▶ 돌돔 - 릴찌/ 장대/ 원투▶ 참돔 - 부력/ 잠수▶ 감성돔 - 릴찌/ 장대/ 원투▶ 우럭 - 릴찌/ 원투▶ 광어 - 릴찌/ 원투▶ 농어 - 루어/ 릴찌▶ 볼락 - 릴찌/ 장대/ 루어▶ 문어 - 루어,34-13-18.710N,125-28-33.601E,,전라남도 신안군
177,POINT (856676.396621219 1584742.54016087),거차수도 부근,동거차선착장해상,12.6~19.5m,암,1물~4물,▶ 참돔  -  부력/ 잠수▶ 감성돔  -  릴찌/ 장대/ 원투▶ 돌돔  -  릴찌/ 장대/ 원투▶ 우럭  -  릴찌/ 원투▶ 농어  -  루어/ 릴찌▶ 부시리  -  부력/ 잠수/ 지깅,34-14-46.554N,125-56-36.842E,,전라남도 진도군
178,POINT (879288.1619252521 1584912.82144956),독거군도 부근,독거동쪽선창해상,27~29m,펄,1물~4물,▶ 참돔  -  부력/ 잠수▶ 감성돔  -  릴찌/ 장대/ 원투▶ 돌돔  -  릴찌/ 장대/ 원투▶ 광어 - 릴찌/ 원투▶ 농어  -  루어/ 릴찌,34-15-02.418N,126-11-20.528E,,전라남도 진도군
179,POINT (892018.3256602591 1558859.40348236),추자군도,횡간도북측해상,40~46m,암,조금 전후/ 1~4물,▶ 감성돔  -  릴찌/ 장대/ 원투▶ 벵에돔 - 목줄/ 장대/ 부력/ 잠수▶ 참돔  -  부력/ 잠수▶ 돌돔 - 민장대/ 릴찌/ 원투▶ 볼락 - 릴찌/ 장대/ 루어▶ 부시리 - 부력/ 잠수/ 지깅,34-01-01.750N,126-19-49.809E,,제주특별자치도 제주시
180,POINT (894227.203580235 1557812.88712327),추자군도,곽도앞해상,7.6~16.1m,암,조금 전후/ 1~4물,▶ 감성돔  -  릴찌/ 장대/ 원투▶ 벵에돔 - 목줄/ 장대/ 부력/ 잠수▶ 참돔  -  부력/ 잠수▶ 돌돔 - 민장대/ 릴찌/ 원투▶ 볼락 - 릴찌/ 장대/ 루어▶ 부시리 - 부력/ 잠수/ 지깅,34-00-28.589N,126-21-16.374E,,제주특별자치도 제주시
181,POINT (894794.113472087 1551862.49682264),추자군도,하추자도동측해상,29~32m,모래/ 조개껍질,조금 전후/ 1~4물,▶ 감성돔  -  릴찌/ 장대/ 원투▶ 벵에돔 - 목줄/ 장대/ 부력/ 잠수▶ 참돔  -  부력/ 잠수▶ 돌돔 - 민장대/ 릴찌/ 원투▶ 볼락 - 릴찌/ 장대/ 루어▶ 부시리 - 부력/ 잠수/ 지깅,33-57-15.634N,126-21-41.048E,,제주특별자치도 제주시
182,POINT (890082.131689315 1552373.93502163),추자군도,추자교앞해상,12.1~14.6m,모래/ 펄,조금 전후/ 1~4물,▶ 감성돔  -  릴찌/ 장대/ 원투▶ 벵에돔 - 목줄/ 장대/ 부력/ 잠수▶ 참돔  -  부력/ 잠수▶ 돌돔 - 민장대/ 릴찌/ 원투▶ 볼락 - 릴찌/ 장대/ 루어▶ 부시리 - 부력/ 잠수/ 지깅,33-57-30.500N,126-18-37.266E,,제주특별자치도 제주시
183,POINT (885207.461815945 1554281.60646707),추자군도,상추자도와직구도사이,43~45m,모래/ 펄,조금 전후/ 1~4물,▶ 감성돔  -  릴찌/ 장대/ 원투▶ 벵에돔 - 목줄/ 장대/ 부력/ 잠수▶ 참돔  -  부력/ 잠수▶ 돌돔 - 민장대/ 릴찌/ 원투▶ 볼락 - 릴찌/ 장대/ 루어▶ 부시리 - 부력/ 잠수/ 지깅,33-58-30.548N,126-15-26.472E,,제주특별자치도 제주시
184,POINT (1008580.80563606 1622351.54811909),낭도 부근,상화도서측해상,8.5~29m,암,13물~5물/ 조금 전후,▶ 감성돔  -  릴찌/ 장대/ 원투▶ 붕장어  -  원투▶ 농어  -  루어/ 릴찌▶ 숭어  -  릴찌/ 장대/ 훌치기,34-35-43.006N,127-35-36.874E,,전라남도 고흥군
185,POINT (971500.82538629 1580176.22823016),황제도,원도해상,28.5~41m,펄,조금 전후/ 2~3물,▶ 감성돔  -  릴찌/ 장대/ 원투▶ 참돔  -  부력/ 잠수▶ 돌돔  -  릴찌/ 장대/ 원투▶ 농어  -  루어/ 릴찌▶ 광어  -  릴찌/ 원투▶ 볼락  -  릴찌/ 장대/ 루어,34-12-52.468N,127-11-26.209E,,전라남도 완도군
186,POINT (986826.378018578 1588622.44187185),손죽열도 부근,손죽방파제해상,2.8~6.3m,펄,중들물~만조/ 사리를 피한 물때,▶ 감성돔  -  릴찌/ 장대/ 원투▶ 참돔  -  부력/ 잠수▶ 돌돔  -  릴찌/ 장대/ 원투▶ 우럭  -  릴찌/ 원투▶ 노래미  -  루어/ 릴찌/ 장대/ 원투▶ 농어  -  루어/ 릴찌▶ 숭어  -  릴찌/ 장대/ 훌치기▶ 삼치  -  루어/ 릴찌▶ 문어  -  루어,34-17-27.793N,127-21-24.688E,,전라남도 여수시
187,POINT (991380.5223123251 1587676.57167932),손죽열도 부근,소거문도동쪽해상,19.5~20.3m,펄,중들물~만조/ 사리를 피한 물때,▶ 감성돔  -  릴찌/ 장대/ 원투▶ 참돔  -  부력/ 잠수▶ 돌돔  -  릴찌/ 장대/ 원투▶ 우럭  -  릴찌/ 원투▶ 노래미  -  루어/ 릴찌/ 장대/ 원투▶ 농어  -  루어/ 릴찌▶ 숭어  -  릴찌/ 장대/ 훌치기▶ 삼치  -  루어/ 릴찌▶ 문어  -  루어,34-16-57.256N,127-24-22.866E,,전라남도 여수시
188,POINT (1003099.88016128 1583982.19634949),간수제도,대두역서해상,29~31m,펄,사리를 피한 조금 이후,▶ 감성돔  -  릴찌/ 장대/ 원투▶ 참돔  -  부력/ 잠수▶ 돌돔  -  릴찌/ 장대/ 원투▶ 우럭  -  릴찌/ 원투▶ 노래미  -  루어/ 릴찌/ 장대/ 원투▶ 농어  -  루어/ 릴찌▶ 숭어  -  릴찌/ 장대/ 훌치기▶ 삼치  -  루어/ 릴찌▶ 문어  -  루어,34-14-57.424N,127-32-01.198E,,전라남도 여수시
189,POINT (1028353.25787035 1604034.57978895),연도,동부앞인근해상,9.7~28m,암,초들물/ 초날물/ 조금 전·후,▶ 참돔  -  부력/ 잠수▶ 감성돔  -  릴찌/ 장대/ 원투▶ 볼락  -  릴찌/ 장대/ 루어▶ 농어/  삼치  -  루어/ 릴찌▶ 돌돔  -  민장대/ 릴찌/ 원투▶ 갑오징어  -  에깅,34-25-47.066N,127-48-30.920E,,전라남도 여수시
190,POINT (1028214.17378641 1601620.69740047),연도,소룡단인근해상,34~47m,암,초들물/ 초날물/ 조금 전·후,▶ 참돔  -  부력/ 잠수▶ 감성돔  -  릴찌/ 장대/ 원투▶ 볼락  -  릴찌/ 장대/ 루어▶ 농어/  삼치  -  루어/ 릴찌▶ 돌돔  -  민장대/ 릴찌/ 원투▶ 갑오징어  -  에깅,34-24-28.712N,127-48-25.184E,,전라남도 여수시
191,POINT (1071725.55814079 1655123.28704541),자란만 부근,두도해상,7.5~7.6m,암,조금 전후,▶ 갑오징어  -  에깅▶ 감성돔  -  릴찌/ 장대/ 원투▶ 노래미  -  루어/ 릴찌/ 장대/ 원투▶ 벵에돔  -  목줄/ 장대/ 부력/ 잠수▶ 참돔  -  부력/ 잠수▶ 볼락  -  릴찌/ 장대/ 루어▶ 농어  -  루어/ 릴찌▶ 붕장어  -  원투▶ 우럭  -  릴찌/ 원투,34-53-17.919N,128-17-05.804E,,경상남도 고성군
192,POINT (1079094.96344051 1631021.38621511),연화도 부근,우서부근해상,5.6~6.0m,암,초들물/ 초날물/ 5물~6물/ 조금,▶ 참돔 - 부력/ 잠수▶ 감성돔 - 릴찌/ 장대/ 원투▶ 볼락 - 릴찌/ 장대/ 루어▶ 벵에돔 - 목줄/ 장대/ 부력/ 잠수▶ 농어 - 루어/ 릴찌,34-40-13.594N,128-21-47.951E,,경상남도 통영시
235,POINT (858633.432713922 1648842.91118691),비금도·도초도,토막도부근,12m~18m,펄,날물,▶감성돔 - 릴찌/ 장대/ 원투 ▶농어 - 루어/ 릴찌▶돌돔 - 릴찌/ 장대/ 원투 ▶볼락 - 루어/ 릴찌/ 장대▶붕장어 - 원투 ▶우럭 - 릴찌/ 원투 ▶참돔 - 부력/ 잠수,34-49-27.8N,125-57-15.0E,,전라남도 신안군
194,POINT (891879.301272792 1763067.2127109),말도·방축도,말도서쪽바다,8.6m~30m,모래/ 조개껍질,들물/ 썰물 전·후,▶넙치 - 루어/ 원투 ▶노래미 - 루어/ 릴찌/ 장대/ 원투▶도다리 - 원투 ▶우럭 - 릴찌/ 원투 ▶참돔 - 부력/ 잠수,35-51-29.5N,126-18-09.1E,방축도 선착장 외에 갯바위 포인트와 말도 등대 부근/ 말도 북동쪽 곶부리 진입이 어렵고 갯바위가 협소하므로 초보자는 안전에 주의해야한다.,전라북도 군산시
195,POINT (904547.759677699 1756151.35118103),선유도·무녀도·장자도·신시도,만서/만자서부근,9m~12m,모래/ 펄,조금 전·후,▶넙치 - 루어/ 원투 ▶노래미 - 루어/ 릴찌/ 장대/ 원투▶농어 - 루어/ 릴찌 ▶붕장어 - 원투▶삼치 - 루어/ 릴찌 ▶우럭 - 릴찌/ 원투 ▶양태 - 루어/ 릴찌,35-47-49.8N,126-26-37.1E,,전라북도 군산시
196,POINT (859675.960470618 1629703.59199305),비금도·도초도,가도부근,14m~19m,펄,초들물~중들물,▶감성돔 - 릴찌/ 장대/ 원투 ▶농어 - 루어/ 릴찌▶돌돔 - 릴찌/ 장대/ 원투 ▶볼락 - 루어/ 릴찌/ 장대▶붕장어 - 원투 ▶우럭 - 릴찌/ 원투 ▶참돔 - 부력/ 잠수,34-39-07.2N,125-58-07.5E,,전라남도 신안군
197,POINT (922415.647107388 1580827.33242778),노화도·보길도·소안도,각씨여부근,38m~42m,펄/ 조개껍질,사리 전·후,▶감성돔 - 릴찌/ 장대/ 원투 ▶돌돔 - 릴찌/ 장대/ 원투▶벵에돔 - 목줄/ 장대/ 부력/ 잠수 ▶우럭 - 릴찌/ 원투▶볼락 - 루어/ 릴찌/ 장대 ▶참돔 - 부력/ 잠수,34-13-04.6N,126-39-27.8E,,전라남도 완도군
198,POINT (949786.751129659 1576904.70086238),청산도·대모도,항도서측바다,24m~27m,펄/ 모래,4물~사리,▶감성돔 - 릴찌/ 장대/ 원투 ▶농어 - 루어/ 릴찌▶돌돔 - 릴찌/ 장대/ 원투 ▶볼락 - 루어/ 릴찌/ 장대▶우럭 - 릴찌/ 원투 ▶참돔 - 부력/ 잠수,34-11-03.3N,126-57-18.3E,,전라남도 완도군
199,POINT (1084170.99061273 1640804.58022552),미륵도,학림도부근,23m~30m,펄,조금 전·후,▶감성돔 - 릴찌/ 장대/ 원투 ▶농어 - 루어/ 릴찌▶벵에돔 - 목줄/ 장대/ 부력/ 잠수 ▶우럭 - 릴찌/ 원투▶볼락 - 루어/ 릴찌/ 장대 ▶참돔 - 부력/ 잠수,34-45-29.7N,128-25-10.9E,,경상남도 통영시
200,POINT (1047815.14207504 1649098.19250239),남해도 동부·신수도·창선도,증초부근해상,0.2~3.1,암,초들물~중날물,▶참돔 - 부력/ 잠수▶농어 - 루어/ 릴찌▶노래미 - 루어/ 릴찌/ 장대/ 원투▶볼락 - 릴찌/ 장대/ 루어▶우럭 - 릴찌/ 원투,34-50-07.4N,128-01-22.6E,,경상남도 남해군
201,POINT (1104445.54052467 1665121.2879462),칠천도·가조도,장안서부근해상,2.7~13.9,펄/ 조개껍질,초들물~중날물,▶감성돔 - 릴찌/ 장대/ 원투▶노래미 - 루어/ 릴찌/ 장대/ 원투▶갑오징어 - 에깅▶도다리 - 원투▶볼락 - 릴찌/ 장대/ 루어,34-58-32.2N,128-38-39.2E,,경상남도 거제시
202,POINT (908268.4267281811 1470721.44538606),제주도 남부,호도(범섬)부근해상,32.0~38.0,암,초들물~중날물,▶벵에돔 - 목줄/ 장대/ 부력/ 잠수▶한치 - 루어/ 원투▶노래미 - 루어/ 릴찌/ 장대/ 원투▶독가시치 - 목줄/ 장대/ 부력/ 잠수▶부시리 - 부력/ 잠수/ 지깅▶우럭 - 릴찌/ 원투,33-13-25.9N,126-30-56.0E,,제주특별자치도 서귀포시
203,POINT (760467.744864841 1978773.16945272),대청도·소청도,곽암부근,23m~29m,자갈/ 조개껍질,조금 전후,▶넙치 - 루어/ 원투 ▶노래미 - 루어/ 릴찌/ 장대/ 원투▶농어 - 루어/ 릴찌 ▶삼치 - 루어/ 릴찌▶쏨뱅이 - 루어/ 릴찌 ▶우럭 - 릴찌/ 원투,37-46-38.2N,124-46-48.8E,,인천광역시 옹진군
204,POINT (915130.97760609 1894943.67410782),입파도·국화도,국화도등표부근,24m~28m,펄,조금 전·후,▶넙치 - 루어/ 원투 ▶노래미 - 루어/ 릴찌/ 장대/ 원투▶도다리 - 원투 ▶붕장어 - 원투▶우럭 - 릴찌/ 원투,37-02-57.2N,126-32-44.0E,,경기도 화성시
205,POINT (900318.73660176 1816495.12906469),원산도·삽시도,납작도부근,6.3m~8.3m,펄/ 모래,들물 전·후,▶감성돔 - 릴찌/ 장대/ 원투 ▶갑오징어 - 에깅▶넙치 - 루어/ 원투 ▶농어 - 루어/ 릴찌▶우럭 - 릴찌/ 원투 ▶주꾸미 - 루어,36-20-26.5N,126-23-21.2E,,충청남도 보령시
206,POINT (862597.72159874 1793878.7711765),어청도·연도,어청도등대북쪽부근,44m~50m,펄,들물/ 날물,▶농어 - 루어/ 릴찌 ▶노래미 - 장대/ 루어/ 릴찌/ 원투▶돌돔 - 릴찌/ 장대/ 원투 ▶우럭 - 릴찌/ 원투,36-07-56.0N,125-58-22.7E,어청도/ 연도는 산세가 평탄하여 모든 갯바위 포인트는 초보자도 진입이 편하다.,전라북도 군산시
207,POINT (884419.1470349471 1779146.48139856),십이동파도·비안도,십이동파도북도북서측바다,51m~53m,펄/ 모래,조금 전·후,▶감성돔 - 릴찌/ 장대/ 원투 ▶갑오징어 - 에깅▶넙치 - 루어/ 원투 ▶노래미 - 루어/ 릴찌/ 장대/ 원투▶농어 - 루어/ 릴찌 ▶우럭 - 릴찌/ 원투 ▶참돔 - 부력/ 잠수,36-00-08.2N,126-13-03.3E,비안도의 방파제 포인트를 제외한 갯바위 포인트와 십이동파도 갯바위 포인트는 보팅 및 낚싯배로 진입을 해야하고 직벽지역과 협소한 곳이 많아 구명조끼/ 안전화 등 보호 장비를 단단히 착용해야만 한다.,전라북도 군산시
208,POINT (933956.52809551 1587050.5745547),신지도,완도대구두앞바다,24.5m~26m,모래/ 조개껍질,사리 전·후,▶감성돔 - 릴찌/ 장대/ 원투 ▶돌돔 - 릴찌/ 장대/ 원투▶볼락 - 루어/ 릴찌/ 장대 ▶붕장어 - 원투▶우럭 - 릴찌/ 원투 ▶참돔 - 부력/ 잠수 ▶학공치 - 릴찌/ 장대,34-16-29.5N,126-46-57.1E,덕구미 부근/ 동고리 남쪽 갯바위/ 무생끝 부근/ 도트럼끝 부근/ 무인등대 부근/ 노랑바위 부근 포인트의 갯바위는 경사가 가파르고 낚시자리가 좁아 안전에 주의해야 하고 보팅 및 낚싯배로 진입이 가능하다.,전라남도 완도군
209,POINT (1073214.73748892 1626158.10512055),욕지도,초도부근,18m~20m,펄/ 조개껍질,5 물~11물,▶감성돔 - 릴찌/ 장대/ 원투 ▶농어 - 루어/ 릴찌▶무늬오징어 - 릴찌/ 에깅 ▶볼락 - 루어/ 릴찌/ 장대▶벵에돔 - 목줄/ 장대/ 부력/ 잠수 ▶참돔 - 부력/ 잠수,34-37-37.3N,128-17-55.4E,,경상남도 통영시
210,POINT (893292.5167871721 1658190.42269912),압해도,대교동측해상,2.1~4.3,펄,초들물~중날물,▶감성돔 - 릴찌/ 장대/ 원투 ▶노래미 - 루어/ 릴찌/ 장대/ 원투 ▶농어 - 루어/ 릴찌▶볼락 - 릴찌/ 장대/ 루어 ▶붕장어 - 원투 ▶우럭 - 릴찌/ 원투,34-54-46.4N,126-19-54.8E,,전라남도 신안군
211,POINT (929238.124304583 1475286.45757609),제주도 남동부,태흥리포구앞해상,21.7~28.5,고운모래,들물/날물,▶참돔 - 부력/ 잠수▶돌돔 - 민장대/ 릴찌/ 원투▶다금바리 - 원투▶벵에돔 - 목줄/ 장대/ 부력/ 잠수▶부시리 - 부력/ 잠수/ 지깅,33-15-59.8N,126-44-24.8E,,제주특별자치도 서귀포시
212,POINT (1088311.16596015 1676256.52061294),당항포 부근,동진교해상,7~15.8m,모래,조금전후,▶ 도다리 - 원투▶ 노래미 - 루어/ 릴찌/ 장대/ 원투▶ 볼락 - 릴찌/ 장대/ 루어▶ 감성돔 - 릴찌/ 장대/ 원투▶ 갑오징어 - 에깅,35-04-39.16N,128-28-07.23E,,경상남도 고성군
213,POINT (894806.598401514 1919617.22315529),자월도,입암두앞바다,8m~10m,모래,들물/ 날물,▶농어 - 루어/ 릴찌 ▶우럭 - 릴찌/ 원투,37-16-10.3N,126-18-48.8E,,인천광역시 옹진군
214,POINT (863849.96601813 1896461.67916264),백아도·굴업도,백아도광대도부근,3.8m~5.2m,모래/ 펄,1~3물/ 조금 전·후,▶넙치 - 루어/ 원투 ▶노래미 - 루어/ 릴찌/ 장대/ 원투▶농어 - 루어/ 릴찌 ▶붕장어 - 원투▶우럭 - 릴찌/ 원투,37-03-24.7N,125-58-07.4E,,인천광역시 옹진군
215,POINT (901135.9552234961 1966863.08592408),석모도,외포리선착장입표부근해상,10.0~20.0,펄/ 모래,초들물~중날물,▶농어 - 루어/ 릴찌▶숭어 - 릴찌/ 장대/ 홀치기▶우럭 - 릴찌/ 원투▶망둥어 - 릴찌/ 장대,37-41-45.6N,126-22-42.9E,,인천광역시 강화군
216,POINT (1026802.60090189 1632545.05823725),돌산도,죽도부근해상,4.5~10.7,펄,초들물~중날물,▶참돔 - 부력/ 잠수▶농어 - 루어/ 릴찌▶노래미 - 루어/ 릴찌/ 장대/ 원투▶볼락 - 릴찌/ 장대/ 루어▶우럭 - 릴찌/ 원투▶붕장어 - 원투,34-41-12.8N,127-47-33.4E,,전라남도 여수시
217,POINT (814497.559463653 1581831.66494097),만재도,만재도북동측선상,28~37m,암,조금 전후,▶ 돌돔 - 릴찌/ 장대/ 원투▶ 참돔 - 부력/ 잠수▶ 감성돔 - 릴찌/ 장대/ 원투▶ 우럭 - 릴찌/ 원투▶ 광어 - 릴찌/ 원투▶ 농어 - 루어/ 릴찌▶ 볼락 - 릴찌/ 장대/ 루어▶ 문어 - 루어,34-12-48.098N,125-29-10.927E,,전라남도 신안군
218,POINT (1003477.05216319 1625290.08013767),낭도 부근,하과도남측해상,6.3~6.8m,암,5물~8물/ 조금 전후,▶ 감성돔  -  릴찌/ 장대/ 원투▶ 붕장어  -  원투▶ 농어  -  루어/ 릴찌▶ 숭어  -  릴찌/ 장대/ 훌치기,34-37-18.513N,127-32-16.549E,,전라남도 고흥군
219,POINT (990581.0645656991 1589580.44135381),손죽열도 부근,소거문도북쪽해상,9.9~20.6m,암,중들물~만조/ 사리를 피한 물때,▶ 감성돔  -  릴찌/ 장대/ 원투▶ 참돔  -  부력/ 잠수▶ 돌돔  -  릴찌/ 장대/ 원투▶ 우럭  -  릴찌/ 원투▶ 노래미  -  루어/ 릴찌/ 장대/ 원투▶ 농어  -  루어/ 릴찌▶ 숭어  -  릴찌/ 장대/ 훌치기▶ 삼치  -  루어/ 릴찌▶ 문어  -  루어,34-17-59.043N,127-23-51.522E,,전라남도 여수시
220,POINT (1077942.18712357 1629046.26512917),연화도 부근,연화항부근해상,4.4~9.7m,암,초들물/ 초날물/ 5물~6물/ 조금,▶ 참돔 - 부력/ 잠수▶ 감성돔 - 릴찌/ 장대/ 원투▶ 볼락 - 릴찌/ 장대/ 루어▶ 벵에돔 - 목줄/ 장대/ 부력/ 잠수▶ 농어 - 루어/ 릴찌,34-39-09.798N,128-21-02.003E,,경상남도 통영시
221,POINT (1115381.43467422 1657470.01238899),거제도 북동부,양지암취앞바다,23m~27m,펄,조금 전·후,▶감성돔 - 릴찌/ 장대/ 원투 ▶농어 - 루어/ 릴찌▶벵에돔 - 목줄/ 장대/ 부력/ 잠수 ▶우럭 - 릴찌/ 원투▶볼락 - 루어/ 릴찌/ 장대 ▶참돔 - 부력/ 잠수,34-54-19.6N,128-45-46.6E,,경상남도 거제시
222,POINT (913591.3148204951 1903083.33817695),입파도·국화도,입파도학산서부근,15m~18m,펄/ 모래,조금 전·후,▶넙치 - 루어/ 원투 ▶노래미 - 루어/ 릴찌/ 장대/ 원투▶도다리 - 원투 ▶붕장어 - 원투▶우럭 - 릴찌/ 원투,37-07-20.8N,126-31-38.3E,입파도 해안선 포인트 및 국화도 매박섬(토끼섬)/ 국화도 도지섬 부근/ 국화도 서쪽 곶부리 포인트는 진입이 어렵고 갯바위가 협소하므로 초보자는 안전에 주의해야 한다.,경기도 화성시
223,POINT (1078962.0283553 1643986.9404155),미륵도,곤리도부근,14m~16m,펄,조금 전·후,▶감성돔 - 릴찌/ 장대/ 원투 ▶농어 - 루어/ 릴찌▶벵에돔 - 목줄/ 장대/ 부력/ 잠수 ▶우럭 - 릴찌/ 원투▶볼락 - 루어/ 릴찌/ 장대 ▶참돔 - 부력/ 잠수,34-47-14.5N,128-21-47.1E,,경상남도 통영시
224,POINT (889729.862503682 1553622.68211713),추자군도,추자항북측해상,22.5~28m,암,조금 전후/ 1~4물,▶ 감성돔  -  릴찌/ 장대/ 원투▶ 벵에돔 - 목줄/ 장대/ 부력/ 잠수▶ 참돔  -  부력/ 잠수▶ 돌돔 - 민장대/ 릴찌/ 원투▶ 볼락 - 릴찌/ 장대/ 루어▶ 부시리 - 부력/ 잠수/ 지깅,33-58-10.903N,126-18-22.977E,,제주특별자치도 제주시
225,POINT (1009675.47676673 1621993.71806358),낭도 부근,장구도동측해상,4.7~23m,암,13물~5물/ 조금 전후,▶ 감성돔  -  릴찌/ 장대/ 원투▶ 붕장어  -  원투▶ 농어  -  루어/ 릴찌▶ 숭어  -  릴찌/ 장대/ 훌치기,34-35-31.354N,127-36-19.835E,,전라남도 고흥군
226,POINT (1025406.55640621 1661123.36196522),광양만 부근,마도부근,0.4~2.0m,펄/모래,5물~10물,▶ 붕장어  -  원투▶ 망둥어  -  릴찌/ 장대▶ 숭어  -  릴찌/ 장대/ 훌치기▶ 감성돔  -  릴찌/ 장대/ 원투▶ 농어  -  루어/ 릴찌▶ 노래미  -  루어/ 릴찌/ 장대/ 원투▶ 볼락  -  릴찌/ 장대/ 루어▶ 도다리  -  원투,34-56-40.677N,127-46-41.647E,,전라남도 광양시
227,POINT (989572.6947090811 1589367.72050149),손죽열도 부근,잔거리동쪽해상,15.3~20.6m,암,중들물~만조/ 사리를 피한 물때,▶ 감성돔  -  릴찌/ 장대/ 원투▶ 참돔  -  부력/ 잠수▶ 돌돔  -  릴찌/ 장대/ 원투▶ 우럭  -  릴찌/ 원투▶ 노래미  -  루어/ 릴찌/ 장대/ 원투▶ 농어  -  루어/ 릴찌▶ 숭어  -  릴찌/ 장대/ 훌치기▶ 삼치  -  루어/ 릴찌▶ 문어  -  루어,34-17-52.102N,127-23-12.083E,,전라남도 여수시
228,POINT (989590.819257237 1562158.0823975),대삼부도,무구여인근해상,13.8~19.6m,암,10물~13물,▶ 벵에돔  -  목줄/ 장대/ 부력/ 잠수▶ 참돔  -  부력/ 잠수▶ 돌돔  -  릴찌/ 장대/ 원투▶ 감성돔  -  릴찌/ 장대/ 원투▶ 농어  -  루어/ 릴찌▶ 쏨벵이  -  루어/ 릴찌,34-03-08.684N,127-23-13.969E,,전라남도 여수시
229,POINT (1026971.00553716 1602297.86196557),연도,덕포앞해상,0.7~3.1m,암,초들물/ 초날물/ 조금 전·후,▶ 참돔  -  부력/ 잠수▶ 감성돔  -  릴찌/ 장대/ 원투▶ 볼락  -  릴찌/ 장대/ 루어▶ 농어/  삼치  -  루어/ 릴찌▶ 돌돔  -  민장대/ 릴찌/ 원투▶ 갑오징어  -  에깅,34-24-50.816N,127-47-36.565E,,전라남도 여수시
230,POINT (1073707.68036188 1640696.74999673),추도 부근,흰여부근,4.0~13.5m,암,6물~8물,▶ 볼락 - 릴찌/ 장대/ 루어▶ 우럭 - 릴찌/ 원투▶ 주꾸미 - 릴찌/ 원투▶ 광어 - 릴찌/ 원투▶ 감성돔 - 릴찌/ 장대/ 원투▶ 벵에돔 - 목줄/ 장대/ 부력/ 잠수▶ 참돔 - 부력/ 잠수,34-45-29.115N,128-18-19.326E,,경상남도 통영시
231,POINT (1003168.71769024 1614847.57233566),나로도,보돌서부근,11m~15m,펄,간조~초들물,▶감성돔 - 릴찌/ 장대/ 원투 ▶농어 - 루어/ 릴찌▶도다리 - 원투 ▶볼락 - 루어/ 릴찌/ 장대▶숭어 - 릴찌/ 장대/ 훌치기 ▶학공치 - 릴찌/ 장대,34-31-39.5N,127-32-04.3E,내나로도 등대 밑 갯바위/ 외나로도 부채바위/ 외나로도 노랑바위/ 포인트는 경사가 가파르고 낚시자리가 좁아 안전에 주의해야 하고 보팅 및 낚싯배로 진입이 가능하다.,전라남도 고흥군
232,POINT (1089852.65051112 1657239.04960145),거제도 북서부,지도부근,15m~18m,펄,조금 전·후,▶감성돔 - 릴찌/ 장대/ 원투 ▶고등어 - 루어/ 릴찌/ 장대▶돌돔 - 릴찌/ 장대/ 원투 ▶보리멸 - 원투▶살오징어 - 에깅 ▶볼락 - 루어/ 릴찌/ 장대 ▶참돔 - 부력/ 잠수,34-54-21.4N,128-29-00.7E,,경상남도 거제시
233,POINT (756289.466752564 1976032.49470627),대청도·소청도,가두암부근,26m~30m,가는 모래,조금 전후,▶넙치 - 루어/ 원투 ▶노래미 - 루어/ 릴찌/ 장대/ 원투▶농어 - 루어/ 릴찌 ▶삼치 - 루어/ 릴찌▶쏨뱅이 - 루어/ 릴찌 ▶우럭 - 릴찌/ 원투,37-45-05.4N,124-44-01.5E,,인천광역시 옹진군
234,POINT (890364.588069573 1808309.70724712),호도·녹도·외연도,석도부근,6.8m~9m,모래,초들물,▶감성돔 - 릴찌/ 장대/ 원투 ▶갑오징어 - 에깅▶넙치 - 루어/ 원투 ▶농어 - 루어/ 릴찌▶노래미 - 루어/ 릴찌/ 장대/ 원투▶우럭 - 릴찌/ 원투,36-15-57.0N,126-16-46.1E,,충청남도 보령시
237,POINT (1037970.65759105 1661281.63827615),남해도 북부,왕지마을앞바다,1.2~10.9,펄/ 모래,초들물~중날,▶참돔 - 부력/ 잠수▶농어 - 루어/ 릴찌▶노래미 - 루어/ 릴찌/ 장대/ 원투▶볼락 - 릴찌/ 장대/ 루어▶우럭 - 릴찌/ 원투,34-56-44.4N,127-54-57.0E,,경상남도 남해군
238,POINT (887874.4066671521 1553595.0824458),추자도,다무레미북측해상,12.8~16.2,암,들물/썰물,▶감성돔 - 릴찌/ 장대/ 원투▶돌돔 - 민장대/ 릴찌/ 원투▶자리돔 - 장대/ 카드▶농어 - 루어/ 릴찌▶볼락 - 루어/ 릴찌/ 장대▶참돔 - 부력/ 잠수,33-58-09.3N,126-17-10.7E,,제주특별자치도 제주시
239,POINT (813474.23073189 1580714.97803357),만재도,만재도남측선상,20.5~22m,암,조금 전후,▶ 돌돔 - 릴찌/ 장대/ 원투▶ 참돔 - 부력/ 잠수▶ 감성돔 - 릴찌/ 장대/ 원투▶ 우럭 - 릴찌/ 원투▶ 광어 - 릴찌/ 원투▶ 농어 - 루어/ 릴찌▶ 볼락 - 릴찌/ 장대/ 루어▶ 문어 - 루어,34-12-11.207N,125-28-31.826E,,전라남도 신안군
240,POINT (929142.8033426 1599703.0419681),완도,납당여부근해상,3.0~6.0,펄,초들물~중날물,▶숭어 - 릴찌/ 장대/ 홀치기▶우럭 - 릴찌/ 원투▶농어 - 루어/ 릴찌▶감성돔 - 릴찌/ 장대/ 원투▶참돔 - 부력/ 잠수▶붕장어 - 원투,34-23-19.1N,126-43-45.1E,,전라남도 완도군
241,POINT (855341.598749383 1629191.17830054),비금도·도초도,종달암부근,28m~32m,펄,초들물~중들물,▶감성돔 - 릴찌/ 장대/ 원투 ▶농어 - 루어/ 릴찌▶돌돔 - 릴찌/ 장대/ 원투 ▶볼락 - 루어/ 릴찌/ 장대▶붕장어 - 원투 ▶우럭 - 릴찌/ 원투 ▶참돔 - 부력/ 잠수,34-38-48.4N,125-55-17.6E,,전라남도 신안군
242,POINT (1046700.86468759 1648950.74791999),남해도 동부·신수도·창선도,지족리앞바다,0.4~1.5,암,초들물~중날물,▶참돔 - 부력/ 잠수▶농어 - 루어/ 릴찌▶노래미 - 루어/ 릴찌/ 장대/ 원투▶볼락 - 릴찌/ 장대/ 루어▶우럭 - 릴찌/ 원투,34-50-2.8N,128-0-38.7E,,경상남도 남해군
243,POINT (947481.510564958 1501191.98146394),제주도 북동부·우도,산호샤홍조단괴해수욕장앞해상,7.9~13.3,암,들물/날물,▶참돔 - 부력/ 잠수▶돌돔 - 민장대/ 릴찌/ 원투▶볼락 - 루어/ 릴찌/ 장대▶벵에돔 - 목줄/ 장대/ 부력/ 잠수▶무늬오징어 - 에깅▶독가시치 - 목줄/ 장대/ 부력/ 잠수,33-30-04.7N,126-56-04.5E,,제주특별자치도 제주시
244,POINT (849444.1790021871 1581399.78761792),거차수도 부근,명도부근해상,23.5~28.5m,암,1물~4물,▶ 참돔  -  부력/ 잠수▶ 감성돔  -  릴찌/ 장대/ 원투▶ 돌돔  -  릴찌/ 장대/ 원투▶ 우럭  -  릴찌/ 원투▶ 농어  -  루어/ 릴찌▶ 부시리  -  부력/ 잠수/ 지깅,34-12-54.390N,125-51-56.298E,,전라남도 진도군
245,POINT (1028151.85321859 1607933.21079052),연도,신강서인근해상,26~29.5m,암,초들물/ 초날물/ 조금 전·후,▶ 참돔  -  부력/ 잠수▶ 감성돔  -  릴찌/ 장대/ 원투▶ 볼락  -  릴찌/ 장대/ 루어▶ 농어/  삼치  -  루어/ 릴찌▶ 돌돔  -  민장대/ 릴찌/ 원투▶ 갑오징어  -  에깅,34-27-53.656N,127-48-23.491E,,전라남도 여수시
246,POINT (1026878.47836397 1605291.33301939),연도,땅포앞인근해상,9.7~23.5m,암,초들물/ 초날물/ 조금 전·후,▶ 참돔  -  부력/ 잠수▶ 감성돔  -  릴찌/ 장대/ 원투▶ 볼락  -  릴찌/ 장대/ 루어▶ 농어/  삼치  -  루어/ 릴찌▶ 돌돔  -  민장대/ 릴찌/ 원투▶ 갑오징어  -  에깅,34-26-28.009N,127-47-33.279E,,전라남도 여수시
247,POINT (790733.493840483 1635941.65702661),홍도,공작새바위인근,26~31m,암,조금 전후,▶ 참돔  -  부력/ 잠수▶ 돌돔  -  릴찌/ 장대/ 원투▶ 감성돔  -  릴찌/ 장대/ 원투▶ 우럭  -  릴찌/ 원투▶ 농어  -  루어/ 릴찌,34-41-47.207N,125-12-55.191E,,전라남도 신안군
248,POINT (884704.223875133 1732665.72045247),왕등도·위도,위도외조도부근,16m~19m,바위,중썰물~끝썰물,▶감성돔 - 릴찌/ 장대/ 원투 ▶넙치 - 루어/ 원투▶노래미 - 루어/ 릴찌/ 장대/ 원투 ▶농어 - 루어/ 릴찌▶숭어 - 릴찌/ 장대/ 훌치기 ▶우럭 - 릴찌/ 원투,35-35-00.0N,126-13-38.8E,,전라북도 부안군
249,POINT (1122525.84585486 1670396.46088181),가덕도,대항새바지에서누릉여사이해상,10.0~11.6,암,5물~9물,▶볼락 - 릴찌/ 장대/ 루어▶고등어 - 루어/ 릴찌/ 장대▶벵에돔 - 목줄/ 장대/ 부력/ 잠수▶볼락 - 릴찌/ 장대/ 루어▶학꽁치 - 릴찌/ 장대▶감성돔 - 릴찌/ 장대/ 원투,35-01-16.1N,128-50-34.9E,,부산광역시 강서구
250,POINT (888041.420899986 1553719.19617784),추자군도,대서리인근해상,28.5~29.5m,암,조금 전후/ 1~4물,▶ 감성돔  -  릴찌/ 장대/ 원투▶ 벵에돔 - 목줄/ 장대/ 부력/ 잠수▶ 참돔  -  부력/ 잠수▶ 돌돔 - 민장대/ 릴찌/ 원투▶ 볼락 - 릴찌/ 장대/ 루어▶ 부시리 - 부력/ 잠수/ 지깅,33-58-13.393N,126-17-17.150E,,제주특별자치도 제주시
251,POINT (940092.321583417 1589251.76153109),신지도,신지도최남단앞바다,13.5m~18m,펄/ 조개껍질,사리 전·후,▶감성돔 - 릴찌/ 장대/ 원투 ▶돌돔 - 릴찌/ 장대/ 원투▶볼락 - 루어/ 릴찌/ 장대 ▶붕장어 - 원투▶우럭 - 릴찌/ 원투 ▶참돔 - 부력/ 잠수 ▶학공치 - 릴찌/ 장대,34-17-42.3N,126-50-56.5E,,전라남도 완도군
252,POINT (1027377.15009711 1649784.5104734),남해도 북부,남상리앞바다,21.7~22.4,암,초들물~중날,▶참돔 - 부력/ 잠수▶농어 - 루어/ 릴찌▶노래미 - 루어/ 릴찌/ 장대/ 원투▶볼락 - 릴찌/ 장대/ 루어▶우럭 - 릴찌/ 원투,34-50-32.4N,127-47-58.0E,,경상남도 남해군
253,POINT (892925.110687998 1553414.40408517),추자군도,하추자도북측해상,31~32m,암/ 자갈,조금 전후/ 1~4물,▶ 감성돔  -  릴찌/ 장대/ 원투▶ 벵에돔 - 목줄/ 장대/ 부력/ 잠수▶ 참돔  -  부력/ 잠수▶ 돌돔 - 민장대/ 릴찌/ 원투▶ 볼락 - 릴찌/ 장대/ 루어▶ 부시리 - 부력/ 잠수/ 지깅,33-58-05.332N,126-20-27.559E,,제주특별자치도 제주시
254,POINT (867501.0351490431 1651616.25856216),자은도,원도부근,10~16.3,암,초들물~중날,▶감성돔 - 릴찌/ 장대/ 원투▶숭어 - 릴찌/ 장대/ 홀치기▶농어 - 루어/ 릴찌,34-51-02.1N,126-03-02.4E,,전라남도 신안군
255,POINT (1102544.1092012 1668451.88706098),칠천도·가조도,황덕도부근해상,6.0~13,펄,초들물~중날물,▶감성돔 - 릴찌/ 장대/ 원투▶노래미 - 루어/ 릴찌/ 장대/ 원투▶갑오징어 - 에깅▶도다리 - 원투▶볼락 - 릴찌/ 장대/ 루어,35-00-21.0N,128-37-25.7E,,경상남도 거제시
256,POINT (906494.79511994 1750346.87635847),십이동파도·비안도,비안도두리도부근,4.3m~5.1m,가는 모래,들물 전·후,▶넙치 - 루어/ 원투 ▶노래미 - 루어/ 릴찌/ 장대/ 원투▶농어 - 루어/ 릴찌 ▶붕장어 - 원투▶우럭 - 릴찌/ 원투,35-44-42.1N,126-27-57.1E,,전라북도 군산시
257,POINT (814393.882492017 1580906.93811592),만재도,만재도동측선상,12~20m,암,조금 전후,▶ 돌돔 - 릴찌/ 장대/ 원투▶ 참돔 - 부력/ 잠수▶ 감성돔 - 릴찌/ 장대/ 원투▶ 우럭 - 릴찌/ 원투▶ 광어 - 릴찌/ 원투▶ 농어 - 루어/ 릴찌▶ 볼락 - 릴찌/ 장대/ 루어▶ 문어 - 루어,34-12-18.027N,125-29-07.592E,,전라남도 신안군
258,POINT (874860.464134911 1586861.70224025),독거군도 부근,슬도북쪽해상,23~28.5m,암,1물~4물,▶ 참돔  -  부력/ 잠수▶ 감성돔  -  릴찌/ 장대/ 원투▶ 돌돔  -  릴찌/ 장대/ 원투▶ 광어 - 릴찌/ 원투▶ 농어  -  루어/ 릴찌,34-16-03.789N,126-08-26.443E,,전라남도 진도군
259,POINT (1027830.38410499 1614824.09131067),금오도·안도,배다서부근,27m~32m,펄,조금 전·후,▶감성돔 -릴찌/ 장대/ 원투 ▶돌돔 - 릴찌/ 장대/ 원투▶벵에돔 - 목줄/ 장대/ 부력/ 잠수 ▶볼락 - 루어/ 릴찌/ 장대▶우럭 -릴찌/ 원투 ▶참돔 - 부력/ 잠수 ▶학공치 - 릴찌/ 장대,34-31-37.4N,127-48-11.7E,,전라남도 여수시
260,POINT (895225.736006807 1916292.37304081),자월도,월암두(부근여)부근,13m~17m,조개껍질/ 펄,들물/ 날물,▶농어 - 루어/ 릴찌 ▶우럭 - 릴찌/ 원투,37-14-22.6N,126-19-07.5E,,인천광역시 옹진군
261,POINT (906171.3302432231 1929875.47663374),무의도,해녀도부근해상,2.3~3.6,펄/ 모래,중들물~중날물,▶숭어 - 릴찌/ 장대/ 홀치기▶노래미 - 루어/ 릴찌/ 장대/ 원투▶붕장어 - 원투▶우럭 - 릴찌/ 원투▶삼치 - 루어/ 릴찌▶주꾸미 - 릴찌/ 원투,37-21-47.5N,126-26-25.5E,,인천광역시 중구
262,POINT (1021433.62346084 1622788.04515061),돌산도,신기마을앞노란색부표부근,7.9~22,펄,초들물~중날물,▶참돔 - 부력/ 잠수▶농어 - 루어/ 릴찌▶노래미 - 루어/ 릴찌/ 장대/ 원투▶볼락 - 릴찌/ 장대/ 루어▶우럭 - 릴찌/ 원투▶붕장어 - 원투,34-35-56.5N,127-44-01.5E,,전라남도 여수시
263,POINT (814832.97408745 1581546.52368828),만재도,국도북측선상,25~28m,암,조금 전후,▶ 돌돔 - 릴찌/ 장대/ 원투▶ 참돔 - 부력/ 잠수▶ 감성돔 - 릴찌/ 장대/ 원투▶ 우럭 - 릴찌/ 원투▶ 광어 - 릴찌/ 원투▶ 농어 - 루어/ 릴찌▶ 볼락 - 릴찌/ 장대/ 루어▶ 문어 - 루어,34-12-39.061N,125-29-24.247E,,전라남도 신안군
264,POINT (1018721.64979025 1655572.39144483),광양만 부근,여수대교부근,9.7~13m,암,5물~10물,▶ 붕장어  -  원투▶ 망둥어  -  릴찌/ 장대▶ 숭어  -  릴찌/ 장대/ 훌치기▶ 감성돔  -  릴찌/ 장대/ 원투▶ 농어  -  루어/ 릴찌▶ 노래미  -  루어/ 릴찌/ 장대/ 원투▶ 볼락  -  릴찌/ 장대/ 루어▶ 도다리  -  원투,34-53-41.000N,127-42-17.650E,,전라남도 광양시
265,POINT (1047114.15311957 1658958.36988447),남해도 동부·신수도·창선도,후박방파제앞해상,6.4~11.7,펄/ 모래,초들물~중날물,▶참돔 - 부력/ 잠수▶농어 - 루어/ 릴찌▶노래미 - 루어/ 릴찌/ 장대/ 원투▶볼락 - 릴찌/ 장대/ 루어▶우럭 - 릴찌/ 원투,34-55-27.6N,128-00-57.0E,,경상남도 남해군
266,POINT (812512.7256985119 1581865.31842097),만재도,만재도서측선상,10.5~14m,암,조금 전후,▶ 돌돔 - 릴찌/ 장대/ 원투▶ 참돔 - 부력/ 잠수▶ 감성돔 - 릴찌/ 장대/ 원투▶ 우럭 - 릴찌/ 원투▶ 광어 - 릴찌/ 원투▶ 농어 - 루어/ 릴찌▶ 볼락 - 릴찌/ 장대/ 루어▶ 문어 - 루어,34-12-47.910N,125-27-53.380E,,전라남도 신안군
267,POINT (896287.518418898 1968719.63886489),석모도,선모도부근해상,-0.8~0.6,펄,초들물~중날물,▶농어 - 루어/ 릴찌▶숭어 - 릴찌/ 장대/ 홀치기▶우럭 - 릴찌/ 원투▶망둥어 - 릴찌/ 장대,37-42-43.9N,126-19-24.0E,,인천광역시 강화군
301,POINT (1091841.59704977 1664141.52241572),칠천도·가조도,마당서부근해상,15.3~16.7,펄,초들물~중날물,▶감성돔 - 릴찌/ 장대/ 원투▶노래미 - 루어/ 릴찌/ 장대/ 원투▶갑오징어 - 에깅▶도다리 - 원투▶볼락 - 릴찌/ 장대/ 루어,34-58-04.8N,128-30-21.8.E,,경상남도 거제시
268,POINT (1134435.12539107 1671909.95135662),부산항 부근,몰운대전망대해상,11.7~15m,펄,조금전후/ 1물~5물,▶ 쥐노래미 - 루어/ 릴찌/ 장대/ 원투▶ 고등어 - 장대/ 릴찌/ 루어▶ 벵에돔 - 목줄/ 장대/ 부력/ 잠수▶ 숭어 - 릴찌/ 장대/ 훌치기▶ 감성돔 - 릴찌/ 장대/ 원투▶ 참돔 - 부력/ 잠수▶ 부시리 - 부력/ 잠수/ 지깅▶ 학꽁치 - 릴찌/  장대▶ 볼락 - 릴찌/ 장대/ 루어▶ 우럭 - 릴찌/ 원투▶ 농어 - 루어/ 릴찌,35-01-59.763N,128-58-25.593E,,부산광역시 영도구
269,POINT (902333.357136048 1948742.96128164),시도,부도부근해상,-3.0~1.7,자갈/ 모래,초들물~중날물,▶숭어 - 릴찌/ 장대/ 홀치기▶노래미 - 루어/ 릴찌/ 장대/ 원투▶붕장어 - 원투▶우럭 - 릴찌/ 원투▶삼치 - 루어/ 릴찌▶주꾸미 - 릴찌/ 원투/ 장대,37-31-58.2N,126-23-40.5E,,인천광역시 옹진군
270,POINT (959804.912415883 1577916.41017921),황제도,알매섬해상,22~30m,암,조금 전후/ 2~3물,▶ 감성돔  -  릴찌/ 장대/ 원투▶ 참돔  -  부력/ 잠수▶ 돌돔  -  릴찌/ 장대/ 원투▶ 농어  -  루어/ 릴찌▶ 광어  -  릴찌/ 원투▶ 볼락  -  릴찌/ 장대/ 루어,34-11-37.711N,127-03-49.503E,,전라남도 완도군
271,POINT (1073548.80937844 1639370.46921961),추도 부근,개바위끝부근,21~23.5m,암,6물~8물,▶ 볼락 - 릴찌/ 장대/ 루어▶ 우럭 - 릴찌/ 원투▶ 주꾸미 - 릴찌/ 원투▶ 광어 - 릴찌/ 원투▶ 감성돔 - 릴찌/ 장대/ 원투▶ 벵에돔 - 목줄/ 장대/ 부력/ 잠수▶ 참돔 - 부력/ 잠수,34-44-46.104N,128-18-12.660E,,경상남도 통영시
272,POINT (889972.9275023671 1910355.21384553),이작도·승봉도,오형제바위앞바다,13m~22m,펄,,▶넙치 - 루어/ 원투 ▶노래미 - 루어/ 릴찌/ 장대/ 원투▶농어 - 루어/ 릴찌 ▶숭어 - 릴찌/ 장대/ 훌치기 ▶우럭 - 릴찌/ 원투,37-11-07.8N,126-15-37.5E,,인천광역시 옹진군
273,POINT (864509.5867704761 1790920.94234383),어청도·연도,어청도가진서부근,22m~30m,모래,들물/ 날물,▶넙치 - 루어/ 원투 ▶농어 - 루어/ 릴찌▶돌돔 - 릴찌/ 장대/ 원투 ▶방어 - 부력/ 잠수/ 지깅,36-06-21.0N,125-59-41.0E,,전라북도 군산시
274,POINT (993988.92677094 1610992.56326844),나로도,숨은여부근,5m~7m,모래,초들물~만조,▶감성돔 - 릴찌/ 장대/ 원투 ▶농어 - 루어/ 릴찌▶도다리 - 원투 ▶볼락 - 루어/ 릴찌/ 장대▶숭어 - 릴찌/ 장대/ 훌치기 ▶학공치 - 릴찌/ 장대,34-29-34.3N,127-26-04.3E,,전라남도 고흥군
275,POINT (1095779.58041503 1628403.88700121),비진도·매물도,대매물도가익도부근,43m~47m,펄/ 모래/ 조개껍질,조금 전·후,▶감성돔 - 릴찌/ 장대/ 원투 ▶돌돔 - 릴찌/ 장대/ 원투▶볼락 - 루어/ 릴찌/ 장대 ▶우럭 - 릴찌/ 원투▶벵에돔 - 목줄/ 장대/ 부력/ 잠수 ▶참돔 - 부력/ 잠수,34-38-43.5N,128-32-42.4E,,경상남도 통영시
276,POINT (861856.0463970611 1897360.25902482),백아도·굴업도,백아도오도부근,6.2m~10m,펄,1~3물/ 조금 전·후,▶넙치 - 루어/ 원투 ▶노래미 - 루어/ 릴찌/ 장대/ 원투▶농어 - 루어/ 릴찌 ▶붕장어 - 원투 ▶우럭 - 릴찌/ 원투,37-03-52.8N,125-56-46.1E,백아도 기차바위 부근/ 백아도 서쪽 곶부리/ 굴업도 마을 북쪽  갯바위 포인트는 진입이 어려워 낚싯배 및 등산로를 이용해야하고 갯바위가 협소하므로 초보자는 안전에 주의해야 한다.,인천광역시 옹진군
277,POINT (1108870.20133785 1637603.85660784),거제도 남부,갈곶도부근,38m~55m,자갈/ 조개껍질,조금 전·후,▶감성돔 - 릴찌/ 장대/ 원투 ▶돌돔 - 릴찌/ 장대/ 원투▶벵에돔 - 목줄/ 장대/ 부력/ 잠수 ▶우럭 - 릴찌/ 원투▶볼락 - 루어/ 릴찌/ 장대 ▶참돔 - 부력/ 잠수,34-43-37.4N,128-41-20.8E,,경상남도 거제시
278,POINT (892382.226455564 1907648.64724621),이작도·승봉도,송곳부리앞바다,8.4m~10m,모래/ 펄/ 조개껍질,,▶넙치 - 루어/ 원투 ▶노래미 - 루어/ 릴찌/ 장대/ 원투▶농어 - 루어/ 릴찌 ▶숭어 - 릴찌/ 장대/ 훌치기 ▶우럭 - 릴찌/ 원투,37-09-41.0N,126-17-16.6E,,인천광역시 옹진군
279,POINT (885316.5822634131 1776533.74677251),십이동파도·비안도,십이동파도소금도남서측바다,27m~29.3m,펄/ 조개껍질,들물 전·후,▶감성돔 - 릴찌/ 장대/ 원투 ▶갑오징어 - 에깅▶넙치 - 루어/ 원투 ▶노래미 - 루어/ 릴찌/ 장대/ 원투▶농어 - 루어/ 릴찌 ▶우럭 - 릴찌/ 원투 ▶참돔 - 부력/ 잠수,35-58-43.8N,126-13-40.5E,,전라북도 군산시
280,POINT (900242.987302026 1759539.1064594),선유도·무녀도·장자도·신시도,광서부근,6m~8m,자갈/ 조개껍질,조금 전·후,▶넙치 - 루어/ 원투 ▶노래미 - 루어/ 릴찌/ 장대/ 원투▶농어 - 루어/ 릴찌 ▶붕장어 - 원투▶삼치 - 루어/ 릴찌 ▶우럭 - 릴찌/ 원투 ▶양태 - 루어/ 릴찌,35-49-38.2N,126-23-44.1E,,전라북도 군산시
281,POINT (889548.850186258 1908107.60943814),이작도·승봉도,작은풀안해수욕장앞바다,17m~20m,모래/ 펄,,▶넙치 - 루어/ 원투 ▶노래미 - 루어/ 릴찌/ 장대/ 원투▶농어 - 루어/ 릴찌 ▶숭어 - 릴찌/ 장대/ 훌치기 ▶우럭 - 릴찌/ 원투,37-09-54.7N,126-15-21.5E,,인천광역시 옹진군
282,POINT (871002.059198012 1804778.18797538),호도·녹도·외연도,흑서부근,14m~16m,펄,조금 전·후,▶감성돔 - 릴찌/ 장대/ 원투 ▶갑오징어 - 에깅▶넙치 - 루어/ 원투 ▶노래미 - 루어/ 릴찌/ 장대/ 원투▶농어 - 루어/ 릴찌 ▶우럭 - 릴찌/ 원투 ▶참돔 - 부력/ 잠수,36-13-53.8N,126-03-52.4E,,충청남도 보령시
283,POINT (976118.953330575 1612037.79161408),거금도,감등서부근,18m~23m,펄,초들물,▶감성돔 - 릴찌/ 장대/ 원투 ▶농어 - 루어/ 릴찌▶도다리 - 원투 ▶돌돔 - 릴찌/ 장대/ 원투▶붕장어 - 원투 ▶숭어 - 릴찌/ 장대/ 훌치기 ▶우럭 - 릴찌/ 원투,34-30-07.3N,127-14-23.5E,,전라남도 고흥군
284,POINT (1089692.30631966 1659612.82031183),거제도 북서부,수도부근,15m~17m,펄,조금 전·후,▶감성돔 - 릴찌/ 장대/ 원투 ▶고등어 - 루어/ 릴찌/ 장대▶돌돔 - 릴찌/ 장대/ 원투 ▶보리멸 - 원투▶살오징어 - 에깅 ▶볼락 - 루어/ 릴찌/ 장대 ▶참돔 - 부력/ 잠수,34-55-38.5N,128-28-55.3E,,경상남도 거제시
302,POINT (778481.217193135 1570605.62650236),가거도,두억서부근해상,11.2~17.9,암,초들물~중날물,▶감성돔 - 릴찌/ 장대/ 원투▶노래미 - 루어/ 릴찌/ 장대/ 원투▶참돔 - 릴찌▶농어 - 루어▶볼락 - 릴찌/ 장대/ 루어▶우럭 - 루어/ 릴찌/ 장대/ 원투▶돌돔 - 릴찌 ▶부시리 - 루어,34-06-18.6N,125-05-54.8E,,전라남도 신안군
285,POINT (855816.858103856 1645543.29753197),비금도·도초도,우세도부근,7m~10m,펄,날물,▶감성돔 - 릴찌/ 장대/ 원투 ▶농어 - 루어/ 릴찌▶돌돔 - 릴찌/ 장대/ 원투 ▶볼락 - 루어/ 릴찌/ 장대▶붕장어 - 원투 ▶우럭 - 릴찌/ 원투 ▶참돔 - 부력/ 잠수,34-47-39.3N,125-55-26.2E,비금도 용머리 바위/ 비금도 통섭바위 부근/ 도초도 지남리 남쪽 곶부리/ 도초도 문바위 부근 포인트는 보팅 및 낚싯배로 진입해야 하고 산세가 가파르며 낚시자리가 좁고 미끄러운 곳이 많아 다른 사람과 부딪히거나 미끄러지지 않게 주의해야 한다.,전라남도 신안군
286,POINT (873348.5749765391 1738872.15840949),왕등도·위도,하왕등도서쪽바다,28m~34m,펄,조금 전·후,▶감성돔 - 릴찌/ 장대/ 원투 ▶넙치 - 루어/ 원투▶농어 - 루어/ 릴찌 ▶돌돔 - 릴찌/ 장대/ 원투▶붕장어 - 원투 ▶우럭 - 릴찌/ 원투 ▶참돔 - 부력/ 잠수,35-38-16.4N,126-06-04.2E,왕등도와 방파제 외에 갯바위 포인트와 위도 철탑 부근/ 위도 모여 부근 갯바위 포인트는 진입이 어렵고/  갯바위가 협소하므로 초보자는 안전에 주의해야 한다.,전라북도 부안군
287,POINT (913155.368684082 1899811.66738313),입파도·국화도,입파도남서측바다,31m~34m,펄/ 모래,조금 전·후,▶넙치 - 루어/ 원투 ▶노래미 - 루어/ 릴찌/ 장대/ 원투▶도다리 - 원투 ▶붕장어 - 원투▶우럭 - 릴찌/ 원투,37-05-34.5N,126-31-22.0E,,경기도 화성시
288,POINT (946309.2000829561 1501959.16240361),제주도 북동부·우도,종달리포구앞해상,11.7~16.9,암,들물/날물,▶참돔 - 부력/ 잠수▶돌돔 - 민장대/ 릴찌/ 원투▶볼락 - 루어/ 릴찌/ 장대▶벵에돔 - 목줄/ 장대/ 부력/ 잠수▶무늬오징어 - 에깅▶독가시치 - 목줄/ 장대/ 부력/ 잠수,33-30-29.4N,126-55-18.9E,,제주특별자치도 제주시
289,POINT (1051903.84479745 1651899.05378848),남해도 동부·신수도·창선도,적량마을앞해상,3.5~16.4,암,초들물~중날물,▶볼락 - 릴찌/ 장대/ 루어▶고등어 - 루어/ 릴찌/ 장대▶벵에돔 - 목줄/ 장대/ 잠수▶볼락 - 릴찌/ 장대/ 루어▶고등어 - 루어/ 릴찌/ 장대▶벵에돔 - 목줄/ 장대/ 부력,34-51-37.6N,128-04-04.2E,,경상남도 남해군
290,POINT (896709.663952138 1647925.39898324),압해도,압해도선착장앞해상,12.9~19.6,펄,초들물~중날물,▶감성돔 - 릴찌/ 장대/ 원투 ▶노래미 - 루어/ 릴찌/ 장대/ 원투 ▶농어 - 루어/ 릴찌▶볼락 - 릴찌/ 장대/ 루어 ▶붕장어 - 원투 ▶우럭 - 릴찌/ 원투,34-49-14.5N,126-22-14.0E,,전라남도 신안군
291,POINT (855418.48581245 1582640.80576275),거차수도 부근,동거차해수욕장해상,23~24.5m,암,1물~4물,▶ 참돔  -  부력/ 잠수▶ 감성돔  -  릴찌/ 장대/ 원투▶ 돌돔  -  릴찌/ 장대/ 원투▶ 우럭  -  릴찌/ 원투▶ 농어  -  루어/ 릴찌▶ 부시리  -  부력/ 잠수/ 지깅,34-13-37.716N,125-55-48.947E,,전라남도 진도군
306,POINT (875873.005686549 1585607.81447684),독거군도 부근,소슬도해상,22.5~23m,암,1물~4물,▶ 참돔  -  부력/ 잠수▶ 감성돔  -  릴찌/ 장대/ 원투▶ 돌돔  -  릴찌/ 장대/ 원투▶ 광어 - 릴찌/ 원투▶ 농어  -  루어/ 릴찌,34-15-23.528N,126-09-06.678E,,전라남도 진도군
292,POINT (874987.2384059919 1741446.85025521),왕등도·위도,상왕등도대구섬부근,17m~23m,가는 모래/ 펄,조금 전·후,▶감성돔 - 릴찌/ 장대/ 원투 ▶넙치 - 루어/ 원투▶농어 - 루어/ 릴찌 ▶돌돔 - 릴찌/ 장대/ 원투▶붕장어 - 원투 ▶우럭 - 릴찌/ 원투 ▶참돔 - 부력/ 잠수,35-39-40.7N,126-07-07.9E,,전라북도 부안군
293,POINT (903361.9557762721 1788707.65687384),어청도·연도,연도북서쪽부근,10m~14m,모래,들물/ 날물,▶감성돔 - 릴찌/ 장대/ 원투 ▶넙치 - 루어/ 원투▶농어 - 루어/ 릴찌 ▶보구치 - 원투▶우럭 - 릴찌/ 원투 ▶장대 - 루어/ 릴찌,36-05-25.9N,126-25-35.6E,,전라북도 군산시
294,POINT (932257.980596869 1573136.64469423),청산도·대모도,불근도부근,24m~30m,펄,4물~사리,▶감성돔 - 릴찌/ 장대/ 원투 ▶농어 - 루어/ 릴찌▶노래미 - 루어/ 릴찌/ 장대/ 원투 ▶우럭 - 릴찌/ 원투▶볼락 - 루어/ 릴찌/ 장대 ▶참돔 - 부력/ 잠수,34-08-57.4N,126-45-54.6E,,전라남도 완도군
295,POINT (886883.236911815 1465454.19570616),제주도 남서부·가파도·마라도,광포란부근해상,12.2~18.9,암,들물/썰물,▶벵에돔 - 목줄/ 장대/ 잠수▶농어 - 루어/ 릴찌▶자리돔 - 민장대/ 릴찌▶볼락 - 루어/ 릴찌/ 장대▶한치 - 루어/ 원투▶참돔 - 부력/ 잠수▶부시리 - 부력/ 잠수/ 지깅,33-10-27.6N,126-17-12.3E,,제주특별자치도 서귀포시
296,POINT (877686.1740851881 1632454.59234685),장산도,신도부근,0.3~4.9,암,조금전후,▶감성돔 - 릴찌/ 장대/ 원투▶붕장어 - 원투▶농어 - 루어/ 릴찌,34-40-44.8N,126-09-53.4E,,전라남도 신안군
297,POINT (1103602.44239449 1669905.79578253),칠천도·가조도,수야방도서측해상,7.0~10.2,펄,초들물~중날물,▶감성돔 - 릴찌/ 장대/ 원투▶노래미 - 루어/ 릴찌/ 장대/ 원투▶갑오징어 - 에깅▶도다리 - 원투▶볼락 - 릴찌/ 장대/ 루어,35-01-07.8N,128-38-08.1E,,경상남도 거제시
298,POINT (1091407.0020387 1663219.04935133),칠천도·가조도,돌끝여부근해상,15.4~18.4,펄,초들물~중날물,▶감성돔 - 릴찌/ 장대/ 원투▶노래미 - 루어/ 릴찌/ 장대/ 원투▶갑오징어 - 에깅▶도다리 - 원투▶볼락 - 릴찌/ 장대/ 루어,34-57-35.0N,128-30-04.3E,,경상남도 거제시
299,POINT (1064484.55202964 1633594.11391327),두미도,남구마을남측해상,5.4~10.0,펄,상관없음,▶감성돔 - 릴찌/ 장대/ 원투▶벵에돔 - 목줄/ 장대/ 부력/ 잠수▶노래미 - 루어/ 릴찌/ 장대/ 원투▶참돔 - 부력/ 잠수▶농어 - 루어/ 릴찌▶볼락 - 릴찌/ 장대/ 루어,34-41-40.8N,128-12-14.6E,,경상남도 통영시
300,POINT (948096.469905671 1499433.14253981),제주도 북동부·우도,천진항앞해상,12.0~12.4,암,들물/날물,▶참돔 - 부력/ 잠수▶돌돔 - 민장대/ 릴찌/ 원투▶볼락 - 루어/ 릴찌/ 장대▶벵에돔 - 목줄/ 장대/ 부력/ 잠수▶무늬오징어 - 에깅▶독가시치 - 목줄/ 장대/ 부력/ 잠수,33-29-07.7N,126-56-28.7,,제주특별자치도 제주시
303,POINT (873497.570012863 1853991.0008046),가의도,남측곶부리앞해상,14.4~18.9,암,상관없음,▶우럭 - 릴찌/ 원투▶노래미 - 루어/ 릴찌/ 장대/ 원투▶고등어 - 루어/ 릴찌/ 장대▶광어 - 릴찌/ 원투▶주꾸미 - 릴찌/ 원투/ 장대▶학꽁치 - 릴찌/ 장대,36-40-31.7N,126-05-03.4E,,충청남도 태안군
304,POINT (1152176.6476286 1685281.51000746),수영만 부근,앞산초인근해상,8.2~9.7m,암,6물~8물,▶ 도다리 - 원투▶ 붕장어 - 원투▶ 학꽁치 - 릴찌/ 장대▶ 무늬오징어 - 에깅▶ 망상어 - 민장대/ 릴찌,35-09-04.586N,129-10-14.373E,,부산광역시 남구
305,POINT (995027.983158491 1584651.44058618),간수제도,소평도해상,12.6~29.5m,펄,사리를 피한 조금 이후,▶ 감성돔  -  릴찌/ 장대/ 원투▶ 참돔  -  부력/ 잠수▶ 돌돔  -  릴찌/ 장대/ 원투▶ 우럭  -  릴찌/ 원투▶ 노래미  -  루어/ 릴찌/ 장대/ 원투▶ 농어  -  루어/ 릴찌▶ 숭어  -  릴찌/ 장대/ 훌치기▶ 삼치  -  루어/ 릴찌▶ 문어  -  루어,34-15-19.126N,127-26-45.592E,,전라남도 여수시
307,POINT (1032609.00972927 1637269.84517828),여수엑스포 부근,향촌마을부근,19.5~28m,암,조금,▶ 벵에돔  -  목줄/ 장대/ 부력/ 잠수▶ 참돔  -  부력/ 잠수▶ 돌돔  -  릴찌/ 장대/ 원투▶ 감성돔  -  릴찌/ 장대/ 원투▶ 농어  -  루어/ 릴찌,34-43-45.577N,127-51-22.258E,,전라남도 여수시
308,POINT (1086662.19806101 1675689.47249295),당항포 부근,카페이안펜션해상,13.7~17m,펄/ 모래,조금전후,▶ 도다리 - 원투▶ 노래미 - 루어/ 릴찌/ 장대/ 원투▶ 볼락 - 릴찌/ 장대/ 루어▶ 감성돔 - 릴찌/ 장대/ 원투▶ 갑오징어 - 에깅,35-04-21.27N,128-27-01.91E,,경상남도 고성군
309,POINT (962142.6804810511 1577481.94952324),황제도,맞담해상,15.2~16m,모래/ 조개껍질,조금 전후/ 2~3물,▶ 감성돔  -  릴찌/ 장대/ 원투▶ 참돔  -  부력/ 잠수▶ 돌돔  -  릴찌/ 장대/ 원투▶ 농어  -  루어/ 릴찌▶ 광어  -  릴찌/ 원투▶ 볼락  -  릴찌/ 장대/ 루어,34-11-23.921N,127-05-20.910E,,전라남도 완도군
310,POINT (892928.865817042 1555491.74082701),추자군도,흑검도앞해상,8~26m,암,조금 전후/ 1~4물,▶ 감성돔  -  릴찌/ 장대/ 원투▶ 벵에돔 - 목줄/ 장대/ 부력/ 잠수▶ 참돔  -  부력/ 잠수▶ 돌돔 - 민장대/ 릴찌/ 원투▶ 볼락 - 릴찌/ 장대/ 루어▶ 부시리 - 부력/ 잠수/ 지깅,33-59-12.767N,126-20-26.790E,,제주특별자치도 제주시
311,POINT (1079829.51324547 1628132.74857631),연화도 부근,연화도방파제인근해상,12~18.3m,암,초들물/ 초날물/ 5물~6물/ 조금,▶ 참돔 - 부력/ 잠수▶ 감성돔 - 릴찌/ 장대/ 원투▶ 볼락 - 릴찌/ 장대/ 루어▶ 벵에돔 - 목줄/ 장대/ 부력/ 잠수▶ 농어 - 루어/ 릴찌,34-38-39.621N,128-22-15.830E,,경상남도 통영시
312,POINT (865160.643795564 1792593.69906711),어청도·연도,어청도한우담앞바다,41m~47m,모래,들물/ 날물,▶농어 - 루어/ 릴찌 ▶노래미 - 루어/ 릴찌/ 장대/ 원투▶돌돔 - 릴찌/ 장대/ 원투 ▶우럭 - 릴찌/ 원투,36-07-15.6N,126-00-06.0E,,전라북도 군산시
313,POINT (901692.306060074 1933514.69851984),무의도,실미도남서측해상,-1.0~1.0,펄/ 모래,중들물~중날물,▶숭어 - 릴찌/ 장대/ 홀치기▶삼치 - 루어/ 릴찌▶주꾸미 - 릴찌/ 원투▶노래미 - 루어/ 릴찌/ 장대/ 원투▶붕장어 - 원투,37-23-43.9N,126-23-21.7E,,인천광역시 중구
314,POINT (875756.5518496 1912787.96710539),덕적도·소야도,감증탄부근,6m~10m,바위,조금 전·후,▶넙치 - 루어/ 원투 ▶노래미 - 루어/ 릴찌/ 장대/ 원투▶농어 - 루어/ 릴찌 ▶붕장어 - 원투 ▶우럭 - 루어/ 릴찌,37-12-20.3N,126-05-59.6E,,인천광역시 옹진군
315,POINT (916756.117743743 1898422.42168736),입파도·국화도,국화도북동측바다,24.5m~30m,모래,조금 전·후,▶넙치 - 루어/ 원투 ▶노래미 - 루어/ 릴찌/ 장대/ 원투▶도다리 - 원투 ▶붕장어 - 원투▶우럭 - 릴찌/ 원투,37-04-50.6N,126-33-48.4E,,경기도 화성시
316,POINT (911701.233882364 1580829.61501318),노화도·보길도·소안도,송도부근,6m~8.5m,펄,사리 전·후,▶감성돔 - 릴찌/ 장대/ 원투 ▶돌돔 - 릴찌/ 장대/ 원투▶벵에돔 - 목줄/ 장대/ 부력/ 잠수 ▶우럭 - 릴찌/ 원투▶볼락 - 루어/ 릴찌/ 장대 ▶참돔 - 부력/ 잠수,34-13-01.6N,126-32-29.1E,,전라남도 완도군
317,POINT (886412.658495693 1911878.97515274),이작도·승봉도,동백도동측앞바다,47m~50m,가는 모래,,▶노래미 - 루어/ 릴찌/ 장대/ 원투 ▶숭어 - 릴찌/ 장대/ 훌치기▶농어 - 루어/ 릴찌 ▶넙치 - 루어/ 원투 ▶우럭 - 릴찌/ 원투,37-11-55.7N,126-13-12.3E,,인천광역시 옹진군
318,POINT (906571.15545473 1892703.92085239),풍도·난지도,소난지도우모도부근,23m~24m,모래,만조/ 간조 전·후,▶넙치 - 루어/ 원투 ▶농어 - 루어/ 릴찌▶도다리 - 원투 ▶우럭 - 릴찌/ 원투▶붕장어 - 원투,37-01-41.6N,126-26-58.5E,,경기도 안산시
319,POINT (955604.787282203 1591959.05898287),금일도·생일도,낭도부근,1.8~2.5,암,초들물~중날물,▶감성돔 - 릴찌/ 장대/ 원투▶숭어 - 릴찌/ 장대/ 훌치기▶우럭 - 릴찌/ 원투▶노래미 - 루어/ 릴찌/ 장대/ 원투▶농어 - 루어/ 릴찌▶학꽁치 - 릴찌/ 장대▶볼락 - 루어/ 릴찌/ 장대▶붕장어 - 원투,34-19-13.0N,127-01-02.8E,,전라남도 완도군
320,POINT (877458.166464571 1586543.75621699),독거군도 부근,구도해상,26~27m,암,1물~4물,▶ 참돔  -  부력/ 잠수▶ 감성돔  -  릴찌/ 장대/ 원투▶ 돌돔  -  릴찌/ 장대/ 원투▶ 광어 - 릴찌/ 원투▶ 농어  -  루어/ 릴찌,34-15-54.584N,126-10-08.164E,,전라남도 진도군
321,POINT (898739.4548031851 1942470.23046188),돌산도,백포간출여주변해상,9.7~10.5,펄,초들물~중날물,▶참돔 - 부력/ 잠수▶농어 - 루어/ 릴찌▶노래미 - 루어/ 릴찌/ 장대/ 원투▶볼락 - 릴찌/ 장대/ 루어▶우럭 - 릴찌/ 원투▶붕장어 - 원투,37-28-33.3N,126-21-17.2E,,전라남도 여수시
322,POINT (1021128.35010164 1623736.06669886),돌산도,예교마을앞입표부근해상,8.7~12.8,펄,초들물~중날물,▶참돔 - 부력/ 잠수▶농어 - 루어/ 릴찌▶노래미 - 루어/ 릴찌/ 장대/ 원투▶볼락 - 릴찌/ 장대/ 루어▶우럭 - 릴찌/ 원투▶붕장어 - 원투,34-36-27.3N,127-43-49.6E,,전라남도 여수시
323,POINT (909668.365062203 1946314.38800156),시도,노랑섬서측간출암부근해상,-2.3~1.8,펄,초들물~중날물,▶숭어 - 릴찌/ 장대/ 홀치기▶노래미 - 루어/ 릴찌/ 장대/ 원투▶붕장어 - 원투▶우럭 - 릴찌/ 원투▶삼치 - 루어/ 릴찌▶주꾸미 - 릴찌/ 원투/ 장대,37-30-42.1N,126-28-40.4E,,인천광역시 옹진군
324,POINT (870627.53553238 1586780.47639146),독거군도 부근,죽항송도해상,13.4~17.7m,자갈/ 조개껍질,1물~4물,▶ 참돔  -  부력/ 잠수▶ 감성돔  -  릴찌/ 장대/ 원투▶ 돌돔  -  릴찌/ 장대/ 원투▶ 광어 - 릴찌/ 원투▶ 농어  -  루어/ 릴찌,34-15-59.286N,126-05-41.002E,,전라남도 진도군
325,POINT (890395.453182811 1550090.67629043),추자도,섬도남측해상,14.2~18.7,암,들물/썰물,▶감성돔 - 릴찌/ 장대/ 원투▶돌돔 - 민장대/ 릴찌/ 원투▶자리돔 - 장대/ 카드▶농어 - 루어/ 릴찌▶볼락 - 루어/ 릴찌/ 장대▶참돔 - 부력/ 잠수,33-56-16.5N,126-18-50.5E,,제주특별자치도 제주시
326,POINT (894995.1762580541 1556841.10145141),추자군도,가인서앞해상,25~29m,암,조금 전후/ 1~4물,▶ 감성돔  -  릴찌/ 장대/ 원투▶ 벵에돔 - 목줄/ 장대/ 부력/ 잠수▶ 참돔  -  부력/ 잠수▶ 돌돔 - 민장대/ 릴찌/ 원투▶ 볼락 - 릴찌/ 장대/ 루어▶ 부시리 - 부력/ 잠수/ 지깅,33-59-57.321N,126-21-46.729E,,제주특별자치도 제주시
327,POINT (932729.693808265 1509636.47736892),제주도 북동부·우도,김녕리앞해상,15.4~20.5,암,들물/날물,▶참돔 - 부력/ 잠수▶돌돔 - 민장대/ 릴찌/ 원투▶볼락 - 루어/ 릴찌/ 장대▶벵에돔 - 목줄/ 장대/ 부력/ 잠수▶무늬오징어 - 에깅▶독가시치 - 목줄/ 장대/ 부력/ 잠수,33-34-35.9.N,126-46-30.5E,,제주특별자치도 제주시
328,POINT (903311.932453389 1821980.57358433),원산도·삽시도,증도부근,3.8m~5.6m,모래,들물 전·후,▶감성돔 - 릴찌/ 장대/ 원투 ▶갑오징어 - 에깅▶넙치 - 루어/ 원투 ▶농어 - 루어/ 릴찌▶우럭 - 릴찌/ 원투 ▶주꾸미 - 루어,36-23-25.6N,126-25-18.8E,,충청남도 보령시
329,POINT (869329.039003276 1853184.33531705),가의도,단도부근해상,6.8~12.6,암,상관없음,▶우럭 - 릴찌/ 원투▶노래미 - 루어/ 릴찌/ 장대/ 원투▶고등어 - 루어/ 릴찌/ 장대▶광어 - 릴찌/ 원투▶주꾸미 - 릴찌/ 원투/ 장대▶학꽁치 - 릴찌/ 장대,36-40-03.5N,126-02-16.0E,,충청남도 태안군
