id,name,type,region,city,address,normalizedAddress,lat,lng,geocodingStatus,geocodingSource,sourceUrl,sourceCheckedAt,geocodingCheckedAt,geocodingNote
gangwon-donghae-pc-written-test,강원(동해)PC,written-test,강원,동해시,강원도 동해시 임항로 29 동해해양경찰서,,,,pending,,https://boat.kcg.go.kr/home/custCnter/ntcInfo/infoView4.do,2026-06-19,,
gangwon-sokcho-pc-written-test,강원(속초)PC,written-test,강원,속초시,강원도 속초시 동명항길 35 속초해양경찰서,,,,pending,,https://boat.kcg.go.kr/home/custCnter/ntcInfo/infoView4.do,2026-06-19,,
gyeonggi-gapyeong-special-written-test,경기(가평),written-test,경기,가평군,경기도 가평군 호반로 162,,,,pending,,https://boat.kcg.go.kr/home/custCnter/ntcInfo/infoView4.do,2026-06-19,,
gyeonggi-gimpo-pc-written-test,경기(김포)PC,written-test,경기,김포시,경기도 김포시 고촌읍 아라육로270번길 74,,,,pending,,https://boat.kcg.go.kr/home/custCnter/ntcInfo/infoView4.do,2026-06-19,,
gyeonggi-ansan-pc-written-test,경기(안산)PC,written-test,경기,안산시,경기도 안산시 단원구 대부황금로 1569 안산파출소,,,,pending,,https://boat.kcg.go.kr/home/custCnter/ntcInfo/infoView4.do,2026-06-19,,
gyeonggi-yeoju-special-written-test,경기(여주),written-test,경기,여주시,경기도 여주시 강변북로 163,,,,pending,,https://boat.kcg.go.kr/home/custCnter/ntcInfo/infoView4.do,2026-06-19,,
gyeonggi-pyeongtaek-pc-written-test,경기(평택)PC,written-test,경기,평택시,경기도 평택시 포승읍 서동대로437-27 평택해양경찰서,,,,pending,,https://boat.kcg.go.kr/home/custCnter/ntcInfo/infoView4.do,2026-06-19,,
gyeongnam-sacheon-pc-written-test,경남(사천)PC,written-test,경남,사천시,경상남도 사천시 용현면 시청1길 59 사천해양경찰서,,,,pending,,https://boat.kcg.go.kr/home/custCnter/ntcInfo/infoView4.do,2026-06-19,,
gyeongnam-changwon-pc-written-test,경남(창원)PC,written-test,경남,창원시,경상남도 창원시 마산합포구 신포동1가 86-2 창원해양경찰서,,,,pending,,https://boat.kcg.go.kr/home/custCnter/ntcInfo/infoView4.do,2026-06-19,,
gyeongnam-tongyeong-pc-written-test,경남(통영)PC,written-test,경남,통영시,경상남도 통영시 광도면 죽림2로 45 통영해양경찰서,,,,pending,,https://boat.kcg.go.kr/home/custCnter/ntcInfo/infoView4.do,2026-06-19,,
gyeongnam-hapcheon-special-written-test,경남(합천),written-test,경남,합천군,경상남도 합천군 봉산면 서부로 4270-8,,,,pending,,https://boat.kcg.go.kr/home/custCnter/ntcInfo/infoView4.do,2026-06-19,,
gyeongbuk-andong-pc-written-test,경북(안동),written-test,경북,안동시,경상북도 안동시 석주로 514,,,,pending,,https://boat.kcg.go.kr/home/custCnter/ntcInfo/infoView4.do,2026-06-19,,
gyeongbuk-andong-special-written-test,경북(안동),written-test,경북,안동시,경상북도 안동시 석주로 514,,,,pending,,https://boat.kcg.go.kr/home/custCnter/ntcInfo/infoView4.do,2026-06-19,,
gyeongbuk-uljin-pc-written-test,경북(울진),written-test,경북,울진군,"경상북도 울진군 후포면 후포로 72, 3층",,,,pending,,https://boat.kcg.go.kr/home/custCnter/ntcInfo/infoView4.do,2026-06-19,,
gyeongbuk-pohang-pc-written-test,경북(포항)PC,written-test,경북,포항시,경상북도 포항시 북구 소티재로 151번길 21 포항해양경찰서,,,,pending,,https://boat.kcg.go.kr/home/custCnter/ntcInfo/infoView4.do,2026-06-19,,
busan-yeongdo-pc-written-test,부산(영도)PC,written-test,부산,영도구,"부산광역시 영도구 해양로 53, 부산해양경찰서 청학출장소",,,,pending,,https://boat.kcg.go.kr/home/custCnter/ntcInfo/infoView4.do,2026-06-19,,
busan-haeundae-pc-written-test,부산(해운대)PC,written-test,부산,해운대구,"부산광역시 해운대구 마린시티1로 178, 부산해양경찰서 동백출장소",,,,pending,,https://boat.kcg.go.kr/home/custCnter/ntcInfo/infoView4.do,2026-06-19,,
seoul-yeongdeungpo-pc-written-test,서울(영등포)PC,written-test,서울,영등포구,서울특별시 영등포구 여의서로 120,,,,pending,,https://boat.kcg.go.kr/home/custCnter/ntcInfo/infoView4.do,2026-06-19,,
ulsan-namgu-pc-written-test,울산(남구)PC,written-test,울산,남구,울산광역시 남구 신선로 20(선암동 717) 울산해양경찰서,,,,pending,,https://boat.kcg.go.kr/home/custCnter/ntcInfo/infoView4.do,2026-06-19,,
incheon-cheongna-pc-written-test,인천(청라)PC,written-test,인천,서구,인천광역시 서구 청라루비로 96 인천해양경찰서,,,,pending,,https://boat.kcg.go.kr/home/custCnter/ntcInfo/infoView4.do,2026-06-19,,
jeonnam-goheung-pc-written-test,전남(고흥)PC,written-test,전남,고흥군,"전라남도 고흥군 풍양면 천마로 1418-17, 풍남출장소",,,,pending,,https://boat.kcg.go.kr/home/custCnter/ntcInfo/infoView4.do,2026-06-19,,
jeonnam-mokpo-pc-written-test,전남(목포)PC,written-test,전남,목포시,"전라남도 목포시 청호로 231, 목포해양경찰서",,,,pending,,https://boat.kcg.go.kr/home/custCnter/ntcInfo/infoView4.do,2026-06-19,,
jeonnam-yeosu-pc-written-test,전남(여수)PC,written-test,전남,여수시,전라남도 여수시 문수로 111 여수해양경찰서 민원동1층,,,,pending,,https://boat.kcg.go.kr/home/custCnter/ntcInfo/infoView4.do,2026-06-19,,
jeonnam-wando-pc-written-test,전남(완도)PC,written-test,전남,완도군,"전라남도 완도군 완도읍 중앙길 93, 1층 완도해양경찰서",,,,pending,,https://boat.kcg.go.kr/home/custCnter/ntcInfo/infoView4.do,2026-06-19,,
jeonbuk-gunsan-pc-written-test,전북(군산)PC,written-test,전북,군산시,전라북도 군산시 군산창길 21 군산해양경찰서,,,,pending,,https://boat.kcg.go.kr/home/custCnter/ntcInfo/infoView4.do,2026-06-19,,
jeonbuk-buan-pc-written-test,전북(부안)PC,written-test,전북,부안군,전라북도 부안군 행안면 부안로 2531 부안해양경찰서 교통레저계,,,,pending,,https://boat.kcg.go.kr/home/custCnter/ntcInfo/infoView4.do,2026-06-19,,
jeju-seogwipo-pc-written-test,제주(서귀포)PC,written-test,제주,서귀포시,제주특별자치도 서귀포시 서호남로 11 서귀포해양경찰서,,,,pending,,https://boat.kcg.go.kr/home/custCnter/ntcInfo/infoView4.do,2026-06-19,,
jeju-jeju-pc-written-test,제주(제주)PC,written-test,제주,제주시,제주특별자치도 제주시 임항로 154번지 제주해양경찰서,,,,pending,,https://boat.kcg.go.kr/home/custCnter/ntcInfo/infoView4.do,2026-06-19,,
chungnam-boryeong-pc-written-test,충남(보령)PC,written-test,충남,보령시,충청남도 보령시 성주산로 49 보령해양경찰서,,,,pending,,https://boat.kcg.go.kr/home/custCnter/ntcInfo/infoView4.do,2026-06-19,,
chungnam-taean-pc-written-test,충남(태안)PC,written-test,충남,태안군,충청남도 태안군 태안읍 동백로 92-13 태안해양경찰서,,,,pending,,https://boat.kcg.go.kr/home/custCnter/ntcInfo/infoView4.do,2026-06-19,,
chungbuk-chungju-special-written-test,충북(충주),written-test,충북,충주시,충청북도 충주시 동량면 미라실로 763,,,,pending,,https://boat.kcg.go.kr/home/custCnter/ntcInfo/infoView4.do,2026-06-19,,
gangwon-chuncheon-practical-test,강원(춘천),practical-test,강원,춘천시,강원도 춘천시 고산배터길 27-6,,,,pending,,https://boat.kcg.go.kr/home/custCnter/ntcInfo/infoView4.do,2026-06-19,,
gangwon-yacht-samcheok-practical-test,강원요트(삼척),practical-test,강원,삼척시,강원도 삼척시 근덕면 덕산해변길 104,,,,pending,,https://boat.kcg.go.kr/home/custCnter/ntcInfo/infoView4.do,2026-06-19,,
gyeonggi-gapyeong-practical-test,경기(가평),practical-test,경기,가평군,경기도 가평군 호반로 162,,,,pending,,https://boat.kcg.go.kr/home/custCnter/ntcInfo/infoView4.do,2026-06-19,,
gyeonggi-siheung-practical-test,경기(시흥),practical-test,경기,시흥시,경기도 시흥시 거북섬5길 16,,,,pending,,https://boat.kcg.go.kr/home/custCnter/ntcInfo/infoView4.do,2026-06-19,,
gyeonggi-yeoju-practical-test,경기(여주),practical-test,경기,여주시,경기도 여주시 강변북로 163,,,,pending,,https://boat.kcg.go.kr/home/custCnter/ntcInfo/infoView4.do,2026-06-19,,
gyeongnam-sacheon-practical-test,경남(사천),practical-test,경남,사천시,경상남도 사천시 해안관광로 339,,,,pending,,https://boat.kcg.go.kr/home/custCnter/ntcInfo/infoView4.do,2026-06-19,,
gyeongnam-changwon-practical-test,경남(창원),practical-test,경남,창원시,경상남도 창원시 마산합포구 진동면 광암회단지길 42,,,,pending,,https://boat.kcg.go.kr/home/custCnter/ntcInfo/infoView4.do,2026-06-19,,
gyeongnam-tongyeong-practical-test,경남(통영),practical-test,경남,통영시,경상남도 통영시 평인일주로 478,,,,pending,,https://boat.kcg.go.kr/home/custCnter/ntcInfo/infoView4.do,2026-06-19,,
gyeongnam-hapcheon-practical-test,경남(합천),practical-test,경남,합천군,경상남도 합천군 봉산면 서부로 4270-8,,,,pending,,https://boat.kcg.go.kr/home/custCnter/ntcInfo/infoView4.do,2026-06-19,,
gyeongnam-yacht-geoje-practical-test,경남요트(거제),practical-test,경남,거제시,경상남도 거제시 남부면 남부해안로 1035,,,,pending,,https://boat.kcg.go.kr/home/custCnter/ntcInfo/infoView4.do,2026-06-19,,
gyeongnam-yacht-tongyeong-practical-test,경남요트(통영),practical-test,경남,통영시,경상남도 통영시 도남로 269-28,,,,pending,,https://boat.kcg.go.kr/home/custCnter/ntcInfo/infoView4.do,2026-06-19,,
gyeongbuk-andong-practical-test,경북(안동),practical-test,경북,안동시,경상북도 안동시 석주로 514,,,,pending,,https://boat.kcg.go.kr/home/custCnter/ntcInfo/infoView4.do,2026-06-19,,
practical-test-44,경북(영덕) / 경북요트(영덕),practical-test,경북,영덕군,경상북도 영덕군 강구면 강영로 33,,,,pending,,https://boat.kcg.go.kr/home/custCnter/ntcInfo/infoView4.do,2026-06-19,,
gyeongbuk-pohang-practical-test,경북(포항),practical-test,경북,포항시,경상북도 포항시 남구 희망대로810,,,,pending,,https://boat.kcg.go.kr/home/custCnter/ntcInfo/infoView4.do,2026-06-19,,
busan-suyeong-practical-test,부산(수영),practical-test,부산,수영구,부산광역시 수영구 민락수변로 239번길 18,,,,pending,,https://boat.kcg.go.kr/home/custCnter/ntcInfo/infoView4.do,2026-06-19,,
busan-yacht-yeongdo-practical-test,부산요트(영도),practical-test,부산,영도구,부산광역시 영도구 태종로 727,,,,pending,,https://boat.kcg.go.kr/home/custCnter/ntcInfo/infoView4.do,2026-06-19,,
practical-test-48,서울(마포) / 서울요트(마포),practical-test,서울,마포구,서울특별시 마포구 마포나루길 256,,,,pending,,https://boat.kcg.go.kr/home/custCnter/ntcInfo/infoView4.do,2026-06-19,,
seoul-yanghwa-practical-test,서울(양화),practical-test,서울,영등포구,서울특별시 영등포구 당산동 100-2,,,,pending,,https://boat.kcg.go.kr/home/custCnter/ntcInfo/infoView4.do,2026-06-19,,
seoul-seocho-banpo-practical-test,서울서초(반포),practical-test,서울,서초구,서울특별시 서초구 올림픽대로 2085-18,,,,pending,,https://boat.kcg.go.kr/home/custCnter/ntcInfo/infoView4.do,2026-06-19,,
ulsan-namgu-practical-test,울산(남구),practical-test,울산,남구,울산광역시 남구 여천동 50-1번지,,,,pending,,https://boat.kcg.go.kr/home/custCnter/ntcInfo/infoView4.do,2026-06-19,,
jeonnam-naju-practical-test,전남(나주),practical-test,전남,나주시,전라남도 나주시 다도면 나주호로 558-314,,,,pending,,https://boat.kcg.go.kr/home/custCnter/ntcInfo/infoView4.do,2026-06-19,,
jeonnam-yeosu-practical-test,전남(여수),practical-test,전남,여수시,전라남도 여수시 화양면 화양로 1436-29,,,,pending,,https://boat.kcg.go.kr/home/custCnter/ntcInfo/infoView4.do,2026-06-19,,
jeonnam-yeongam-practical-test,전남(영암),practical-test,전남,영암군,전라남도 영암군 삼호읍 나불외도로 126-45,,,,pending,,https://boat.kcg.go.kr/home/custCnter/ntcInfo/infoView4.do,2026-06-19,,
jeonnam-yacht-mokpo-practical-test,전남요트(목포),practical-test,전남,목포시,"전남 목포시 해양대학로 91, 목포해양대학교 미래융복합관 D1 5층",,,,pending,,https://boat.kcg.go.kr/home/custCnter/ntcInfo/infoView4.do,2026-06-19,,
jeonbuk-gimje-practical-test,전북(김제),practical-test,전북,김제시,전라북도 김제시 만경읍 만경리 100,,,,pending,,https://boat.kcg.go.kr/home/custCnter/ntcInfo/infoView4.do,2026-06-19,,
jeju-iho-practical-test,제주(이호),practical-test,제주,제주시,제주특별자치도 서해안로 45-18,,,,pending,,https://boat.kcg.go.kr/home/custCnter/ntcInfo/infoView4.do,2026-06-19,,
jeju-yacht-dodu-practical-test,제주요트(도두),practical-test,제주,제주시,제주특별자치도 제주시 도두항서길 34,,,,pending,,https://boat.kcg.go.kr/home/custCnter/ntcInfo/infoView4.do,2026-06-19,,
chungnam-asan-practical-test,충남(아산),practical-test,충남,아산시,충청남도 아산시 신정호길 15-14,,,,pending,,https://boat.kcg.go.kr/home/custCnter/ntcInfo/infoView4.do,2026-06-19,,
chungnam-taean-practical-test,충남(태안),practical-test,충남,태안군,충청남도 태안군 남면 곰섬로 314,,,,pending,,https://boat.kcg.go.kr/home/custCnter/ntcInfo/infoView4.do,2026-06-19,,
chungbuk-chungju-practical-test,충북(충주),practical-test,충북,충주시,충청북도 충주시 동량면 미라실로 763,,,,pending,,https://boat.kcg.go.kr/home/custCnter/ntcInfo/infoView4.do,2026-06-19,,
gangwon-chuncheon-safety-education,강원(춘천),safety-education,강원,춘천시,강원도 춘천시 고산배터길 27-6,,,,pending,,https://boat.kcg.go.kr/home/wtrcSafeEdu/safeEduGdnc/infoView4.do,2026-06-19,,
gangwon-yacht-samcheok-safety-education,강원요트(삼척),safety-education,강원,삼척시,강원도 삼척시 근덕면 덕산해변길 104,,,,pending,,https://boat.kcg.go.kr/home/wtrcSafeEdu/safeEduGdnc/infoView4.do,2026-06-19,,
gyeonggi-gapyeong-safety-education,경기(가평),safety-education,경기,가평군,경기도 가평군 청평면 호반로 162,,,,pending,,https://boat.kcg.go.kr/home/wtrcSafeEdu/safeEduGdnc/infoView4.do,2026-06-19,,
gyeonggi-siheung-safety-education,경기(시흥),safety-education,경기,시흥시,경기도 시흥시 거북섬5길 16 거북섬프라자 201호,,,,pending,,https://boat.kcg.go.kr/home/wtrcSafeEdu/safeEduGdnc/infoView4.do,2026-06-19,,
gyeonggi-yeoju-safety-education,경기(여주),safety-education,경기,여주시,경기도 여주시 강변북로 163,,,,pending,,https://boat.kcg.go.kr/home/wtrcSafeEdu/safeEduGdnc/infoView4.do,2026-06-19,,
gyeongnam-masan-safety-education,경남(마산),safety-education,경남,창원시,경상남도 창원시 마산합포구 진동면 광암회단지길 42,,,,pending,,https://boat.kcg.go.kr/home/wtrcSafeEdu/safeEduGdnc/infoView4.do,2026-06-19,,
gyeongnam-sacheon-safety-education,경남(사천),safety-education,경남,사천시,경상남도 사천시 해안관광로 339,,,,pending,,https://boat.kcg.go.kr/home/wtrcSafeEdu/safeEduGdnc/infoView4.do,2026-06-19,,
gyeongnam-changwon-safety-education,경남(창원),safety-education,경남,창원시,경남 창원시 진해구 천자로 160,,,,pending,,https://boat.kcg.go.kr/home/wtrcSafeEdu/safeEduGdnc/infoView4.do,2026-06-19,,
gyeongnam-tongyeong-safety-education,경남(통영),safety-education,경남,통영시,경상남도 통영시 평인일주로 478,,,,pending,,https://boat.kcg.go.kr/home/wtrcSafeEdu/safeEduGdnc/infoView4.do,2026-06-19,,
gyeongnam-hapcheon-safety-education,경남(합천),safety-education,경남,합천군,경상남도 합천군 봉산면 서부로 4270-8,,,,pending,,https://boat.kcg.go.kr/home/wtrcSafeEdu/safeEduGdnc/infoView4.do,2026-06-19,,
gyeongnam-yacht-geoje-safety-education,경남요트(거제),safety-education,경남,거제시,경상남도 거제시 남부면 남부해안로 1035,,,,pending,,https://boat.kcg.go.kr/home/wtrcSafeEdu/safeEduGdnc/infoView4.do,2026-06-19,,
gyeongnam-yacht-tongyeong-safety-education,경남요트(통영),safety-education,경남,통영시,경상남도 통영시 도남로 269-28,,,,pending,,https://boat.kcg.go.kr/home/wtrcSafeEdu/safeEduGdnc/infoView4.do,2026-06-19,,
gyeongbuk-andong-safety-education,경북(안동),safety-education,경북,안동시,경상북도 안동시 석주로 514,,,,pending,,https://boat.kcg.go.kr/home/wtrcSafeEdu/safeEduGdnc/infoView4.do,2026-06-19,,
safety-education-75,경북(영덕) / 경북요트(영덕),safety-education,경북,영덕군,경상북도 영덕군 강구면 강영로 33,,,,pending,,https://boat.kcg.go.kr/home/wtrcSafeEdu/safeEduGdnc/infoView4.do,2026-06-19,,
gyeongbuk-pohang-safety-education,경북(포항),safety-education,경북,포항시,경상북도 포항시 남구 희망대로 810,,,,pending,,https://boat.kcg.go.kr/home/wtrcSafeEdu/safeEduGdnc/infoView4.do,2026-06-19,,
busan-suyeong-safety-education,부산(수영),safety-education,부산,수영구,부산광역시 수영구 민락수변로 239번길 18,,,,pending,,https://boat.kcg.go.kr/home/wtrcSafeEdu/safeEduGdnc/infoView4.do,2026-06-19,,
busan-yacht-yeongdo-safety-education,부산요트(영도),safety-education,부산,영도구,부산광역시 영도구 태종로 727,,,,pending,,https://boat.kcg.go.kr/home/wtrcSafeEdu/safeEduGdnc/infoView4.do,2026-06-19,,
safety-education-79,서울(마포) / 서울요트(마포),safety-education,서울,마포구,서울특별시 마포구 마포나루길 256,,,,pending,,https://boat.kcg.go.kr/home/wtrcSafeEdu/safeEduGdnc/infoView4.do,2026-06-19,,
seoul-yanghwa-safety-education,서울(양화),safety-education,서울,영등포구,서울특별시 영등포구 당산동 100-2,,,,pending,,https://boat.kcg.go.kr/home/wtrcSafeEdu/safeEduGdnc/infoView4.do,2026-06-19,,
seoul-seocho-banpo-safety-education,서울서초(반포),safety-education,서울,서초구,서울특별시 서초구 올림픽대로 2085-18,,,,pending,,https://boat.kcg.go.kr/home/wtrcSafeEdu/safeEduGdnc/infoView4.do,2026-06-19,,
ulsan-namgu-safety-education,울산(남구),safety-education,울산,남구,울산광역시 남구 여천동 187-24,,,,pending,,https://boat.kcg.go.kr/home/wtrcSafeEdu/safeEduGdnc/infoView4.do,2026-06-19,,
jeonnam-naju-safety-education,전남(나주),safety-education,전남,나주시,전라남도 나주시 다도면 나주호로 558-314,,,,pending,,https://boat.kcg.go.kr/home/wtrcSafeEdu/safeEduGdnc/infoView4.do,2026-06-19,,
jeonnam-yeosu-safety-education,전남(여수),safety-education,전남,여수시,전라남도 여수시 화양면 화양로 1436-29,,,,pending,,https://boat.kcg.go.kr/home/wtrcSafeEdu/safeEduGdnc/infoView4.do,2026-06-19,,
jeonnam-yeongam-safety-education,전남(영암),safety-education,전남,영암군,전라남도 영암군 삼호읍 나불외도로 126-45,,,,pending,,https://boat.kcg.go.kr/home/wtrcSafeEdu/safeEduGdnc/infoView4.do,2026-06-19,,
jeonnam-yacht-mokpo-safety-education,전남요트(목포),safety-education,전남,목포시,"전남 목포시 해양대학로 91, 목포해양대학교 미래융복합관 D1 5층",,,,pending,,https://boat.kcg.go.kr/home/wtrcSafeEdu/safeEduGdnc/infoView4.do,2026-06-19,,
jeonbuk-gimje-safety-education,전북(김제),safety-education,전북,김제시,전라북도 김제시 만경읍 만경리 750,,,,pending,,https://boat.kcg.go.kr/home/wtrcSafeEdu/safeEduGdnc/infoView4.do,2026-06-19,,
jeju-iho-safety-education,제주(이호),safety-education,제주,제주시,제주특별자치도 서해안로 45-18,,,,pending,,https://boat.kcg.go.kr/home/wtrcSafeEdu/safeEduGdnc/infoView4.do,2026-06-19,,
jeju-yacht-dodu-safety-education,제주요트(도두),safety-education,제주,제주시,제주특별자치도 제주시 도두항서길 34,,,,pending,,https://boat.kcg.go.kr/home/wtrcSafeEdu/safeEduGdnc/infoView4.do,2026-06-19,,
chungnam-asan-safety-education,충남(아산),safety-education,충남,아산시,충청남도 아산시 신정호길 15-14,,,,pending,,https://boat.kcg.go.kr/home/wtrcSafeEdu/safeEduGdnc/infoView4.do,2026-06-19,,
chungnam-taean-safety-education,충남(태안),safety-education,충남,태안군,충청남도 태안군 남면 곰섬로 314,,,,pending,,https://boat.kcg.go.kr/home/wtrcSafeEdu/safeEduGdnc/infoView4.do,2026-06-19,,
chungbuk-chungju-safety-education,충북(충주),safety-education,충북,충주시,충청북도 충주시 동량면 미라실로 763,,,,pending,,https://boat.kcg.go.kr/home/wtrcSafeEdu/safeEduGdnc/infoView4.do,2026-06-19,,
gangwon-samcheok-exemption-education,강원(삼척),exemption-education,강원,삼척시,강원도 삼척시 근덕면 덕산해변길 104,,,,pending,,https://boat.kcg.go.kr/home/custCnter/ntcInfo/infoView4.do,2026-06-19,,
exemption-education-94,경기(시흥) / 경기요트(시흥),exemption-education,경기,시흥시,경기도 시흥시 거북섬5길 16,,,,pending,,https://boat.kcg.go.kr/home/custCnter/ntcInfo/infoView4.do,2026-06-19,,
exemption-education-95,경기(안산) / 경기요트(안산),exemption-education,경기,안산시,경기도 안산시 단원구 선감동 대부황금로 7,,,,pending,,https://boat.kcg.go.kr/home/custCnter/ntcInfo/infoView4.do,2026-06-19,,
gyeonggi-yacht-gimpo-exemption-education,경기요트(김포),exemption-education,경기,김포시,경기도 김포시 고촌읍 아라육로 270번길 73,,,,pending,,https://boat.kcg.go.kr/home/custCnter/ntcInfo/infoView4.do,2026-06-19,,
gyeonggi-yacht-hwaseong-exemption-education,경기요트(화성),exemption-education,경기,화성시,"경기도 화성시 서신면 전곡항로 14번길, 1-26",,,,pending,,https://boat.kcg.go.kr/home/custCnter/ntcInfo/infoView4.do,2026-06-19,,
exemption-education-98,경남(거제남부) / 경남요트(거제),exemption-education,경남,거제시,경상남도 거제시 남부면 남부해안로 1035,,,,pending,,https://boat.kcg.go.kr/home/custCnter/ntcInfo/infoView4.do,2026-06-19,,
gyeongnam-geoje-ilun-exemption-education,경남(거제일운),exemption-education,경남,거제시,경상남도 거제시 일운면 지세포해안로 43,,,,pending,,https://boat.kcg.go.kr/home/custCnter/ntcInfo/infoView4.do,2026-06-19,,
gyeongnam-goseong-exemption-education,경남(고성),exemption-education,경남,고성군,경상남도 고성군 회화면 당항길 154-23,,,,pending,,https://boat.kcg.go.kr/home/custCnter/ntcInfo/infoView4.do,2026-06-19,,
gyeongnam-masan-exemption-education,경남(마산),exemption-education,경남,창원시,경상남도 마산시 진동면 광암해안길 118,,,,pending,,https://boat.kcg.go.kr/home/custCnter/ntcInfo/infoView4.do,2026-06-19,,
gyeongnam-changwon-exemption-education,경남(창원),exemption-education,경남,창원시,"경상남도 창원시 진해구 천자로 160,",,,,pending,,https://boat.kcg.go.kr/home/custCnter/ntcInfo/infoView4.do,2026-06-19,,
gyeongnam-tongyeong-exemption-education,경남(통영),exemption-education,경남,통영시,경상남도 통영시 발개로 194,,,,pending,,https://boat.kcg.go.kr/home/custCnter/ntcInfo/infoView4.do,2026-06-19,,
gyeongnam-hapcheon-exemption-education,경남(합천),exemption-education,경남,합천군,경상남도 합천군 봉산면 서부로 4270-8,,,,pending,,https://boat.kcg.go.kr/home/custCnter/ntcInfo/infoView4.do,2026-06-19,,
gyeongnam-yacht-goseong-exemption-education,경남요트(고성),exemption-education,경남,고성군,경상남도 고성군 회화면 회진로 482,,,,pending,,https://boat.kcg.go.kr/home/custCnter/ntcInfo/infoView4.do,2026-06-19,,
gyeongnam-yacht-tongyeong-exemption-education,경남요트(통영),exemption-education,경남,통영시,경상남도 통영시 도남로 269-28,,,,pending,,https://boat.kcg.go.kr/home/custCnter/ntcInfo/infoView4.do,2026-06-19,,
gyeongbuk-gumi-exemption-education,경북(구미),exemption-education,경북,구미시,경상북도구미시남구미로103,,,,pending,,https://boat.kcg.go.kr/home/custCnter/ntcInfo/infoView4.do,2026-06-19,,
gyeongbuk-sangju-exemption-education,경북(상주),exemption-education,경북,상주시,경상북도 상주시 낙동면 낙동1길 108,,,,pending,,https://boat.kcg.go.kr/home/custCnter/ntcInfo/infoView4.do,2026-06-19,,
gyeongbuk-andong-exemption-education,경북(안동),exemption-education,경북,안동시,경상북도 안동시 석주로 514,,,,pending,,https://boat.kcg.go.kr/home/custCnter/ntcInfo/infoView4.do,2026-06-19,,
gyeongbuk-yeongdeok-exemption-education,경북(영덕),exemption-education,경북,영덕군,경상북도 영덕군 강구면 강영로 33,,,,pending,,https://boat.kcg.go.kr/home/custCnter/ntcInfo/infoView4.do,2026-06-19,,
gyeongbuk-yacht-uljin-exemption-education,경북요트(울진),exemption-education,경북,울진군,경상북도 울진군 후포면 울진대게로 98,,,,pending,,https://boat.kcg.go.kr/home/custCnter/ntcInfo/infoView4.do,2026-06-19,,
busan-gijang-exemption-education,부산(기장),exemption-education,부산,기장군,부산광역시 기장군 기장읍 시랑리 95번지,,,,pending,,https://boat.kcg.go.kr/home/custCnter/ntcInfo/infoView4.do,2026-06-19,,
exemption-education-113,부산(수영) / 부산요트(수영),exemption-education,부산,수영구,부산광역시 수영구 민락수변로 239번길 18,,,,pending,,https://boat.kcg.go.kr/home/custCnter/ntcInfo/infoView4.do,2026-06-19,,
exemption-education-114,부산(영도) / 부산요트(영도),exemption-education,부산,영도구,부산광역시 영도구 태종로 727,,,,pending,,https://boat.kcg.go.kr/home/custCnter/ntcInfo/infoView4.do,2026-06-19,,
seoul-mapo-exemption-education,서울(마포),exemption-education,서울,마포구,서울특별시 마포구 마포나루길 256,,,,pending,,https://boat.kcg.go.kr/home/custCnter/ntcInfo/infoView4.do,2026-06-19,,
exemption-education-116,서울서초(반포) / 서울요트(서초),exemption-education,서울,서초구,서울특별시 서초구 올림픽대로 2085-18,,,,pending,,https://boat.kcg.go.kr/home/custCnter/ntcInfo/infoView4.do,2026-06-19,,
ulsan-namgu-exemption-education,울산(남구),exemption-education,울산,남구,울산광역시 남구 여천동 부두로 288,,,,pending,,https://boat.kcg.go.kr/home/custCnter/ntcInfo/infoView4.do,2026-06-19,,
jeonnam-naju-exemption-education,전남(나주),exemption-education,전남,나주시,전라남도 나주시 다도면 나주호로 558-314,,,,pending,,https://boat.kcg.go.kr/home/custCnter/ntcInfo/infoView4.do,2026-06-19,,
jeonnam-mokpo-exemption-education,전남(목포),exemption-education,전남,목포시,"전남 목포시 해양대학로 91, 목포해양대학교 미래융복합관 D1 5층",,,,pending,,https://boat.kcg.go.kr/home/custCnter/ntcInfo/infoView4.do,2026-06-19,,
exemption-education-120,전남(여수) / 전남요트(여수),exemption-education,전남,여수시,"전라남도 여수시 웅천로 189, 웅천부영1차상가 202호",,,,pending,,https://boat.kcg.go.kr/home/custCnter/ntcInfo/infoView4.do,2026-06-19,,
jeonnam-yeongam-exemption-education,전남(영암),exemption-education,전남,영암군,전라남도 영암군 삼호읍 나불외도로 126-45,,,,pending,,https://boat.kcg.go.kr/home/custCnter/ntcInfo/infoView4.do,2026-06-19,,
jeonbuk-gimje-exemption-education,전북(김제),exemption-education,전북,김제시,전라북도 김제시 만경읍 만경로 750,,,,pending,,https://boat.kcg.go.kr/home/custCnter/ntcInfo/infoView4.do,2026-06-19,,
jeju-dodu-exemption-education,제주(도두),exemption-education,제주,제주시,제주특별자치도 제주시 도두항서길34,,,,pending,,https://boat.kcg.go.kr/home/custCnter/ntcInfo/infoView4.do,2026-06-19,,
jeju-iho-exemption-education,제주(이호),exemption-education,제주,제주시,제주특별자치도 서해안로 45-18,,,,pending,,https://boat.kcg.go.kr/home/custCnter/ntcInfo/infoView4.do,2026-06-19,,
exemption-education-125,충남(태안) / 충남요트(태안),exemption-education,충남,태안군,충청남도 태안군 남면 곰섬로 314,,,,pending,,https://boat.kcg.go.kr/home/custCnter/ntcInfo/infoView4.do,2026-06-19,,
chungbuk-jincheon-exemption-education,충북(진천),exemption-education,충북,진천군,충청북도 진천군 진천읍 건송리 58-1,,,,pending,,https://boat.kcg.go.kr/home/custCnter/ntcInfo/infoView4.do,2026-06-19,,
chungbuk-chungju-exemption-education,충북(충주),exemption-education,충북,충주시,충청북도 충주시 동량면 미라실로 763,,,,pending,,https://boat.kcg.go.kr/home/custCnter/ntcInfo/infoView4.do,2026-06-19,,
